evaluation_run_id,timestamp_utc,phase,block,repetition,order_index,parent_experiment,parent_execution_mode,composition_id,comparison_group,binding_mode,component_index,component_name,component_family,proving_system,witness_time_s,prove_time_s,verify_time_s,total_online_time_s,proof_size_bytes,public_size_bytes,verification_ok,binding_ok,status,error
20260728T123050Z_paper_groth16,2026-07-28T12:36:12.529734+00:00,measured,1,1,1,linked_separate_token_bundle_32_depth_16,separate,token_bundle_b32_d16,commitment_linked,tx_tag,1,linked_token_bundle_membership_32_depth_16,linked_token_bundle_component,groth16,0.0653736829999616,0.5344764399999349,0.3110902549999537,0.9109403779998502,806,342,True,True,ok,
20260728T123050Z_paper_groth16,2026-07-28T12:36:12.529734+00:00,measured,1,1,1,linked_separate_token_bundle_32_depth_16,separate,token_bundle_b32_d16,commitment_linked,tx_tag,2,linked_token_bundle_nullifier_32_depth_16,linked_token_bundle_component,groth16,0.06218066299993552,0.3728571650001413,0.28488357200012615,0.719921400000203,806,342,True,True,ok,
20260728T123050Z_paper_groth16,2026-07-28T12:36:12.529734+00:00,measured,1,1,1,linked_separate_token_bundle_32_depth_16,separate,token_bundle_b32_d16,commitment_linked,tx_tag,3,linked_token_bundle_validity_32_depth_16,linked_token_bundle_component,groth16,0.06129747399995722,0.36625083800004177,0.26395455600004425,0.6915028680000432,805,342,True,True,ok,
20260728T123050Z_paper_groth16,2026-07-28T12:36:12.529734+00:00,measured,1,1,1,linked_separate_token_bundle_32_depth_16,separate,token_bundle_b32_d16,commitment_linked,tx_tag,4,linked_token_bundle_budget_32_depth_16,linked_token_bundle_component,groth16,0.05811093800002709,0.3338715669999601,0.2659635600000456,0.6579460650000328,805,342,True,True,ok,
20260728T123050Z_paper_groth16,2026-07-28T12:36:14.949044+00:00,measured,1,1,2,separate_account_budget_32,separate,account_budget_b32,baseline,unbound,1,local_financial_validity_32,local_financial_validity,groth16,0.02582981499995185,0.29616380099992057,0.28970418499989137,0.6116978009997638,807,3,True,,ok,
20260728T123050Z_paper_groth16,2026-07-28T12:36:14.949044+00:00,measured,1,1,2,separate_account_budget_32,separate,account_budget_b32,baseline,unbound,2,state_transition_and_conservation_32,state_transition_and_conservation,groth16,0.02112632500006839,0.3160103390000586,0.26653435599996556,0.6036710200000925,805,3,True,,ok,
20260728T123050Z_paper_groth16,2026-07-28T12:36:14.949044+00:00,measured,1,1,2,separate_account_budget_32,separate,account_budget_b32,baseline,unbound,3,operating_limit_32,operating_limit,groth16,0.024296578000075897,0.3011463919999642,0.254516681000041,0.5799596510000811,803,16,True,,ok,
20260728T123050Z_paper_groth16,2026-07-28T12:36:14.949044+00:00,measured,1,1,2,separate_account_budget_32,separate,account_budget_b32,baseline,unbound,4,privacy_budget_32,privacy_budget,groth16,0.019595567999886043,0.3376150340000095,0.26464920200010056,0.6218598039999961,806,16,True,,ok,
20260728T123050Z_paper_groth16,2026-07-28T12:36:15.568950+00:00,measured,1,1,3,privacy_budget_64,monolithic,,,none,1,privacy_budget_64,privacy_budget,groth16,0.025141617999906885,0.30373553499998707,0.28999427700000524,0.6188714299998992,805,26,True,,ok,
20260728T123050Z_paper_groth16,2026-07-28T12:36:16.187640+00:00,measured,1,1,4,account_policy_core_32,monolithic,account_core_b32,baseline,shared_witness,1,account_policy_core_32,account_policy_core,groth16,0.02249953699993057,0.33212720599999557,0.26339106399996126,0.6180178069998874,804,16,True,,ok,
20260728T123050Z_paper_groth16,2026-07-28T12:36:18.539948+00:00,measured,1,1,5,separate_account_budget_64,separate,account_budget_b64,baseline,unbound,1,local_financial_validity_64,local_financial_validity,groth16,0.02132600100003401,0.29377173100010623,0.2709287759998915,0.5860265080000318,804,3,True,,ok,
20260728T123050Z_paper_groth16,2026-07-28T12:36:18.539948+00:00,measured,1,1,5,separate_account_budget_64,separate,account_budget_b64,baseline,unbound,2,state_transition_and_conservation_64,state_transition_and_conservation,groth16,0.02156113999990339,0.3224169609998171,0.2651307880000786,0.6091088889997991,805,3,True,,ok,
20260728T123050Z_paper_groth16,2026-07-28T12:36:18.539948+00:00,measured,1,1,5,separate_account_budget_64,separate,account_budget_b64,baseline,unbound,3,operating_limit_64,operating_limit,groth16,0.02033720400004313,0.3088074609997875,0.2516288839999561,0.5807735489997867,808,26,True,,ok,
20260728T123050Z_paper_groth16,2026-07-28T12:36:18.539948+00:00,measured,1,1,5,separate_account_budget_64,separate,account_budget_b64,baseline,unbound,4,privacy_budget_64,privacy_budget,groth16,0.020863379000047644,0.2927928050000901,0.26034671100001106,0.5740028950001488,801,26,True,,ok,
20260728T123050Z_paper_groth16,2026-07-28T12:36:19.602315+00:00,measured,1,1,6,token_policy_bundle_32_depth_32,monolithic,token_bundle_b32_d32,baseline,shared_witness,1,token_policy_bundle_32_depth_32,token_policy_bundle,groth16,0.050364214999945034,0.7506367969999701,0.260641509999914,1.0616425219998291,809,261,True,,ok,
20260728T123050Z_paper_groth16,2026-07-28T12:36:20.258504+00:00,measured,1,1,7,linked_account_budget_monolithic_32,monolithic,account_budget_b32,commitment_linked,tx_tag,1,linked_account_budget_monolithic_32,account_policy_with_privacy_budget,groth16,0.06300597999984348,0.3324010040000758,0.2599299699998028,0.655336953999722,803,111,True,True,ok,
20260728T123050Z_paper_groth16,2026-07-28T12:36:20.833953+00:00,measured,1,1,8,state_transition_and_conservation_16,monolithic,,,none,1,state_transition_and_conservation_16,state_transition_and_conservation,groth16,0.019011876999911692,0.2896100870000282,0.26625787700004366,0.5748798409999836,806,3,True,,ok,
20260728T123050Z_paper_groth16,2026-07-28T12:36:21.450069+00:00,measured,1,1,9,operating_limit_64,monolithic,,,none,1,operating_limit_64,operating_limit,groth16,0.021011959999896135,0.3099272770000425,0.2845587270001033,0.615497964000042,804,26,True,,ok,
20260728T123050Z_paper_groth16,2026-07-28T12:36:23.987950+00:00,measured,1,1,10,separate_token_bundle_32_depth_8,separate,token_bundle_b32_d8,baseline,unbound,1,merkle_membership_depth_8,merkle_membership,groth16,0.042227658999991036,0.4212862120000409,0.2763544859999456,0.7398683569999776,804,84,True,,ok,
20260728T123050Z_paper_groth16,2026-07-28T12:36:23.987950+00:00,measured,1,1,10,separate_token_bundle_32_depth_8,separate,token_bundle_b32_d8,baseline,unbound,2,nullifier_correctness_poseidon,nullifier_correctness,groth16,0.0339259120000861,0.34903885200014884,0.2823748499999965,0.6653396140002314,803,164,True,,ok,
20260728T123050Z_paper_groth16,2026-07-28T12:36:23.987950+00:00,measured,1,1,10,separate_token_bundle_32_depth_8,separate,token_bundle_b32_d8,baseline,unbound,3,local_financial_validity_32,local_financial_validity,groth16,0.019089136999809853,0.2907486980000158,0.25038448300006166,0.5602223179998873,806,3,True,,ok,
20260728T123050Z_paper_groth16,2026-07-28T12:36:23.987950+00:00,measured,1,1,10,separate_token_bundle_32_depth_8,separate,token_bundle_b32_d8,baseline,unbound,4,privacy_budget_32,privacy_budget,groth16,0.019304292000015266,0.29410393400007706,0.2563741020001089,0.5697823280002012,807,16,True,,ok,
20260728T123050Z_paper_groth16,2026-07-28T12:36:24.601265+00:00,measured,1,1,11,account_policy_with_privacy_budget_16,monolithic,account_budget_b16,baseline,shared_witness,1,account_policy_with_privacy_budget_16,account_policy_with_privacy_budget,groth16,0.02072417499994117,0.3068209680000109,0.28509933300006196,0.612644476000014,804,21,True,,ok,
20260728T123050Z_paper_groth16,2026-07-28T12:36:25.225245+00:00,measured,1,1,12,local_validity_and_operating_limit_32,monolithic,valid_limit_b32,baseline,shared_witness,1,local_validity_and_operating_limit_32,local_validity_and_operating_limit,groth16,0.022202527999979793,0.3300330160000158,0.2711062399998809,0.6233417839998765,807,16,True,,ok,
20260728T123050Z_paper_groth16,2026-07-28T12:36:27.938996+00:00,measured,1,1,13,linked_separate_account_budget_32,separate,account_budget_b32,commitment_linked,tx_tag,1,linked_account_budget_validity_32,linked_account_budget_component,groth16,0.06131424000000152,0.3357833089999076,0.2917165500000465,0.6888140989999556,805,111,True,True,ok,
20260728T123050Z_paper_groth16,2026-07-28T12:36:27.938996+00:00,measured,1,1,13,linked_separate_account_budget_32,separate,account_budget_b32,commitment_linked,tx_tag,2,linked_account_budget_transition_32,linked_account_budget_component,groth16,0.05892330699998638,0.35102379299996755,0.2720763639999859,0.6820234639999398,806,111,True,True,ok,
20260728T123050Z_paper_groth16,2026-07-28T12:36:27.938996+00:00,measured,1,1,13,linked_separate_account_budget_32,separate,account_budget_b32,commitment_linked,tx_tag,3,linked_account_budget_limit_32,linked_account_budget_component,groth16,0.059590857000102915,0.356347372999835,0.2581205039998622,0.6740587339998001,801,111,True,True,ok,
20260728T123050Z_paper_groth16,2026-07-28T12:36:27.938996+00:00,measured,1,1,13,linked_separate_account_budget_32,separate,account_budget_b32,commitment_linked,tx_tag,4,linked_account_budget_budget_32,linked_account_budget_component,groth16,0.05843744100002368,0.3321449259999554,0.2667234919999828,0.6573058589999619,807,111,True,True,ok,
20260728T123050Z_paper_groth16,2026-07-28T12:36:28.550172+00:00,measured,1,1,14,local_validity_and_operating_limit_64,monolithic,valid_limit_b64,baseline,shared_witness,1,local_validity_and_operating_limit_64,local_validity_and_operating_limit,groth16,0.022742387000107556,0.3170788329998686,0.27066422999996576,0.6104854499999419,807,26,True,,ok,
20260728T123050Z_paper_groth16,2026-07-28T12:36:29.175722+00:00,measured,1,1,15,account_policy_with_privacy_budget_64,monolithic,account_budget_b64,baseline,shared_witness,1,account_policy_with_privacy_budget_64,account_policy_with_privacy_budget,groth16,0.025689646000046196,0.31725262400004794,0.28191187299989906,0.6248541429999932,802,50,True,,ok,
20260728T123050Z_paper_groth16,2026-07-28T12:36:29.893172+00:00,measured,1,1,16,linked_valid_limit_monolithic_32,monolithic,valid_limit_b32,commitment_linked,tx_tag,1,linked_valid_limit_monolithic_32,local_validity_and_operating_limit,groth16,0.04094381400000202,0.37753837400009616,0.29808382300006997,0.7165660110001681,806,98,True,True,ok,
20260728T123050Z_paper_groth16,2026-07-28T12:36:30.498979+00:00,measured,1,1,17,operating_limit_32,monolithic,,,none,1,operating_limit_32,operating_limit,groth16,0.022508561999984522,0.3045762389999709,0.2777457270001378,0.6048305280000932,803,16,True,,ok,
20260728T123050Z_paper_groth16,2026-07-28T12:36:31.765092+00:00,measured,1,1,18,separate_valid_limit_32,separate,valid_limit_b32,baseline,unbound,1,local_financial_validity_32,local_financial_validity,groth16,0.021304095999994388,0.3001549909999994,0.2783001119998971,0.5997591989998909,809,3,True,,ok,
20260728T123050Z_paper_groth16,2026-07-28T12:36:31.765092+00:00,measured,1,1,18,separate_valid_limit_32,separate,valid_limit_b32,baseline,unbound,2,operating_limit_32,operating_limit,groth16,0.02828614899999593,0.33789794199992684,0.29899310700011483,0.6651771980000376,803,16,True,,ok,
20260728T123050Z_paper_groth16,2026-07-28T12:36:32.562754+00:00,measured,1,1,19,merkle_membership_depth_8,monolithic,,,none,1,merkle_membership_depth_8,merkle_membership,groth16,0.03934531999993851,0.4629683109999405,0.2946716619999279,0.7969852929998069,803,84,True,,ok,
20260728T123050Z_paper_groth16,2026-07-28T12:36:33.264380+00:00,measured,1,1,20,nullifier_correctness_poseidon,monolithic,,,none,1,nullifier_correctness_poseidon,nullifier_correctness,groth16,0.03524651799989442,0.34729649499990956,0.3183220870000696,0.7008650999998736,807,164,True,,ok,
20260728T123050Z_paper_groth16,2026-07-28T12:36:33.884513+00:00,measured,1,1,21,account_policy_core_64,monolithic,account_core_b64,baseline,shared_witness,1,account_policy_core_64,account_policy_core,groth16,0.02316222900003595,0.31913622199999736,0.2772134189999633,0.6195118699999966,805,26,True,,ok,
20260728T123050Z_paper_groth16,2026-07-28T12:36:34.742147+00:00,measured,1,1,22,merkle_membership_depth_16,monolithic,,,none,1,merkle_membership_depth_16,merkle_membership,groth16,0.042325646999870514,0.5369678039999144,0.2776975079998465,0.8569909589996314,805,84,True,,ok,
20260728T123050Z_paper_groth16,2026-07-28T12:36:35.513485+00:00,measured,1,1,23,token_policy_bundle_32_depth_8,monolithic,token_bundle_b32_d8,baseline,shared_witness,1,token_policy_bundle_32_depth_8,token_policy_bundle,groth16,0.0477198999999473,0.4488375089999863,0.2739393609999752,0.7704967699999088,805,261,True,,ok,
20260728T123050Z_paper_groth16,2026-07-28T12:36:36.081622+00:00,measured,1,1,24,state_transition_and_conservation_32,monolithic,,,none,1,state_transition_and_conservation_32,state_transition_and_conservation,groth16,0.02079454599993369,0.29225184799997805,0.25448649700001624,0.567532890999928,806,3,True,,ok,
20260728T123050Z_paper_groth16,2026-07-28T12:36:36.632943+00:00,measured,1,1,25,local_financial_validity_64,monolithic,,,none,1,local_financial_validity_64,local_financial_validity,groth16,0.022285757999952693,0.27760852300002625,0.2508165059998646,0.5507107869998435,807,3,True,,ok,
20260728T123050Z_paper_groth16,2026-07-28T12:36:37.215011+00:00,measured,1,1,26,privacy_budget_32,monolithic,,,none,1,privacy_budget_32,privacy_budget,groth16,0.022369176999973206,0.30332815699989624,0.25556176400004915,0.5812590979999186,804,16,True,,ok,
20260728T123050Z_paper_groth16,2026-07-28T12:36:39.000952+00:00,measured,1,1,27,separate_account_core_64,separate,account_core_b64,baseline,unbound,1,local_financial_validity_64,local_financial_validity,groth16,0.022112445999937336,0.28797936000000846,0.24780517399995006,0.5578969799998958,802,3,True,,ok,
20260728T123050Z_paper_groth16,2026-07-28T12:36:39.000952+00:00,measured,1,1,27,separate_account_core_64,separate,account_core_b64,baseline,unbound,2,state_transition_and_conservation_64,state_transition_and_conservation,groth16,0.021192668000139747,0.3136700360000759,0.2876947459999428,0.6225574500001585,805,3,True,,ok,
20260728T123050Z_paper_groth16,2026-07-28T12:36:39.000952+00:00,measured,1,1,27,separate_account_core_64,separate,account_core_b64,baseline,unbound,3,operating_limit_64,operating_limit,groth16,0.021849425000027622,0.31620681599997624,0.2644559930001833,0.6025122340001872,806,26,True,,ok,
20260728T123050Z_paper_groth16,2026-07-28T12:36:39.564612+00:00,measured,1,1,28,privacy_budget_16,monolithic,,,none,1,privacy_budget_16,privacy_budget,groth16,0.019717189999937546,0.29704586399998334,0.24626479099993048,0.5630278449998514,804,11,True,,ok,
20260728T123050Z_paper_groth16,2026-07-28T12:36:40.486247+00:00,measured,1,1,29,linked_token_bundle_monolithic_32_depth_16,monolithic,token_bundle_b32_d16,commitment_linked,tx_tag,1,linked_token_bundle_monolithic_32_depth_16,token_policy_bundle,groth16,0.062379840999938097,0.5883710109999356,0.26867758200000935,0.919428433999883,806,342,True,True,ok,
20260728T123050Z_paper_groth16,2026-07-28T12:36:41.105783+00:00,measured,1,1,30,account_policy_with_privacy_budget_32,monolithic,account_budget_b32,baseline,shared_witness,1,account_policy_with_privacy_budget_32,account_policy_with_privacy_budget,groth16,0.02304328200011696,0.33180366999999933,0.2640985420000561,0.6189454940001724,805,30,True,,ok,
20260728T123050Z_paper_groth16,2026-07-28T12:36:41.689605+00:00,measured,1,1,31,local_financial_validity_32,monolithic,,,none,1,local_financial_validity_32,local_financial_validity,groth16,0.02373949600018932,0.2930840479998551,0.26639200599993273,0.5832155499999772,805,3,True,,ok,
20260728T123050Z_paper_groth16,2026-07-28T12:36:42.267244+00:00,measured,1,1,32,operating_limit_16,monolithic,,,none,1,operating_limit_16,operating_limit,groth16,0.02208985000015673,0.2836187370000971,0.2712421290000293,0.5769507160002831,807,12,True,,ok,
20260728T123050Z_paper_groth16,2026-07-28T12:36:42.861284+00:00,measured,1,1,33,local_financial_validity_16,monolithic,,,none,1,local_financial_validity_16,local_financial_validity,groth16,0.023149059999923338,0.3064463709999927,0.26370192300009876,0.5932973540000148,801,3,True,,ok,
20260728T123050Z_paper_groth16,2026-07-28T12:36:43.906254+00:00,measured,1,1,34,merkle_membership_depth_32,monolithic,,,none,1,merkle_membership_depth_32,merkle_membership,groth16,0.04542518299990661,0.7052004449999458,0.29363165800009483,1.0442572859999473,805,84,True,,ok,
20260728T123050Z_paper_groth16,2026-07-28T12:36:46.710061+00:00,measured,1,1,35,separate_token_bundle_32_depth_32,separate,token_bundle_b32_d32,baseline,unbound,1,merkle_membership_depth_32,merkle_membership,groth16,0.04414420400007657,0.7129351900000529,0.2807045439999456,1.037783938000075,806,84,True,,ok,
20260728T123050Z_paper_groth16,2026-07-28T12:36:46.710061+00:00,measured,1,1,35,separate_token_bundle_32_depth_32,separate,token_bundle_b32_d32,baseline,unbound,2,nullifier_correctness_poseidon,nullifier_correctness,groth16,0.037438781999981074,0.33546557399995436,0.26138087900017126,0.6342852350001067,805,164,True,,ok,
20260728T123050Z_paper_groth16,2026-07-28T12:36:46.710061+00:00,measured,1,1,35,separate_token_bundle_32_depth_32,separate,token_bundle_b32_d32,baseline,unbound,3,local_financial_validity_32,local_financial_validity,groth16,0.02023342600000433,0.27934095399996295,0.26470553200010727,0.5642799120000745,806,3,True,,ok,
20260728T123050Z_paper_groth16,2026-07-28T12:36:46.710061+00:00,measured,1,1,35,separate_token_bundle_32_depth_32,separate,token_bundle_b32_d32,baseline,unbound,4,privacy_budget_32,privacy_budget,groth16,0.01942655100015145,0.2952014869999857,0.2506045700001778,0.5652326080003149,806,16,True,,ok,
20260728T123050Z_paper_groth16,2026-07-28T12:36:47.295252+00:00,measured,1,1,36,local_validity_and_operating_limit_16,monolithic,valid_limit_b16,baseline,shared_witness,1,local_validity_and_operating_limit_16,local_validity_and_operating_limit,groth16,0.021572682000169152,0.31124220300011984,0.2517475130000548,0.5845623980003438,806,12,True,,ok,
20260728T123050Z_paper_groth16,2026-07-28T12:36:48.196239+00:00,measured,1,1,37,token_policy_bundle_32_depth_16,monolithic,token_bundle_b32_d16,baseline,shared_witness,1,token_policy_bundle_32_depth_16,token_policy_bundle,groth16,0.047519491000002745,0.5524037669999871,0.3004160640000464,0.9003393220000362,804,260,True,,ok,
20260728T123050Z_paper_groth16,2026-07-28T12:36:48.803361+00:00,measured,1,1,38,account_policy_core_16,monolithic,account_core_b16,baseline,shared_witness,1,account_policy_core_16,account_policy_core,groth16,0.024065690999805156,0.2936329270000897,0.2887532719998944,0.6064518899997893,804,12,True,,ok,
20260728T123050Z_paper_groth16,2026-07-28T12:36:50.002727+00:00,measured,1,1,39,separate_valid_limit_64,separate,valid_limit_b64,baseline,unbound,1,local_financial_validity_64,local_financial_validity,groth16,0.027339088999951855,0.29384498500007794,0.25642648400003054,0.5776105580000603,806,3,True,,ok,
20260728T123050Z_paper_groth16,2026-07-28T12:36:50.002727+00:00,measured,1,1,39,separate_valid_limit_64,separate,valid_limit_b64,baseline,unbound,2,operating_limit_64,operating_limit,groth16,0.02085204100012561,0.33421046500006923,0.26519191100010175,0.6202544170002966,804,26,True,,ok,
20260728T123050Z_paper_groth16,2026-07-28T12:36:51.753881+00:00,measured,1,1,40,separate_account_core_16,separate,account_core_b16,baseline,unbound,1,local_financial_validity_16,local_financial_validity,groth16,0.019664687999920716,0.2922388780000347,0.2681592729998101,0.5800628389997655,803,3,True,,ok,
20260728T123050Z_paper_groth16,2026-07-28T12:36:51.753881+00:00,measured,1,1,40,separate_account_core_16,separate,account_core_b16,baseline,unbound,2,state_transition_and_conservation_16,state_transition_and_conservation,groth16,0.02169185299999299,0.30158032200006346,0.2806182990000252,0.6038904740000817,805,3,True,,ok,
20260728T123050Z_paper_groth16,2026-07-28T12:36:51.753881+00:00,measured,1,1,40,separate_account_core_16,separate,account_core_b16,baseline,unbound,3,operating_limit_16,operating_limit,groth16,0.019360327999947913,0.29055761200015695,0.25566291499990257,0.5655808550000074,806,12,True,,ok,
20260728T123050Z_paper_groth16,2026-07-28T12:36:54.355350+00:00,measured,1,1,41,separate_token_bundle_32_depth_16,separate,token_bundle_b32_d16,baseline,unbound,1,merkle_membership_depth_16,merkle_membership,groth16,0.04292916800000057,0.5340433880001001,0.2720584469998357,0.8490310029999364,807,84,True,,ok,
20260728T123050Z_paper_groth16,2026-07-28T12:36:54.355350+00:00,measured,1,1,41,separate_token_bundle_32_depth_16,separate,token_bundle_b32_d16,baseline,unbound,2,nullifier_correctness_poseidon,nullifier_correctness,groth16,0.035552898999867466,0.3418617920001452,0.260777638999798,0.6381923299998107,805,164,True,,ok,
20260728T123050Z_paper_groth16,2026-07-28T12:36:54.355350+00:00,measured,1,1,41,separate_token_bundle_32_depth_16,separate,token_bundle_b32_d16,baseline,unbound,3,local_financial_validity_32,local_financial_validity,groth16,0.020084373000145206,0.2718894629999795,0.2515400639999825,0.5435139000001072,806,3,True,,ok,
20260728T123050Z_paper_groth16,2026-07-28T12:36:54.355350+00:00,measured,1,1,41,separate_token_bundle_32_depth_16,separate,token_bundle_b32_d16,baseline,unbound,4,privacy_budget_32,privacy_budget,groth16,0.019996223000134705,0.28951037499996346,0.2590524539998569,0.568559051999955,805,16,True,,ok,
20260728T123050Z_paper_groth16,2026-07-28T12:36:54.939084+00:00,measured,1,1,42,state_transition_and_conservation_64,monolithic,,,none,1,state_transition_and_conservation_64,state_transition_and_conservation,groth16,0.022133643999950436,0.3047250150000309,0.2562229490001755,0.5830816080001568,807,3,True,,ok,
20260728T123050Z_paper_groth16,2026-07-28T12:36:56.298156+00:00,measured,1,1,43,linked_separate_valid_limit_32,separate,valid_limit_b32,commitment_linked,tx_tag,1,linked_valid_limit_validity_32,linked_valid_limit_component,groth16,0.04032028100004936,0.3319820389999677,0.2635844649998944,0.6358867849999115,800,98,True,True,ok,
20260728T123050Z_paper_groth16,2026-07-28T12:36:56.298156+00:00,measured,1,1,43,linked_separate_valid_limit_32,separate,valid_limit_b32,commitment_linked,tx_tag,2,linked_valid_limit_limit_32,linked_valid_limit_component,groth16,0.04075704100000621,0.38371918999996524,0.2970752400001402,0.7215514710001116,804,98,True,True,ok,
20260728T123050Z_paper_groth16,2026-07-28T12:36:58.033380+00:00,measured,1,1,44,separate_account_core_32,separate,account_core_b32,baseline,unbound,1,local_financial_validity_32,local_financial_validity,groth16,0.02000885699999344,0.2807041300000037,0.25668737099999817,0.5574003579999953,805,3,True,,ok,
20260728T123050Z_paper_groth16,2026-07-28T12:36:58.033380+00:00,measured,1,1,44,separate_account_core_32,separate,account_core_b32,baseline,unbound,2,state_transition_and_conservation_32,state_transition_and_conservation,groth16,0.023173808999899848,0.30489290600007735,0.27307238399998823,0.6011390989999654,805,3,True,,ok,
20260728T123050Z_paper_groth16,2026-07-28T12:36:58.033380+00:00,measured,1,1,44,separate_account_core_32,separate,account_core_b32,baseline,unbound,3,operating_limit_32,operating_limit,groth16,0.021021327999960704,0.31363457499992364,0.24036459400008425,0.5750204969999686,802,16,True,,ok,
20260728T123050Z_paper_groth16,2026-07-28T12:37:00.426193+00:00,measured,1,1,45,separate_account_budget_16,separate,account_budget_b16,baseline,unbound,1,local_financial_validity_16,local_financial_validity,groth16,0.021079527999972925,0.3010704270000133,0.2580342979999841,0.5801842529999703,803,3,True,,ok,
20260728T123050Z_paper_groth16,2026-07-28T12:37:00.426193+00:00,measured,1,1,45,separate_account_budget_16,separate,account_budget_b16,baseline,unbound,2,state_transition_and_conservation_16,state_transition_and_conservation,groth16,0.022469101000069713,0.34925396700009514,0.2820526680000057,0.6537757360001706,806,3,True,,ok,
20260728T123050Z_paper_groth16,2026-07-28T12:37:00.426193+00:00,measured,1,1,45,separate_account_budget_16,separate,account_budget_b16,baseline,unbound,3,operating_limit_16,operating_limit,groth16,0.021281383000086862,0.30560951500001465,0.26933031099997606,0.5962212090000776,808,12,True,,ok,
20260728T123050Z_paper_groth16,2026-07-28T12:37:00.426193+00:00,measured,1,1,45,separate_account_budget_16,separate,account_budget_b16,baseline,unbound,4,privacy_budget_16,privacy_budget,groth16,0.017761362000101144,0.29119472500019583,0.2515200450000066,0.5604761320003036,805,11,True,,ok,
20260728T123050Z_paper_groth16,2026-07-28T12:37:01.615603+00:00,measured,1,1,46,separate_valid_limit_16,separate,valid_limit_b16,baseline,unbound,1,local_financial_validity_16,local_financial_validity,groth16,0.022439258000076734,0.2910636879998947,0.2526189650000106,0.566121910999982,807,3,True,,ok,
20260728T123050Z_paper_groth16,2026-07-28T12:37:01.615603+00:00,measured,1,1,46,separate_valid_limit_16,separate,valid_limit_b16,baseline,unbound,2,operating_limit_16,operating_limit,groth16,0.023314406000054078,0.322312767999847,0.27639516799990815,0.6220223419998092,807,12,True,,ok,
20260728T123050Z_paper_groth16,2026-07-28T12:37:02.784505+00:00,measured,1,2,1,separate_valid_limit_16,separate,valid_limit_b16,baseline,unbound,1,local_financial_validity_16,local_financial_validity,groth16,0.022374272999968525,0.2915890939998462,0.25428203600017696,0.5682454029999917,808,3,True,,ok,
20260728T123050Z_paper_groth16,2026-07-28T12:37:02.784505+00:00,measured,1,2,1,separate_valid_limit_16,separate,valid_limit_b16,baseline,unbound,2,operating_limit_16,operating_limit,groth16,0.022866660999852684,0.3072345909999967,0.269428507999919,0.5995297599997684,806,12,True,,ok,
20260728T123050Z_paper_groth16,2026-07-28T12:37:03.715319+00:00,measured,1,2,2,linked_token_bundle_monolithic_32_depth_16,monolithic,token_bundle_b32_d16,commitment_linked,tx_tag,1,linked_token_bundle_monolithic_32_depth_16,token_policy_bundle,groth16,0.06586174699987168,0.5716223899999022,0.29049721399996997,0.9279813509997439,805,342,True,True,ok,
20260728T123050Z_paper_groth16,2026-07-28T12:37:04.408656+00:00,measured,1,2,3,linked_account_budget_monolithic_32,monolithic,account_budget_b32,commitment_linked,tx_tag,1,linked_account_budget_monolithic_32,account_policy_with_privacy_budget,groth16,0.06610919899981127,0.3534983669999292,0.27280004099998223,0.6924076069997227,803,111,True,True,ok,
20260728T123050Z_paper_groth16,2026-07-28T12:37:06.163690+00:00,measured,1,2,4,separate_account_core_16,separate,account_core_b16,baseline,unbound,1,local_financial_validity_16,local_financial_validity,groth16,0.022006592000025194,0.27316786299979867,0.2671129010000186,0.5622873559998425,805,3,True,,ok,
20260728T123050Z_paper_groth16,2026-07-28T12:37:06.163690+00:00,measured,1,2,4,separate_account_core_16,separate,account_core_b16,baseline,unbound,2,state_transition_and_conservation_16,state_transition_and_conservation,groth16,0.0270748560001266,0.3246625040001163,0.263348169999972,0.6150855300002149,806,3,True,,ok,
20260728T123050Z_paper_groth16,2026-07-28T12:37:06.163690+00:00,measured,1,2,4,separate_account_core_16,separate,account_core_b16,baseline,unbound,3,operating_limit_16,operating_limit,groth16,0.021418986000071527,0.2992653660000997,0.2545953129999816,0.5752796650001528,807,12,True,,ok,
20260728T123050Z_paper_groth16,2026-07-28T12:37:06.747237+00:00,measured,1,2,5,privacy_budget_16,monolithic,,,none,1,privacy_budget_16,privacy_budget,groth16,0.0199260960000629,0.2995845450000161,0.26338226799998665,0.5828929090000656,804,11,True,,ok,
20260728T123050Z_paper_groth16,2026-07-28T12:37:09.083319+00:00,measured,1,2,6,separate_account_budget_64,separate,account_budget_b64,baseline,unbound,1,local_financial_validity_64,local_financial_validity,groth16,0.027679137999939485,0.29109812199999396,0.23952921499994773,0.5583064749998812,805,3,True,,ok,
20260728T123050Z_paper_groth16,2026-07-28T12:37:09.083319+00:00,measured,1,2,6,separate_account_budget_64,separate,account_budget_b64,baseline,unbound,2,state_transition_and_conservation_64,state_transition_and_conservation,groth16,0.020607949999885022,0.3293320230000063,0.2831247799999801,0.6330647529998714,805,3,True,,ok,
20260728T123050Z_paper_groth16,2026-07-28T12:37:09.083319+00:00,measured,1,2,6,separate_account_budget_64,separate,account_budget_b64,baseline,unbound,3,operating_limit_64,operating_limit,groth16,0.02118153599985817,0.29759106799997426,0.25248340000007374,0.5712560039999062,805,26,True,,ok,
20260728T123050Z_paper_groth16,2026-07-28T12:37:09.083319+00:00,measured,1,2,6,separate_account_budget_64,separate,account_budget_b64,baseline,unbound,4,privacy_budget_64,privacy_budget,groth16,0.02019296999992548,0.2899247099999229,0.2607246350000878,0.5708423149999362,805,26,True,,ok,
20260728T123050Z_paper_groth16,2026-07-28T12:37:10.178011+00:00,measured,1,2,7,token_policy_bundle_32_depth_32,monolithic,token_bundle_b32_d32,baseline,shared_witness,1,token_policy_bundle_32_depth_32,token_policy_bundle,groth16,0.052188980999972046,0.7258959450000475,0.3158686270000999,1.0939535530001194,805,261,True,,ok,
20260728T123050Z_paper_groth16,2026-07-28T12:37:10.838105+00:00,measured,1,2,8,account_policy_with_privacy_budget_64,monolithic,account_budget_b64,baseline,shared_witness,1,account_policy_with_privacy_budget_64,account_policy_with_privacy_budget,groth16,0.02236557800006267,0.3256451739998738,0.3114818379999633,0.6594925899998998,807,50,True,,ok,
20260728T123050Z_paper_groth16,2026-07-28T12:37:11.509855+00:00,measured,1,2,9,account_policy_with_privacy_budget_32,monolithic,account_budget_b32,baseline,shared_witness,1,account_policy_with_privacy_budget_32,account_policy_with_privacy_budget,groth16,0.025957232000109798,0.33103861800009327,0.31413365700018403,0.6711295070003871,802,30,True,,ok,
20260728T123050Z_paper_groth16,2026-07-28T12:37:12.733316+00:00,measured,1,2,10,separate_valid_limit_64,separate,valid_limit_b64,baseline,unbound,1,local_financial_validity_64,local_financial_validity,groth16,0.025090949999821532,0.2886611950000315,0.2642426909999358,0.5779948359997888,805,3,True,,ok,
20260728T123050Z_paper_groth16,2026-07-28T12:37:12.733316+00:00,measured,1,2,10,separate_valid_limit_64,separate,valid_limit_b64,baseline,unbound,2,operating_limit_64,operating_limit,groth16,0.023061589000008098,0.3192434500001582,0.3019468129998586,0.6442518520000249,804,26,True,,ok,
20260728T123050Z_paper_groth16,2026-07-28T12:37:13.315094+00:00,measured,1,2,11,privacy_budget_32,monolithic,,,none,1,privacy_budget_32,privacy_budget,groth16,0.021833025999967504,0.28801442300004965,0.2713043410001319,0.581151790000149,806,16,True,,ok,
20260728T123050Z_paper_groth16,2026-07-28T12:37:13.906117+00:00,measured,1,2,12,local_financial_validity_16,monolithic,,,none,1,local_financial_validity_16,local_financial_validity,groth16,0.02183987800003706,0.2982496069998888,0.27030722900008186,0.5903967140000077,807,3,True,,ok,
20260728T123050Z_paper_groth16,2026-07-28T12:37:14.471648+00:00,measured,1,2,13,state_transition_and_conservation_64,monolithic,,,none,1,state_transition_and_conservation_64,state_transition_and_conservation,groth16,0.021591971999896487,0.29191705299990645,0.2513662950000253,0.5648753199998282,807,3,True,,ok,
20260728T123050Z_paper_groth16,2026-07-28T12:37:15.707688+00:00,measured,1,2,14,separate_valid_limit_32,separate,valid_limit_b32,baseline,unbound,1,local_financial_validity_32,local_financial_validity,groth16,0.0260194780000802,0.31424970100010796,0.2748618890000216,0.6151310680002098,801,3,True,,ok,
20260728T123050Z_paper_groth16,2026-07-28T12:37:15.707688+00:00,measured,1,2,14,separate_valid_limit_32,separate,valid_limit_b32,baseline,unbound,2,operating_limit_32,operating_limit,groth16,0.02094693100002587,0.3264916739999535,0.27202362100001665,0.619462225999996,799,16,True,,ok,
20260728T123050Z_paper_groth16,2026-07-28T12:37:17.636524+00:00,measured,1,2,15,separate_account_core_64,separate,account_core_b64,baseline,unbound,1,local_financial_validity_64,local_financial_validity,groth16,0.02463049199991474,0.30331133700019564,0.28140506999989157,0.6093468990000019,806,3,True,,ok,
20260728T123050Z_paper_groth16,2026-07-28T12:37:17.636524+00:00,measured,1,2,15,separate_account_core_64,separate,account_core_b64,baseline,unbound,2,state_transition_and_conservation_64,state_transition_and_conservation,groth16,0.024968247000060728,0.43155087700006334,0.28390280300004633,0.7404219270001704,804,3,True,,ok,
20260728T123050Z_paper_groth16,2026-07-28T12:37:17.636524+00:00,measured,1,2,15,separate_account_core_64,separate,account_core_b64,baseline,unbound,3,operating_limit_64,operating_limit,groth16,0.019116195000151492,0.298824950999915,0.259321491000037,0.5772626370001035,805,26,True,,ok,
20260728T123050Z_paper_groth16,2026-07-28T12:37:18.299088+00:00,measured,1,2,16,linked_valid_limit_monolithic_32,monolithic,valid_limit_b32,commitment_linked,tx_tag,1,linked_valid_limit_monolithic_32,local_validity_and_operating_limit,groth16,0.041508223999926486,0.3547275159999117,0.26537336100000175,0.6616091009998399,807,98,True,True,ok,
20260728T123050Z_paper_groth16,2026-07-28T12:37:18.897931+00:00,measured,1,2,17,account_policy_core_16,monolithic,account_core_b16,baseline,shared_witness,1,account_policy_core_16,account_policy_core,groth16,0.02089870300005714,0.3004918879998968,0.2767911539999659,0.5981817449999198,808,12,True,,ok,
20260728T123050Z_paper_groth16,2026-07-28T12:37:19.478569+00:00,measured,1,2,18,local_validity_and_operating_limit_32,monolithic,valid_limit_b32,baseline,shared_witness,1,local_validity_and_operating_limit_32,local_validity_and_operating_limit,groth16,0.025234652999870377,0.28335434799987524,0.2714113869999437,0.5800003879996893,806,16,True,,ok,
20260728T123050Z_paper_groth16,2026-07-28T12:37:20.087885+00:00,measured,1,2,19,account_policy_with_privacy_budget_16,monolithic,account_budget_b16,baseline,shared_witness,1,account_policy_with_privacy_budget_16,account_policy_with_privacy_budget,groth16,0.022592765000126747,0.3121993659999589,0.2738925530002234,0.6086846840003091,805,21,True,,ok,
20260728T123050Z_paper_groth16,2026-07-28T12:37:21.117879+00:00,measured,1,2,20,merkle_membership_depth_32,monolithic,,,none,1,merkle_membership_depth_32,merkle_membership,groth16,0.04509589600002073,0.7085324180000043,0.27548712299994804,1.029115436999973,804,84,True,,ok,
20260728T123050Z_paper_groth16,2026-07-28T12:37:21.704003+00:00,measured,1,2,21,privacy_budget_64,monolithic,,,none,1,privacy_budget_64,privacy_budget,groth16,0.021835113000179263,0.3030933720001485,0.26034002799997324,0.585268513000301,805,26,True,,ok,
20260728T123050Z_paper_groth16,2026-07-28T12:37:24.052944+00:00,measured,1,2,22,separate_account_budget_16,separate,account_budget_b16,baseline,unbound,1,local_financial_validity_16,local_financial_validity,groth16,0.02375258600000052,0.2726014810000379,0.27475957700016806,0.5711136440002065,805,3,True,,ok,
20260728T123050Z_paper_groth16,2026-07-28T12:37:24.052944+00:00,measured,1,2,22,separate_account_budget_16,separate,account_budget_b16,baseline,unbound,2,state_transition_and_conservation_16,state_transition_and_conservation,groth16,0.023373993999939557,0.3226803219999965,0.2931929889998628,0.6392473049997989,805,3,True,,ok,
20260728T123050Z_paper_groth16,2026-07-28T12:37:24.052944+00:00,measured,1,2,22,separate_account_budget_16,separate,account_budget_b16,baseline,unbound,3,operating_limit_16,operating_limit,groth16,0.021129880999978923,0.30405938100011554,0.2601872420000291,0.5853765040001235,805,12,True,,ok,
20260728T123050Z_paper_groth16,2026-07-28T12:37:24.052944+00:00,measured,1,2,22,separate_account_budget_16,separate,account_budget_b16,baseline,unbound,4,privacy_budget_16,privacy_budget,groth16,0.018604260999836697,0.27849190899996756,0.2537463099999968,0.5508424799998011,807,11,True,,ok,
20260728T123050Z_paper_groth16,2026-07-28T12:37:25.393584+00:00,measured,1,2,23,linked_separate_valid_limit_32,separate,valid_limit_b32,commitment_linked,tx_tag,1,linked_valid_limit_validity_32,linked_valid_limit_component,groth16,0.04321159799997076,0.3466316189999361,0.2632016190000286,0.6530448359999355,800,98,True,True,ok,
20260728T123050Z_paper_groth16,2026-07-28T12:37:25.393584+00:00,measured,1,2,23,linked_separate_valid_limit_32,separate,valid_limit_b32,commitment_linked,tx_tag,2,linked_valid_limit_limit_32,linked_valid_limit_component,groth16,0.04172355300011077,0.35274125099999765,0.2915354369999932,0.6860002410001016,807,98,True,True,ok,
20260728T123050Z_paper_groth16,2026-07-28T12:37:26.001489+00:00,measured,1,2,24,local_validity_and_operating_limit_64,monolithic,valid_limit_b64,baseline,shared_witness,1,local_validity_and_operating_limit_64,local_validity_and_operating_limit,groth16,0.019596140999965428,0.3160696019999705,0.271591909000108,0.6072576520000439,808,26,True,,ok,
20260728T123050Z_paper_groth16,2026-07-28T12:37:26.557594+00:00,measured,1,2,25,operating_limit_16,monolithic,,,none,1,operating_limit_16,operating_limit,groth16,0.02118848899999648,0.2807343499998751,0.2535519960001693,0.5554748350000409,806,12,True,,ok,
20260728T123050Z_paper_groth16,2026-07-28T12:37:27.345391+00:00,measured,1,2,26,token_policy_bundle_32_depth_8,monolithic,token_bundle_b32_d8,baseline,shared_witness,1,token_policy_bundle_32_depth_8,token_policy_bundle,groth16,0.04525174299988066,0.45946204599999874,0.2822789260001173,0.7869927149999967,807,261,True,,ok,
20260728T123050Z_paper_groth16,2026-07-28T12:37:28.196639+00:00,measured,1,2,27,token_policy_bundle_32_depth_16,monolithic,token_bundle_b32_d16,baseline,shared_witness,1,token_policy_bundle_32_depth_16,token_policy_bundle,groth16,0.051749189000020124,0.5163982290000604,0.28239652499996737,0.8505439430000479,806,260,True,,ok,
20260728T123050Z_paper_groth16,2026-07-28T12:37:28.811675+00:00,measured,1,2,28,local_financial_validity_64,monolithic,,,none,1,local_financial_validity_64,local_financial_validity,groth16,0.022637701999883575,0.299449020000111,0.2923506939998788,0.6144374159998733,807,3,True,,ok,
20260728T123050Z_paper_groth16,2026-07-28T12:37:31.510297+00:00,measured,1,2,29,linked_separate_account_budget_32,separate,account_budget_b32,commitment_linked,tx_tag,1,linked_account_budget_validity_32,linked_account_budget_component,groth16,0.05969768899990413,0.3302240629998323,0.27133973399986644,0.6612614859996029,806,111,True,True,ok,
20260728T123050Z_paper_groth16,2026-07-28T12:37:31.510297+00:00,measured,1,2,29,linked_separate_account_budget_32,separate,account_budget_b32,commitment_linked,tx_tag,2,linked_account_budget_transition_32,linked_account_budget_component,groth16,0.06484065099994041,0.3678279379998912,0.2805533880000439,0.7132219769998756,803,111,True,True,ok,
20260728T123050Z_paper_groth16,2026-07-28T12:37:31.510297+00:00,measured,1,2,29,linked_separate_account_budget_32,separate,account_budget_b32,commitment_linked,tx_tag,3,linked_account_budget_limit_32,linked_account_budget_component,groth16,0.05702495800005636,0.34207850300003884,0.25333344800014856,0.6524369090002438,805,111,True,True,ok,
20260728T123050Z_paper_groth16,2026-07-28T12:37:31.510297+00:00,measured,1,2,29,linked_separate_account_budget_32,separate,account_budget_b32,commitment_linked,tx_tag,4,linked_account_budget_budget_32,linked_account_budget_component,groth16,0.05512681599998359,0.34921335900003214,0.26413736599988624,0.668477540999902,807,111,True,True,ok,
20260728T123050Z_paper_groth16,2026-07-28T12:37:32.086033+00:00,measured,1,2,30,state_transition_and_conservation_16,monolithic,,,none,1,state_transition_and_conservation_16,state_transition_and_conservation,groth16,0.021010114000091562,0.2853643949999878,0.2687519159999283,0.5751264250000077,803,3,True,,ok,
20260728T123050Z_paper_groth16,2026-07-28T12:37:32.931994+00:00,measured,1,2,31,merkle_membership_depth_16,monolithic,,,none,1,merkle_membership_depth_16,merkle_membership,groth16,0.04097580999996353,0.5244272969998747,0.27971619400000236,0.8451193009998406,802,84,True,,ok,
20260728T123050Z_paper_groth16,2026-07-28T12:37:33.514129+00:00,measured,1,2,32,account_policy_core_64,monolithic,account_core_b64,baseline,shared_witness,1,account_policy_core_64,account_policy_core,groth16,0.022241662000169526,0.3039665909998348,0.2549866930000917,0.581194946000096,802,26,True,,ok,
20260728T123050Z_paper_groth16,2026-07-28T12:37:34.129447+00:00,measured,1,2,33,account_policy_core_32,monolithic,account_core_b32,baseline,shared_witness,1,account_policy_core_32,account_policy_core,groth16,0.02397853499996927,0.3206694170000901,0.26998069499995836,0.6146286470000177,805,16,True,,ok,
20260728T123050Z_paper_groth16,2026-07-28T12:37:36.472506+00:00,measured,1,2,34,separate_account_budget_32,separate,account_budget_b32,baseline,unbound,1,local_financial_validity_32,local_financial_validity,groth16,0.02080081600001904,0.28040090399986184,0.25314173800006756,0.5543434579999484,803,3,True,,ok,
20260728T123050Z_paper_groth16,2026-07-28T12:37:36.472506+00:00,measured,1,2,34,separate_account_budget_32,separate,account_budget_b32,baseline,unbound,2,state_transition_and_conservation_32,state_transition_and_conservation,groth16,0.020969878999949287,0.3285279070000797,0.2940258080000149,0.6435235940000439,805,3,True,,ok,
20260728T123050Z_paper_groth16,2026-07-28T12:37:36.472506+00:00,measured,1,2,34,separate_account_budget_32,separate,account_budget_b32,baseline,unbound,3,operating_limit_32,operating_limit,groth16,0.018145145999824308,0.305686919999971,0.2647953850000704,0.5886274509998657,805,16,True,,ok,
20260728T123050Z_paper_groth16,2026-07-28T12:37:36.472506+00:00,measured,1,2,34,separate_account_budget_32,separate,account_budget_b32,baseline,unbound,4,privacy_budget_32,privacy_budget,groth16,0.019181979999984833,0.28978111299988996,0.2452961439998944,0.5542592369997692,805,16,True,,ok,
20260728T123050Z_paper_groth16,2026-07-28T12:37:38.267251+00:00,measured,1,2,35,separate_account_core_32,separate,account_core_b32,baseline,unbound,1,local_financial_validity_32,local_financial_validity,groth16,0.019417832000044655,0.2905131079999137,0.25764298400008556,0.5675739240000439,802,3,True,,ok,
20260728T123050Z_paper_groth16,2026-07-28T12:37:38.267251+00:00,measured,1,2,35,separate_account_core_32,separate,account_core_b32,baseline,unbound,2,state_transition_and_conservation_32,state_transition_and_conservation,groth16,0.02479583600006663,0.316866803000039,0.28195275100006256,0.6236153900001682,808,3,True,,ok,
20260728T123050Z_paper_groth16,2026-07-28T12:37:38.267251+00:00,measured,1,2,35,separate_account_core_32,separate,account_core_b32,baseline,unbound,3,operating_limit_32,operating_limit,groth16,0.021820267999828502,0.3240998240000863,0.25598458100012067,0.6019046730000355,806,16,True,,ok,
20260728T123050Z_paper_groth16,2026-07-28T12:37:38.872441+00:00,measured,1,2,36,state_transition_and_conservation_32,monolithic,,,none,1,state_transition_and_conservation_32,state_transition_and_conservation,groth16,0.02133393500002967,0.2985349000000497,0.28467367899997953,0.6045425140000589,806,3,True,,ok,
20260728T123050Z_paper_groth16,2026-07-28T12:37:41.506769+00:00,measured,1,2,37,separate_token_bundle_32_depth_8,separate,token_bundle_b32_d8,baseline,unbound,1,merkle_membership_depth_8,merkle_membership,groth16,0.04049860899999658,0.45613331699996706,0.2724095779999516,0.7690415039999152,806,84,True,,ok,
20260728T123050Z_paper_groth16,2026-07-28T12:37:41.506769+00:00,measured,1,2,37,separate_token_bundle_32_depth_8,separate,token_bundle_b32_d8,baseline,unbound,2,nullifier_correctness_poseidon,nullifier_correctness,groth16,0.037877950999927634,0.35000906499999473,0.27903226600005837,0.6669192819999807,808,164,True,,ok,
20260728T123050Z_paper_groth16,2026-07-28T12:37:41.506769+00:00,measured,1,2,37,separate_token_bundle_32_depth_8,separate,token_bundle_b32_d8,baseline,unbound,3,local_financial_validity_32,local_financial_validity,groth16,0.020171982999954707,0.28314209599989226,0.27321610699982557,0.5765301859996725,806,3,True,,ok,
20260728T123050Z_paper_groth16,2026-07-28T12:37:41.506769+00:00,measured,1,2,37,separate_token_bundle_32_depth_8,separate,token_bundle_b32_d8,baseline,unbound,4,privacy_budget_32,privacy_budget,groth16,0.02342761799991422,0.33580799300011677,0.2601388919999863,0.6193745030000173,806,16,True,,ok,
20260728T123050Z_paper_groth16,2026-07-28T12:37:44.397278+00:00,measured,1,2,38,linked_separate_token_bundle_32_depth_16,separate,token_bundle_b32_d16,commitment_linked,tx_tag,1,linked_token_bundle_membership_32_depth_16,linked_token_bundle_component,groth16,0.06313317599983748,0.5845396740000979,0.27118309699994825,0.9188559469998836,804,342,True,True,ok,
20260728T123050Z_paper_groth16,2026-07-28T12:37:44.397278+00:00,measured,1,2,38,linked_separate_token_bundle_32_depth_16,separate,token_bundle_b32_d16,commitment_linked,tx_tag,2,linked_token_bundle_nullifier_32_depth_16,linked_token_bundle_component,groth16,0.060959530999980416,0.3669569579999461,0.25013218699996287,0.6780486759998894,804,342,True,True,ok,
20260728T123050Z_paper_groth16,2026-07-28T12:37:44.397278+00:00,measured,1,2,38,linked_separate_token_bundle_32_depth_16,separate,token_bundle_b32_d16,commitment_linked,tx_tag,3,linked_token_bundle_validity_32_depth_16,linked_token_bundle_component,groth16,0.056565338999917,0.3236084820000542,0.2546031540000513,0.6347769750000225,806,342,True,True,ok,
20260728T123050Z_paper_groth16,2026-07-28T12:37:44.397278+00:00,measured,1,2,38,linked_separate_token_bundle_32_depth_16,separate,token_bundle_b32_d16,commitment_linked,tx_tag,4,linked_token_bundle_budget_32_depth_16,linked_token_bundle_component,groth16,0.056653407000112566,0.33515144700004385,0.2623754819999249,0.6541803360000813,802,342,True,True,ok,
20260728T123050Z_paper_groth16,2026-07-28T12:37:45.005519+00:00,measured,1,2,39,operating_limit_32,monolithic,,,none,1,operating_limit_32,operating_limit,groth16,0.02039260399988052,0.32120280999993156,0.26601912000000993,0.607614533999822,804,16,True,,ok,
20260728T123050Z_paper_groth16,2026-07-28T12:37:47.788397+00:00,measured,1,2,40,separate_token_bundle_32_depth_32,separate,token_bundle_b32_d32,baseline,unbound,1,merkle_membership_depth_32,merkle_membership,groth16,0.04587751799999751,0.67319670400002,0.2672766209998372,0.9863508429998546,808,84,True,,ok,
20260728T123050Z_paper_groth16,2026-07-28T12:37:47.788397+00:00,measured,1,2,40,separate_token_bundle_32_depth_32,separate,token_bundle_b32_d32,baseline,unbound,2,nullifier_correctness_poseidon,nullifier_correctness,groth16,0.032795009999972535,0.36117982199994003,0.26842041700001573,0.6623952489999283,809,164,True,,ok,
20260728T123050Z_paper_groth16,2026-07-28T12:37:47.788397+00:00,measured,1,2,40,separate_token_bundle_32_depth_32,separate,token_bundle_b32_d32,baseline,unbound,3,local_financial_validity_32,local_financial_validity,groth16,0.018196697000121276,0.28609108099999503,0.2429526949999854,0.5472404730001017,807,3,True,,ok,
20260728T123050Z_paper_groth16,2026-07-28T12:37:47.788397+00:00,measured,1,2,40,separate_token_bundle_32_depth_32,separate,token_bundle_b32_d32,baseline,unbound,4,privacy_budget_32,privacy_budget,groth16,0.01856957599989073,0.30618350100007774,0.259979888000089,0.5847329650000574,806,16,True,,ok,
20260728T123050Z_paper_groth16,2026-07-28T12:37:50.461227+00:00,measured,1,2,41,separate_token_bundle_32_depth_16,separate,token_bundle_b32_d16,baseline,unbound,1,merkle_membership_depth_16,merkle_membership,groth16,0.04551325500005987,0.5571705329998622,0.2766853009998158,0.8793690889997379,805,84,True,,ok,
20260728T123050Z_paper_groth16,2026-07-28T12:37:50.461227+00:00,measured,1,2,41,separate_token_bundle_32_depth_16,separate,token_bundle_b32_d16,baseline,unbound,2,nullifier_correctness_poseidon,nullifier_correctness,groth16,0.036202475999971284,0.35761430999991717,0.2625208479998946,0.6563376339997831,804,164,True,,ok,
20260728T123050Z_paper_groth16,2026-07-28T12:37:50.461227+00:00,measured,1,2,41,separate_token_bundle_32_depth_16,separate,token_bundle_b32_d16,baseline,unbound,3,local_financial_validity_32,local_financial_validity,groth16,0.019987468999943303,0.2819084610000573,0.25789446499993574,0.5597903949999363,805,3,True,,ok,
20260728T123050Z_paper_groth16,2026-07-28T12:37:50.461227+00:00,measured,1,2,41,separate_token_bundle_32_depth_16,separate,token_bundle_b32_d16,baseline,unbound,4,privacy_budget_32,privacy_budget,groth16,0.018599821999941923,0.3023768559999098,0.2540896089999478,0.5750662869997996,805,16,True,,ok,
20260728T123050Z_paper_groth16,2026-07-28T12:37:51.077033+00:00,measured,1,2,42,operating_limit_64,monolithic,,,none,1,operating_limit_64,operating_limit,groth16,0.0217649999999594,0.3041002850000041,0.2892653049998444,0.6151305899998079,803,26,True,,ok,
20260728T123050Z_paper_groth16,2026-07-28T12:37:51.821385+00:00,measured,1,2,43,merkle_membership_depth_8,monolithic,,,none,1,merkle_membership_depth_8,merkle_membership,groth16,0.040270005999900604,0.42544794499985983,0.2768588340002225,0.7425767849999829,803,84,True,,ok,
20260728T123050Z_paper_groth16,2026-07-28T12:37:52.475887+00:00,measured,1,2,44,nullifier_correctness_poseidon,monolithic,,,none,1,nullifier_correctness_poseidon,nullifier_correctness,groth16,0.033879121999916606,0.348501264999868,0.27136235400007536,0.65374274099986,802,164,True,,ok,
20260728T123050Z_paper_groth16,2026-07-28T12:37:53.090046+00:00,measured,1,2,45,local_validity_and_operating_limit_16,monolithic,valid_limit_b16,baseline,shared_witness,1,local_validity_and_operating_limit_16,local_validity_and_operating_limit,groth16,0.024040100999854985,0.3265507460000663,0.26257303500005946,0.6131638819999807,808,12,True,,ok,
20260728T123050Z_paper_groth16,2026-07-28T12:37:53.652605+00:00,measured,1,2,46,local_financial_validity_32,monolithic,,,none,1,local_financial_validity_32,local_financial_validity,groth16,0.021364879000202563,0.2842432130000816,0.256347956999889,0.5619560490001732,806,3,True,,ok,
20260728T123050Z_paper_groth16,2026-07-28T12:37:54.225032+00:00,measured,1,3,1,account_policy_core_32,monolithic,account_core_b32,baseline,shared_witness,1,account_policy_core_32,account_policy_core,groth16,0.020739139999932377,0.2908263069998611,0.260228282000071,0.5717937289998645,802,16,True,,ok,
20260728T123050Z_paper_groth16,2026-07-28T12:37:54.877110+00:00,measured,1,3,2,account_policy_core_16,monolithic,account_core_b16,baseline,shared_witness,1,account_policy_core_16,account_policy_core,groth16,0.022949363999941852,0.31870221299982404,0.30978798000001007,0.651439556999776,805,12,True,,ok,
20260728T123050Z_paper_groth16,2026-07-28T12:37:55.447827+00:00,measured,1,3,3,local_validity_and_operating_limit_16,monolithic,valid_limit_b16,baseline,shared_witness,1,local_validity_and_operating_limit_16,local_validity_and_operating_limit,groth16,0.02089508099993509,0.28734310999993795,0.2618511179998677,0.5700893089997408,804,12,True,,ok,
20260728T123050Z_paper_groth16,2026-07-28T12:37:56.025540+00:00,measured,1,3,4,state_transition_and_conservation_64,monolithic,,,none,1,state_transition_and_conservation_64,state_transition_and_conservation,groth16,0.022696366999980455,0.29102358499994807,0.2633737310000015,0.57709368299993,804,3,True,,ok,
20260728T123050Z_paper_groth16,2026-07-28T12:37:57.056377+00:00,measured,1,3,5,merkle_membership_depth_32,monolithic,,,none,1,merkle_membership_depth_32,merkle_membership,groth16,0.04171163700016223,0.7149827739999637,0.2733208319998539,1.0300152429999798,805,84,True,,ok,
20260728T123050Z_paper_groth16,2026-07-28T12:37:58.226308+00:00,measured,1,3,6,separate_valid_limit_64,separate,valid_limit_b64,baseline,unbound,1,local_financial_validity_64,local_financial_validity,groth16,0.02289589699989847,0.28795964300002197,0.24740194699984386,0.5582574869997643,804,3,True,,ok,
20260728T123050Z_paper_groth16,2026-07-28T12:37:58.226308+00:00,measured,1,3,6,separate_valid_limit_64,separate,valid_limit_b64,baseline,unbound,2,operating_limit_64,operating_limit,groth16,0.019586086000117575,0.32411393899997165,0.26674687000013364,0.6104468950002229,806,26,True,,ok,
20260728T123050Z_paper_groth16,2026-07-28T12:37:59.120261+00:00,measured,1,3,7,linked_token_bundle_monolithic_32_depth_16,monolithic,token_bundle_b32_d16,commitment_linked,tx_tag,1,linked_token_bundle_monolithic_32_depth_16,token_policy_bundle,groth16,0.06369931599988377,0.5387923680000313,0.2892217419998815,0.8917134259997965,806,342,True,True,ok,
20260728T123050Z_paper_groth16,2026-07-28T12:37:59.865556+00:00,measured,1,3,8,merkle_membership_depth_8,monolithic,,,none,1,merkle_membership_depth_8,merkle_membership,groth16,0.042724421999992046,0.4298157559999254,0.27215753800010134,0.7446977160000188,803,84,True,,ok,
20260728T123050Z_paper_groth16,2026-07-28T12:38:01.613463+00:00,measured,1,3,9,separate_account_core_16,separate,account_core_b16,baseline,unbound,1,local_financial_validity_16,local_financial_validity,groth16,0.01933861399993475,0.2810065230000873,0.25749255200003063,0.5578376890000527,804,3,True,,ok,
20260728T123050Z_paper_groth16,2026-07-28T12:38:01.613463+00:00,measured,1,3,9,separate_account_core_16,separate,account_core_b16,baseline,unbound,2,state_transition_and_conservation_16,state_transition_and_conservation,groth16,0.022013070000184598,0.3193641650000245,0.28524383000012676,0.6266210650003359,805,3,True,,ok,
20260728T123050Z_paper_groth16,2026-07-28T12:38:01.613463+00:00,measured,1,3,9,separate_account_core_16,separate,account_core_b16,baseline,unbound,3,operating_limit_16,operating_limit,groth16,0.02125306300013108,0.28115397099986694,0.25932992499997454,0.5617369589999726,805,12,True,,ok,
20260728T123050Z_paper_groth16,2026-07-28T12:38:02.196200+00:00,measured,1,3,10,privacy_budget_16,monolithic,,,none,1,privacy_budget_16,privacy_budget,groth16,0.018032935000064754,0.2886067929998717,0.27543942299985247,0.5820791509997889,806,11,True,,ok,
20260728T123050Z_paper_groth16,2026-07-28T12:38:04.780621+00:00,measured,1,3,11,separate_token_bundle_32_depth_8,separate,token_bundle_b32_d8,baseline,unbound,1,merkle_membership_depth_8,merkle_membership,groth16,0.04278879499997856,0.4240546160001486,0.26730158800000936,0.7341449990001365,804,84,True,,ok,
20260728T123050Z_paper_groth16,2026-07-28T12:38:04.780621+00:00,measured,1,3,11,separate_token_bundle_32_depth_8,separate,token_bundle_b32_d8,baseline,unbound,2,nullifier_correctness_poseidon,nullifier_correctness,groth16,0.03581412300013653,0.3416726190000645,0.2758757770000102,0.6533625190002113,804,164,True,,ok,
20260728T123050Z_paper_groth16,2026-07-28T12:38:04.780621+00:00,measured,1,3,11,separate_token_bundle_32_depth_8,separate,token_bundle_b32_d8,baseline,unbound,3,local_financial_validity_32,local_financial_validity,groth16,0.02154802700010805,0.32319011200002024,0.25536694100014756,0.6001050800002758,806,3,True,,ok,
20260728T123050Z_paper_groth16,2026-07-28T12:38:04.780621+00:00,measured,1,3,11,separate_token_bundle_32_depth_8,separate,token_bundle_b32_d8,baseline,unbound,4,privacy_budget_32,privacy_budget,groth16,0.018517927999937456,0.30846886999984235,0.26750980499991783,0.5944966029996976,807,16,True,,ok,
20260728T123050Z_paper_groth16,2026-07-28T12:38:05.401234+00:00,measured,1,3,12,account_policy_with_privacy_budget_16,monolithic,account_budget_b16,baseline,shared_witness,1,account_policy_with_privacy_budget_16,account_policy_with_privacy_budget,groth16,0.022082309999859717,0.3285938359999818,0.26924800500000856,0.6199241509998501,803,21,True,,ok,
20260728T123050Z_paper_groth16,2026-07-28T12:38:07.219416+00:00,measured,1,3,13,separate_account_core_32,separate,account_core_b32,baseline,unbound,1,local_financial_validity_32,local_financial_validity,groth16,0.023309365000159232,0.3098439309999321,0.2571791820000726,0.590332478000164,803,3,True,,ok,
20260728T123050Z_paper_groth16,2026-07-28T12:38:07.219416+00:00,measured,1,3,13,separate_account_core_32,separate,account_core_b32,baseline,unbound,2,state_transition_and_conservation_32,state_transition_and_conservation,groth16,0.019794308999962595,0.3353816139999708,0.2988909099999546,0.654066832999888,807,3,True,,ok,
20260728T123050Z_paper_groth16,2026-07-28T12:38:07.219416+00:00,measured,1,3,13,separate_account_core_32,separate,account_core_b32,baseline,unbound,3,operating_limit_32,operating_limit,groth16,0.020161180000059176,0.30211269100004756,0.24988289499992788,0.5721567660000346,807,16,True,,ok,
20260728T123050Z_paper_groth16,2026-07-28T12:38:07.790029+00:00,measured,1,3,14,privacy_budget_32,monolithic,,,none,1,privacy_budget_32,privacy_budget,groth16,0.021424430000024586,0.2933927050000875,0.25516933900007643,0.5699864740001885,806,16,True,,ok,
20260728T123050Z_paper_groth16,2026-07-28T12:38:09.094294+00:00,measured,1,3,15,linked_separate_valid_limit_32,separate,valid_limit_b32,commitment_linked,tx_tag,1,linked_valid_limit_validity_32,linked_valid_limit_component,groth16,0.04210389600007147,0.3270699350000541,0.2732278739999856,0.6424017050001112,805,98,True,True,ok,
20260728T123050Z_paper_groth16,2026-07-28T12:38:09.094294+00:00,measured,1,3,15,linked_separate_valid_limit_32,separate,valid_limit_b32,commitment_linked,tx_tag,2,linked_valid_limit_limit_32,linked_valid_limit_component,groth16,0.038741111000035744,0.3450560889998542,0.27645253000014236,0.6602497300000323,804,98,True,True,ok,
20260728T123050Z_paper_groth16,2026-07-28T12:38:09.666146+00:00,measured,1,3,16,operating_limit_16,monolithic,,,none,1,operating_limit_16,operating_limit,groth16,0.02120528499995089,0.29396385599989117,0.2560941490000914,0.5712632899999335,803,12,True,,ok,
20260728T123050Z_paper_groth16,2026-07-28T12:38:10.248518+00:00,measured,1,3,17,account_policy_with_privacy_budget_32,monolithic,account_budget_b32,baseline,shared_witness,1,account_policy_with_privacy_budget_32,account_policy_with_privacy_budget,groth16,0.02406165500019597,0.2960724970000683,0.2616186430000198,0.5817527950002841,809,30,True,,ok,
20260728T123050Z_paper_groth16,2026-07-28T12:38:11.281768+00:00,measured,1,3,18,token_policy_bundle_32_depth_32,monolithic,token_bundle_b32_d32,baseline,shared_witness,1,token_policy_bundle_32_depth_32,token_policy_bundle,groth16,0.04823665699996127,0.7050319779998517,0.27907072100015284,1.0323393559999658,804,261,True,,ok,
20260728T123050Z_paper_groth16,2026-07-28T12:38:11.856117+00:00,measured,1,3,19,state_transition_and_conservation_16,monolithic,,,none,1,state_transition_and_conservation_16,state_transition_and_conservation,groth16,0.021306638000169187,0.2938744810001026,0.2585127340000781,0.5736938530003499,802,3,True,,ok,
20260728T123050Z_paper_groth16,2026-07-28T12:38:14.186187+00:00,measured,1,3,20,separate_account_budget_16,separate,account_budget_b16,baseline,unbound,1,local_financial_validity_16,local_financial_validity,groth16,0.019600115000002916,0.29653349899990644,0.2476736000000983,0.5638072140000077,805,3,True,,ok,
20260728T123050Z_paper_groth16,2026-07-28T12:38:14.186187+00:00,measured,1,3,20,separate_account_budget_16,separate,account_budget_b16,baseline,unbound,2,state_transition_and_conservation_16,state_transition_and_conservation,groth16,0.022122738999996727,0.31325056499986204,0.2613353740000548,0.5967086779999136,808,3,True,,ok,
20260728T123050Z_paper_groth16,2026-07-28T12:38:14.186187+00:00,measured,1,3,20,separate_account_budget_16,separate,account_budget_b16,baseline,unbound,3,operating_limit_16,operating_limit,groth16,0.02123363700002301,0.3034359019998192,0.25795631100004357,0.5826258499998858,803,12,True,,ok,
20260728T123050Z_paper_groth16,2026-07-28T12:38:14.186187+00:00,measured,1,3,20,separate_account_budget_16,separate,account_budget_b16,baseline,unbound,4,privacy_budget_16,privacy_budget,groth16,0.017847120999931576,0.30554623700004413,0.26144178499998816,0.5848351429999639,803,11,True,,ok,
20260728T123050Z_paper_groth16,2026-07-28T12:38:14.850342+00:00,measured,1,3,21,linked_valid_limit_monolithic_32,monolithic,valid_limit_b32,commitment_linked,tx_tag,1,linked_valid_limit_monolithic_32,local_validity_and_operating_limit,groth16,0.03955789200017534,0.34686343800012764,0.27687550699988606,0.663296837000189,806,98,True,True,ok,
20260728T123050Z_paper_groth16,2026-07-28T12:38:15.766139+00:00,measured,1,3,22,merkle_membership_depth_16,monolithic,,,none,1,merkle_membership_depth_16,merkle_membership,groth16,0.04064950399992995,0.5658354890001647,0.3084026270000777,0.9148876200001723,804,84,True,,ok,
20260728T123050Z_paper_groth16,2026-07-28T12:38:16.355586+00:00,measured,1,3,23,local_financial_validity_16,monolithic,,,none,1,local_financial_validity_16,local_financial_validity,groth16,0.02545527100005529,0.3081195719998959,0.2551725410000927,0.5887473840000439,808,3,True,,ok,
20260728T123050Z_paper_groth16,2026-07-28T12:38:16.968753+00:00,measured,1,3,24,local_financial_validity_32,monolithic,,,none,1,local_financial_validity_32,local_financial_validity,groth16,0.021810616999800914,0.32741300900011083,0.26315854099993885,0.6123821669998506,803,3,True,,ok,
20260728T123050Z_paper_groth16,2026-07-28T12:38:19.914246+00:00,measured,1,3,25,linked_separate_token_bundle_32_depth_16,separate,token_bundle_b32_d16,commitment_linked,tx_tag,1,linked_token_bundle_membership_32_depth_16,linked_token_bundle_component,groth16,0.06720310200012136,0.5642022340000494,0.2808857039999566,0.9122910400001274,806,342,True,True,ok,
20260728T123050Z_paper_groth16,2026-07-28T12:38:19.914246+00:00,measured,1,3,25,linked_separate_token_bundle_32_depth_16,separate,token_bundle_b32_d16,commitment_linked,tx_tag,2,linked_token_bundle_nullifier_32_depth_16,linked_token_bundle_component,groth16,0.06331315900001755,0.36493366899981083,0.25734464199990725,0.6855914699997356,807,342,True,True,ok,
20260728T123050Z_paper_groth16,2026-07-28T12:38:19.914246+00:00,measured,1,3,25,linked_separate_token_bundle_32_depth_16,separate,token_bundle_b32_d16,commitment_linked,tx_tag,3,linked_token_bundle_validity_32_depth_16,linked_token_bundle_component,groth16,0.05708610800002134,0.3492686810000123,0.27118953099989085,0.6775443199999245,805,342,True,True,ok,
20260728T123050Z_paper_groth16,2026-07-28T12:38:19.914246+00:00,measured,1,3,25,linked_separate_token_bundle_32_depth_16,separate,token_bundle_b32_d16,commitment_linked,tx_tag,4,linked_token_bundle_budget_32_depth_16,linked_token_bundle_component,groth16,0.05823653099992043,0.34385461800002304,0.26342177599985916,0.6655129249998026,808,342,True,True,ok,
20260728T123050Z_paper_groth16,2026-07-28T12:38:22.371495+00:00,measured,1,3,26,separate_account_budget_64,separate,account_budget_b64,baseline,unbound,1,local_financial_validity_64,local_financial_validity,groth16,0.021276298999964638,0.31505507500014573,0.2603948189998846,0.596726192999995,807,3,True,,ok,
20260728T123050Z_paper_groth16,2026-07-28T12:38:22.371495+00:00,measured,1,3,26,separate_account_budget_64,separate,account_budget_b64,baseline,unbound,2,state_transition_and_conservation_64,state_transition_and_conservation,groth16,0.019878536000078384,0.32261236099998314,0.2900375920000897,0.6325284890001512,804,3,True,,ok,
20260728T123050Z_paper_groth16,2026-07-28T12:38:22.371495+00:00,measured,1,3,26,separate_account_budget_64,separate,account_budget_b64,baseline,unbound,3,operating_limit_64,operating_limit,groth16,0.02331352200008041,0.32918631699999423,0.2605421089999709,0.6130419480000455,805,26,True,,ok,
20260728T123050Z_paper_groth16,2026-07-28T12:38:22.371495+00:00,measured,1,3,26,separate_account_budget_64,separate,account_budget_b64,baseline,unbound,4,privacy_budget_64,privacy_budget,groth16,0.020585356000083266,0.32079403900002035,0.27142389400000866,0.6128032890001123,804,26,True,,ok,
20260728T123050Z_paper_groth16,2026-07-28T12:38:23.618399+00:00,measured,1,3,27,separate_valid_limit_16,separate,valid_limit_b16,baseline,unbound,1,local_financial_validity_16,local_financial_validity,groth16,0.026982719999978144,0.3046366930000204,0.28041959600000155,0.6120390090000001,808,3,True,,ok,
20260728T123050Z_paper_groth16,2026-07-28T12:38:23.618399+00:00,measured,1,3,27,separate_valid_limit_16,separate,valid_limit_b16,baseline,unbound,2,operating_limit_16,operating_limit,groth16,0.019946247000007133,0.315259449999985,0.29844459299988557,0.6336502899998777,806,12,True,,ok,
20260728T123050Z_paper_groth16,2026-07-28T12:38:24.251294+00:00,measured,1,3,28,operating_limit_32,monolithic,,,none,1,operating_limit_32,operating_limit,groth16,0.0255518439998923,0.32221070500008864,0.284483229999978,0.6322457789999589,802,16,True,,ok,
20260728T123050Z_paper_groth16,2026-07-28T12:38:25.152694+00:00,measured,1,3,29,token_policy_bundle_32_depth_16,monolithic,token_bundle_b32_d16,baseline,shared_witness,1,token_policy_bundle_32_depth_16,token_policy_bundle,groth16,0.04963773000008587,0.5770760450000125,0.27404857099986657,0.900762345999965,800,260,True,,ok,
20260728T123050Z_paper_groth16,2026-07-28T12:38:25.817292+00:00,measured,1,3,30,nullifier_correctness_poseidon,monolithic,,,none,1,nullifier_correctness_poseidon,nullifier_correctness,groth16,0.03623538900001222,0.3341637809999156,0.2935509189999266,0.6639500889998544,804,164,True,,ok,
20260728T123050Z_paper_groth16,2026-07-28T12:38:26.972368+00:00,measured,1,3,31,separate_valid_limit_32,separate,valid_limit_b32,baseline,unbound,1,local_financial_validity_32,local_financial_validity,groth16,0.02132184199990661,0.27522519299986925,0.2602807120001671,0.556827746999943,807,3,True,,ok,
20260728T123050Z_paper_groth16,2026-07-28T12:38:26.972368+00:00,measured,1,3,31,separate_valid_limit_32,separate,valid_limit_b32,baseline,unbound,2,operating_limit_32,operating_limit,groth16,0.023914118999982747,0.3096730160000334,0.263435187000141,0.5970223220001571,805,16,True,,ok,
20260728T123050Z_paper_groth16,2026-07-28T12:38:27.559230+00:00,measured,1,3,32,local_validity_and_operating_limit_32,monolithic,valid_limit_b32,baseline,shared_witness,1,local_validity_and_operating_limit_32,local_validity_and_operating_limit,groth16,0.021745939000084036,0.3042909000000691,0.2602008400001523,0.5862376790003054,807,16,True,,ok,
20260728T123050Z_paper_groth16,2026-07-28T12:38:28.188413+00:00,measured,1,3,33,account_policy_with_privacy_budget_64,monolithic,account_budget_b64,baseline,shared_witness,1,account_policy_with_privacy_budget_64,account_policy_with_privacy_budget,groth16,0.022651699000107328,0.3143830919998436,0.29145234800012076,0.6284871390000717,806,50,True,,ok,
20260728T123050Z_paper_groth16,2026-07-28T12:38:30.992953+00:00,measured,1,3,34,linked_separate_account_budget_32,separate,account_budget_b32,commitment_linked,tx_tag,1,linked_account_budget_validity_32,linked_account_budget_component,groth16,0.06246759900000143,0.3478338200000053,0.3066552329999013,0.716956651999908,804,111,True,True,ok,
20260728T123050Z_paper_groth16,2026-07-28T12:38:30.992953+00:00,measured,1,3,34,linked_separate_account_budget_32,separate,account_budget_b32,commitment_linked,tx_tag,2,linked_account_budget_transition_32,linked_account_budget_component,groth16,0.06570991499984302,0.3811303529998895,0.2549492010000449,0.7017894689997775,803,111,True,True,ok,
20260728T123050Z_paper_groth16,2026-07-28T12:38:30.992953+00:00,measured,1,3,34,linked_separate_account_budget_32,separate,account_budget_b32,commitment_linked,tx_tag,3,linked_account_budget_limit_32,linked_account_budget_component,groth16,0.05628945000012209,0.37751916900015203,0.2520673499998338,0.6858759690001079,805,111,True,True,ok,
20260728T123050Z_paper_groth16,2026-07-28T12:38:30.992953+00:00,measured,1,3,34,linked_separate_account_budget_32,separate,account_budget_b32,commitment_linked,tx_tag,4,linked_account_budget_budget_32,linked_account_budget_component,groth16,0.05616402200007542,0.3661201270001584,0.27422869099996205,0.6965128400001959,805,111,True,True,ok,
20260728T123050Z_paper_groth16,2026-07-28T12:38:31.606055+00:00,measured,1,3,35,operating_limit_64,monolithic,,,none,1,operating_limit_64,operating_limit,groth16,0.021296963000168034,0.3084259080001175,0.2827196040000217,0.6124424750003072,807,26,True,,ok,
20260728T123050Z_paper_groth16,2026-07-28T12:38:33.960204+00:00,measured,1,3,36,separate_account_budget_32,separate,account_budget_b32,baseline,unbound,1,local_financial_validity_32,local_financial_validity,groth16,0.020515358000011474,0.29040515299993785,0.2801002139999582,0.5910207249999075,804,3,True,,ok,
20260728T123050Z_paper_groth16,2026-07-28T12:38:33.960204+00:00,measured,1,3,36,separate_account_budget_32,separate,account_budget_b32,baseline,unbound,2,state_transition_and_conservation_32,state_transition_and_conservation,groth16,0.023317120999990948,0.31806879599980675,0.2739380020000226,0.6153239189998203,803,3,True,,ok,
20260728T123050Z_paper_groth16,2026-07-28T12:38:33.960204+00:00,measured,1,3,36,separate_account_budget_32,separate,account_budget_b32,baseline,unbound,3,operating_limit_32,operating_limit,groth16,0.02409161899981882,0.30076387500002966,0.2522281710000698,0.5770836649999183,807,16,True,,ok,
20260728T123050Z_paper_groth16,2026-07-28T12:38:33.960204+00:00,measured,1,3,36,separate_account_budget_32,separate,account_budget_b32,baseline,unbound,4,privacy_budget_32,privacy_budget,groth16,0.01864785599991592,0.2983806590000313,0.25155847400014864,0.5685869890000959,804,16,True,,ok,
20260728T123050Z_paper_groth16,2026-07-28T12:38:34.615289+00:00,measured,1,3,37,local_validity_and_operating_limit_64,monolithic,valid_limit_b64,baseline,shared_witness,1,local_validity_and_operating_limit_64,local_validity_and_operating_limit,groth16,0.024068252000006396,0.3474428680001438,0.2829052079998746,0.6544163280000248,805,26,True,,ok,
20260728T123050Z_paper_groth16,2026-07-28T12:38:35.200996+00:00,measured,1,3,38,state_transition_and_conservation_32,monolithic,,,none,1,state_transition_and_conservation_32,state_transition_and_conservation,groth16,0.021835548000126437,0.3043285639998885,0.25890667699991354,0.5850707889999285,803,3,True,,ok,
20260728T123050Z_paper_groth16,2026-07-28T12:38:37.866348+00:00,measured,1,3,39,separate_token_bundle_32_depth_16,separate,token_bundle_b32_d16,baseline,unbound,1,merkle_membership_depth_16,merkle_membership,groth16,0.04107768899984876,0.5565067600000475,0.2726944599999115,0.8702789089998078,801,84,True,,ok,
20260728T123050Z_paper_groth16,2026-07-28T12:38:37.866348+00:00,measured,1,3,39,separate_token_bundle_32_depth_16,separate,token_bundle_b32_d16,baseline,unbound,2,nullifier_correctness_poseidon,nullifier_correctness,groth16,0.03430284599994593,0.3426903390000007,0.2713381900000513,0.6483313749999979,803,164,True,,ok,
20260728T123050Z_paper_groth16,2026-07-28T12:38:37.866348+00:00,measured,1,3,39,separate_token_bundle_32_depth_16,separate,token_bundle_b32_d16,baseline,unbound,3,local_financial_validity_32,local_financial_validity,groth16,0.019772215999864784,0.2880310670000199,0.2472145910001018,0.5550178739999865,805,3,True,,ok,
20260728T123050Z_paper_groth16,2026-07-28T12:38:37.866348+00:00,measured,1,3,39,separate_token_bundle_32_depth_16,separate,token_bundle_b32_d16,baseline,unbound,4,privacy_budget_32,privacy_budget,groth16,0.017936935999841808,0.2912262659999669,0.28005077900002107,0.5892139809998298,804,16,True,,ok,
20260728T123050Z_paper_groth16,2026-07-28T12:38:38.458786+00:00,measured,1,3,40,local_financial_validity_64,monolithic,,,none,1,local_financial_validity_64,local_financial_validity,groth16,0.02187630700018417,0.3068472280001515,0.2630661120001605,0.5917896470004962,804,3,True,,ok,
20260728T123050Z_paper_groth16,2026-07-28T12:38:39.184027+00:00,measured,1,3,41,linked_account_budget_monolithic_32,monolithic,account_budget_b32,commitment_linked,tx_tag,1,linked_account_budget_monolithic_32,account_policy_with_privacy_budget,groth16,0.05967007799995372,0.3467923379998865,0.31790202399997725,0.7243644399998175,804,111,True,True,ok,
20260728T123050Z_paper_groth16,2026-07-28T12:38:39.973305+00:00,measured,1,3,42,token_policy_bundle_32_depth_8,monolithic,token_bundle_b32_d8,baseline,shared_witness,1,token_policy_bundle_32_depth_8,token_policy_bundle,groth16,0.04634063599996807,0.4489384619998873,0.2933506379999926,0.788629735999848,805,261,True,,ok,
20260728T123050Z_paper_groth16,2026-07-28T12:38:42.754943+00:00,measured,1,3,43,separate_token_bundle_32_depth_32,separate,token_bundle_b32_d32,baseline,unbound,1,merkle_membership_depth_32,merkle_membership,groth16,0.046008435999965513,0.7021173699999963,0.2811978209999779,1.0293236269999397,803,84,True,,ok,
20260728T123050Z_paper_groth16,2026-07-28T12:38:42.754943+00:00,measured,1,3,43,separate_token_bundle_32_depth_32,separate,token_bundle_b32_d32,baseline,unbound,2,nullifier_correctness_poseidon,nullifier_correctness,groth16,0.03457896400004756,0.34762508599987996,0.2686621089999335,0.650866158999861,806,164,True,,ok,
20260728T123050Z_paper_groth16,2026-07-28T12:38:42.754943+00:00,measured,1,3,43,separate_token_bundle_32_depth_32,separate,token_bundle_b32_d32,baseline,unbound,3,local_financial_validity_32,local_financial_validity,groth16,0.018614496999816765,0.28281706500001746,0.24567575299988675,0.547107314999721,804,3,True,,ok,
20260728T123050Z_paper_groth16,2026-07-28T12:38:42.754943+00:00,measured,1,3,43,separate_token_bundle_32_depth_32,separate,token_bundle_b32_d32,baseline,unbound,4,privacy_budget_32,privacy_budget,groth16,0.017798429000094984,0.2861678289998508,0.24794519300007778,0.5519114510000236,807,16,True,,ok,
20260728T123050Z_paper_groth16,2026-07-28T12:38:43.377718+00:00,measured,1,3,44,account_policy_core_64,monolithic,account_core_b64,baseline,shared_witness,1,account_policy_core_64,account_policy_core,groth16,0.021382243000061862,0.3293773440000223,0.27136239899982684,0.622121985999911,808,26,True,,ok,
20260728T123050Z_paper_groth16,2026-07-28T12:38:45.167224+00:00,measured,1,3,45,separate_account_core_64,separate,account_core_b64,baseline,unbound,1,local_financial_validity_64,local_financial_validity,groth16,0.023862511000061204,0.2965216600000531,0.2602605609999955,0.5806447320001098,804,3,True,,ok,
20260728T123050Z_paper_groth16,2026-07-28T12:38:45.167224+00:00,measured,1,3,45,separate_account_core_64,separate,account_core_b64,baseline,unbound,2,state_transition_and_conservation_64,state_transition_and_conservation,groth16,0.022000859000172568,0.33772099699990576,0.28354542900001434,0.6432672850000927,803,3,True,,ok,
20260728T123050Z_paper_groth16,2026-07-28T12:38:45.167224+00:00,measured,1,3,45,separate_account_core_64,separate,account_core_b64,baseline,unbound,3,operating_limit_64,operating_limit,groth16,0.02268425500005833,0.29018231600002764,0.251065576999963,0.563932148000049,806,26,True,,ok,
20260728T123050Z_paper_groth16,2026-07-28T12:38:45.759584+00:00,measured,1,3,46,privacy_budget_64,monolithic,,,none,1,privacy_budget_64,privacy_budget,groth16,0.022143433000110235,0.30283287099996414,0.2667667580001307,0.5917430620002051,806,26,True,,ok,
20260728T123050Z_paper_groth16,2026-07-28T12:38:48.630135+00:00,measured,1,4,1,linked_separate_token_bundle_32_depth_16,separate,token_bundle_b32_d16,commitment_linked,tx_tag,1,linked_token_bundle_membership_32_depth_16,linked_token_bundle_component,groth16,0.06105590900006064,0.5404065130001072,0.27623710300008497,0.8776995250002528,806,342,True,True,ok,
20260728T123050Z_paper_groth16,2026-07-28T12:38:48.630135+00:00,measured,1,4,1,linked_separate_token_bundle_32_depth_16,separate,token_bundle_b32_d16,commitment_linked,tx_tag,2,linked_token_bundle_nullifier_32_depth_16,linked_token_bundle_component,groth16,0.06186565199982397,0.38202538199993796,0.250734360000024,0.694625393999786,806,342,True,True,ok,
20260728T123050Z_paper_groth16,2026-07-28T12:38:48.630135+00:00,measured,1,4,1,linked_separate_token_bundle_32_depth_16,separate,token_bundle_b32_d16,commitment_linked,tx_tag,3,linked_token_bundle_validity_32_depth_16,linked_token_bundle_component,groth16,0.05577487199980169,0.35683333400015727,0.25019309300000714,0.6628012989999661,806,342,True,True,ok,
20260728T123050Z_paper_groth16,2026-07-28T12:38:48.630135+00:00,measured,1,4,1,linked_separate_token_bundle_32_depth_16,separate,token_bundle_b32_d16,commitment_linked,tx_tag,4,linked_token_bundle_budget_32_depth_16,linked_token_bundle_component,groth16,0.0582940360000066,0.3231378890000087,0.24988597400010804,0.6313178990001234,804,342,True,True,ok,
20260728T123050Z_paper_groth16,2026-07-28T12:38:49.299955+00:00,measured,1,4,2,nullifier_correctness_poseidon,monolithic,,,none,1,nullifier_correctness_poseidon,nullifier_correctness,groth16,0.04196806100003414,0.3127428080001664,0.3144116630001008,0.6691225320003014,808,164,True,,ok,
20260728T123050Z_paper_groth16,2026-07-28T12:38:51.115749+00:00,measured,1,4,3,separate_account_core_64,separate,account_core_b64,baseline,unbound,1,local_financial_validity_64,local_financial_validity,groth16,0.021548873000028834,0.30858474599995134,0.254999737000162,0.5851333560001422,806,3,True,,ok,
20260728T123050Z_paper_groth16,2026-07-28T12:38:51.115749+00:00,measured,1,4,3,separate_account_core_64,separate,account_core_b64,baseline,unbound,2,state_transition_and_conservation_64,state_transition_and_conservation,groth16,0.023979349000001093,0.3335882119999951,0.29030621800006884,0.647873779000065,808,3,True,,ok,
20260728T123050Z_paper_groth16,2026-07-28T12:38:51.115749+00:00,measured,1,4,3,separate_account_core_64,separate,account_core_b64,baseline,unbound,3,operating_limit_64,operating_limit,groth16,0.02031694500010417,0.3113333089997923,0.24900717200011968,0.5806574260000161,807,26,True,,ok,
20260728T123050Z_paper_groth16,2026-07-28T12:38:52.902632+00:00,measured,1,4,4,separate_account_core_32,separate,account_core_b32,baseline,unbound,1,local_financial_validity_32,local_financial_validity,groth16,0.022572554999896965,0.2895568200001435,0.2722172999999657,0.5843466750000061,803,3,True,,ok,
20260728T123050Z_paper_groth16,2026-07-28T12:38:52.902632+00:00,measured,1,4,4,separate_account_core_32,separate,account_core_b32,baseline,unbound,2,state_transition_and_conservation_32,state_transition_and_conservation,groth16,0.022070852000069863,0.3111989999999878,0.2766189840001516,0.6098888360002093,806,3,True,,ok,
20260728T123050Z_paper_groth16,2026-07-28T12:38:52.902632+00:00,measured,1,4,4,separate_account_core_32,separate,account_core_b32,baseline,unbound,3,operating_limit_32,operating_limit,groth16,0.023981772000070123,0.3044239989999369,0.2620803820000219,0.5904861530000289,803,16,True,,ok,
20260728T123050Z_paper_groth16,2026-07-28T12:38:53.502211+00:00,measured,1,4,5,account_policy_with_privacy_budget_16,monolithic,account_budget_b16,baseline,shared_witness,1,account_policy_with_privacy_budget_16,account_policy_with_privacy_budget,groth16,0.021479139000120995,0.3145284930001253,0.26285596499997155,0.5988635970002179,806,21,True,,ok,
20260728T123050Z_paper_groth16,2026-07-28T12:38:56.213787+00:00,measured,1,4,6,separate_token_bundle_32_depth_16,separate,token_bundle_b32_d16,baseline,unbound,1,merkle_membership_depth_16,merkle_membership,groth16,0.03984311600015644,0.5467454529998577,0.27511791300003097,0.8617064820000451,807,84,True,,ok,
20260728T123050Z_paper_groth16,2026-07-28T12:38:56.213787+00:00,measured,1,4,6,separate_token_bundle_32_depth_16,separate,token_bundle_b32_d16,baseline,unbound,2,nullifier_correctness_poseidon,nullifier_correctness,groth16,0.03441070899998522,0.34724737400006234,0.2628866019999805,0.644544685000028,804,164,True,,ok,
20260728T123050Z_paper_groth16,2026-07-28T12:38:56.213787+00:00,measured,1,4,6,separate_token_bundle_32_depth_16,separate,token_bundle_b32_d16,baseline,unbound,3,local_financial_validity_32,local_financial_validity,groth16,0.019467210000129853,0.30119438700012324,0.27342398900009357,0.5940855860003467,806,3,True,,ok,
20260728T123050Z_paper_groth16,2026-07-28T12:38:56.213787+00:00,measured,1,4,6,separate_token_bundle_32_depth_16,separate,token_bundle_b32_d16,baseline,unbound,4,privacy_budget_32,privacy_budget,groth16,0.025092371000027924,0.32741052400001536,0.2559799050000038,0.6084828000000471,806,16,True,,ok,
20260728T123050Z_paper_groth16,2026-07-28T12:38:57.423821+00:00,measured,1,4,7,separate_valid_limit_32,separate,valid_limit_b32,baseline,unbound,1,local_financial_validity_32,local_financial_validity,groth16,0.020286796999926082,0.28547477699999035,0.27655619899996964,0.5823177729998861,805,3,True,,ok,
20260728T123050Z_paper_groth16,2026-07-28T12:38:57.423821+00:00,measured,1,4,7,separate_valid_limit_32,separate,valid_limit_b32,baseline,unbound,2,operating_limit_32,operating_limit,groth16,0.024537154999961786,0.32658340300008604,0.2754087459998118,0.6265293039998596,806,16,True,,ok,
20260728T123050Z_paper_groth16,2026-07-28T12:38:58.084752+00:00,measured,1,4,8,linked_valid_limit_monolithic_32,monolithic,valid_limit_b32,commitment_linked,tx_tag,1,linked_valid_limit_monolithic_32,local_validity_and_operating_limit,groth16,0.04458941200005029,0.34978415399996265,0.26534597299996676,0.6597195389999797,806,98,True,True,ok,
20260728T123050Z_paper_groth16,2026-07-28T12:38:58.671160+00:00,measured,1,4,9,account_policy_with_privacy_budget_64,monolithic,account_budget_b64,baseline,shared_witness,1,account_policy_with_privacy_budget_64,account_policy_with_privacy_budget,groth16,0.02256134899994322,0.31320826799992574,0.24995504499997878,0.5857246619998477,803,50,True,,ok,
20260728T123050Z_paper_groth16,2026-07-28T12:38:59.714881+00:00,measured,1,4,10,merkle_membership_depth_32,monolithic,,,none,1,merkle_membership_depth_32,merkle_membership,groth16,0.04421307600000546,0.7062508379999599,0.2925852149999173,1.0430491289998827,806,84,True,,ok,
20260728T123050Z_paper_groth16,2026-07-28T12:39:00.292983+00:00,measured,1,4,11,state_transition_and_conservation_16,monolithic,,,none,1,state_transition_and_conservation_16,state_transition_and_conservation,groth16,0.02388116999986778,0.28922850000003564,0.26437711399989894,0.5774867839998024,805,3,True,,ok,
20260728T123050Z_paper_groth16,2026-07-28T12:39:00.883601+00:00,measured,1,4,12,local_validity_and_operating_limit_64,monolithic,valid_limit_b64,baseline,shared_witness,1,local_validity_and_operating_limit_64,local_validity_and_operating_limit,groth16,0.02295054999990498,0.2937404259998857,0.2732892709998396,0.5899802469996303,807,26,True,,ok,
20260728T123050Z_paper_groth16,2026-07-28T12:39:01.456830+00:00,measured,1,4,13,local_validity_and_operating_limit_16,monolithic,valid_limit_b16,baseline,shared_witness,1,local_validity_and_operating_limit_16,local_validity_and_operating_limit,groth16,0.020928896999976132,0.2911162319999221,0.2605443839997861,0.5725895129996843,804,12,True,,ok,
20260728T123050Z_paper_groth16,2026-07-28T12:39:02.034795+00:00,measured,1,4,14,state_transition_and_conservation_32,monolithic,,,none,1,state_transition_and_conservation_32,state_transition_and_conservation,groth16,0.023157778000040707,0.305798268999979,0.24833468599990738,0.5772907329999271,805,3,True,,ok,
20260728T123050Z_paper_groth16,2026-07-28T12:39:02.958751+00:00,measured,1,4,15,linked_token_bundle_monolithic_32_depth_16,monolithic,token_bundle_b32_d16,commitment_linked,tx_tag,1,linked_token_bundle_monolithic_32_depth_16,token_policy_bundle,groth16,0.06432498700019096,0.5517052579998563,0.3054740000000038,0.921504245000051,804,342,True,True,ok,
20260728T123050Z_paper_groth16,2026-07-28T12:39:05.328201+00:00,measured,1,4,16,separate_account_budget_64,separate,account_budget_b64,baseline,unbound,1,local_financial_validity_64,local_financial_validity,groth16,0.022248557000011715,0.29366551099997196,0.25279421100003674,0.5687082790000204,803,3,True,,ok,
20260728T123050Z_paper_groth16,2026-07-28T12:39:05.328201+00:00,measured,1,4,16,separate_account_budget_64,separate,account_budget_b64,baseline,unbound,2,state_transition_and_conservation_64,state_transition_and_conservation,groth16,0.024775297000132923,0.3280678060000355,0.29214043399997536,0.6449835370001438,806,3,True,,ok,
20260728T123050Z_paper_groth16,2026-07-28T12:39:05.328201+00:00,measured,1,4,16,separate_account_budget_64,separate,account_budget_b64,baseline,unbound,3,operating_limit_64,operating_limit,groth16,0.022283083000047554,0.3087778959998104,0.25175076599998647,0.5828117449998444,802,26,True,,ok,
20260728T123050Z_paper_groth16,2026-07-28T12:39:05.328201+00:00,measured,1,4,16,separate_account_budget_64,separate,account_budget_b64,baseline,unbound,4,privacy_budget_64,privacy_budget,groth16,0.018999071000052936,0.29111996100004944,0.26030164999997396,0.5704206820000763,806,26,True,,ok,
20260728T123050Z_paper_groth16,2026-07-28T12:39:07.664238+00:00,measured,1,4,17,separate_account_budget_32,separate,account_budget_b32,baseline,unbound,1,local_financial_validity_32,local_financial_validity,groth16,0.022477789000049597,0.29638397200005784,0.26129118200015,0.5801529430002574,805,3,True,,ok,
20260728T123050Z_paper_groth16,2026-07-28T12:39:07.664238+00:00,measured,1,4,17,separate_account_budget_32,separate,account_budget_b32,baseline,unbound,2,state_transition_and_conservation_32,state_transition_and_conservation,groth16,0.02164222100009283,0.3140517380002166,0.2789934049999374,0.6146873640002468,805,3,True,,ok,
20260728T123050Z_paper_groth16,2026-07-28T12:39:07.664238+00:00,measured,1,4,17,separate_account_budget_32,separate,account_budget_b32,baseline,unbound,3,operating_limit_32,operating_limit,groth16,0.02181942800007164,0.297990819000006,0.254695404000131,0.5745056510002087,803,16,True,,ok,
20260728T123050Z_paper_groth16,2026-07-28T12:39:07.664238+00:00,measured,1,4,17,separate_account_budget_32,separate,account_budget_b32,baseline,unbound,4,privacy_budget_32,privacy_budget,groth16,0.019240594999928362,0.2811777690001236,0.26411617799999476,0.5645345420000467,808,16,True,,ok,
20260728T123050Z_paper_groth16,2026-07-28T12:39:10.421020+00:00,measured,1,4,18,linked_separate_account_budget_32,separate,account_budget_b32,commitment_linked,tx_tag,1,linked_account_budget_validity_32,linked_account_budget_component,groth16,0.0606241590000991,0.3652584209999077,0.27664948300002834,0.7025320630000351,805,111,True,True,ok,
20260728T123050Z_paper_groth16,2026-07-28T12:39:10.421020+00:00,measured,1,4,18,linked_separate_account_budget_32,separate,account_budget_b32,commitment_linked,tx_tag,2,linked_account_budget_transition_32,linked_account_budget_component,groth16,0.06489383100006307,0.3731882409999798,0.2954441950000728,0.7335262670001157,804,111,True,True,ok,
20260728T123050Z_paper_groth16,2026-07-28T12:39:10.421020+00:00,measured,1,4,18,linked_separate_account_budget_32,separate,account_budget_b32,commitment_linked,tx_tag,3,linked_account_budget_limit_32,linked_account_budget_component,groth16,0.05697860899999796,0.35380056799999693,0.2478548450001199,0.6586340220001148,804,111,True,True,ok,
20260728T123050Z_paper_groth16,2026-07-28T12:39:10.421020+00:00,measured,1,4,18,linked_separate_account_budget_32,separate,account_budget_b32,commitment_linked,tx_tag,4,linked_account_budget_budget_32,linked_account_budget_component,groth16,0.057421982000050775,0.34641833299997415,0.2548582299998543,0.6586985449998792,808,111,True,True,ok,
20260728T123050Z_paper_groth16,2026-07-28T12:39:12.213096+00:00,measured,1,4,19,separate_account_core_16,separate,account_core_b16,baseline,unbound,1,local_financial_validity_16,local_financial_validity,groth16,0.01886721400001079,0.29153347200008284,0.2814205850002054,0.591821271000299,806,3,True,,ok,
20260728T123050Z_paper_groth16,2026-07-28T12:39:12.213096+00:00,measured,1,4,19,separate_account_core_16,separate,account_core_b16,baseline,unbound,2,state_transition_and_conservation_16,state_transition_and_conservation,groth16,0.022393265000118845,0.30279709799992816,0.2836092560000907,0.6087996190001377,805,3,True,,ok,
20260728T123050Z_paper_groth16,2026-07-28T12:39:12.213096+00:00,measured,1,4,19,separate_account_core_16,separate,account_core_b16,baseline,unbound,3,operating_limit_16,operating_limit,groth16,0.020458491999988837,0.3035568699999658,0.26499579400001494,0.5890111559999696,803,12,True,,ok,
20260728T123050Z_paper_groth16,2026-07-28T12:39:13.411108+00:00,measured,1,4,20,separate_valid_limit_16,separate,valid_limit_b16,baseline,unbound,1,local_financial_validity_16,local_financial_validity,groth16,0.0209187479999855,0.2967270199999348,0.27330192700014777,0.590947695000068,806,3,True,,ok,
20260728T123050Z_paper_groth16,2026-07-28T12:39:13.411108+00:00,measured,1,4,20,separate_valid_limit_16,separate,valid_limit_b16,baseline,unbound,2,operating_limit_16,operating_limit,groth16,0.021435331000020597,0.30736918100001276,0.27704950499992265,0.605854016999956,807,12,True,,ok,
20260728T123050Z_paper_groth16,2026-07-28T12:39:14.024971+00:00,measured,1,4,21,operating_limit_16,monolithic,,,none,1,operating_limit_16,operating_limit,groth16,0.022130300000071657,0.30445617300006234,0.286664213999984,0.613250687000118,807,12,True,,ok,
20260728T123050Z_paper_groth16,2026-07-28T12:39:14.599477+00:00,measured,1,4,22,local_financial_validity_16,monolithic,,,none,1,local_financial_validity_16,local_financial_validity,groth16,0.023580245999937688,0.28523964900000465,0.26503341700004057,0.5738533119999829,807,3,True,,ok,
20260728T123050Z_paper_groth16,2026-07-28T12:39:15.366206+00:00,measured,1,4,23,merkle_membership_depth_8,monolithic,,,none,1,merkle_membership_depth_8,merkle_membership,groth16,0.044899831999828166,0.44073283399984575,0.2804627549999168,0.7660954209995907,805,84,True,,ok,
20260728T123050Z_paper_groth16,2026-07-28T12:39:17.921418+00:00,measured,1,4,24,separate_token_bundle_32_depth_8,separate,token_bundle_b32_d8,baseline,unbound,1,merkle_membership_depth_8,merkle_membership,groth16,0.04286554700001943,0.4363782299999457,0.2803136499999255,0.7595574269998906,806,84,True,,ok,
20260728T123050Z_paper_groth16,2026-07-28T12:39:17.921418+00:00,measured,1,4,24,separate_token_bundle_32_depth_8,separate,token_bundle_b32_d8,baseline,unbound,2,nullifier_correctness_poseidon,nullifier_correctness,groth16,0.035738746999868454,0.3428609040001902,0.28296787099998255,0.6615675220000412,807,164,True,,ok,
20260728T123050Z_paper_groth16,2026-07-28T12:39:17.921418+00:00,measured,1,4,24,separate_token_bundle_32_depth_8,separate,token_bundle_b32_d8,baseline,unbound,3,local_financial_validity_32,local_financial_validity,groth16,0.02041587099984099,0.28516823900008603,0.25602167900001405,0.5616057889999411,807,3,True,,ok,
20260728T123050Z_paper_groth16,2026-07-28T12:39:17.921418+00:00,measured,1,4,24,separate_token_bundle_32_depth_8,separate,token_bundle_b32_d8,baseline,unbound,4,privacy_budget_32,privacy_budget,groth16,0.018666237999923396,0.2941114350001044,0.25756928900000275,0.5703469620000305,805,16,True,,ok,
20260728T123050Z_paper_groth16,2026-07-28T12:39:18.532112+00:00,measured,1,4,25,account_policy_core_64,monolithic,account_core_b64,baseline,shared_witness,1,account_policy_core_64,account_policy_core,groth16,0.021611857000152668,0.31395773000008376,0.27448386600008234,0.6100534530003188,808,26,True,,ok,
20260728T123050Z_paper_groth16,2026-07-28T12:39:19.114128+00:00,measured,1,4,26,local_validity_and_operating_limit_32,monolithic,valid_limit_b32,baseline,shared_witness,1,local_validity_and_operating_limit_32,local_validity_and_operating_limit,groth16,0.022970080000050075,0.2956992940000873,0.2627534079999805,0.5814227820001179,803,16,True,,ok,
20260728T123050Z_paper_groth16,2026-07-28T12:39:19.684508+00:00,measured,1,4,27,operating_limit_32,monolithic,,,none,1,operating_limit_32,operating_limit,groth16,0.02320816399992509,0.2828752010000244,0.2636978650000401,0.5697812299999896,809,16,True,,ok,
20260728T123050Z_paper_groth16,2026-07-28T12:39:20.280697+00:00,measured,1,4,28,account_policy_with_privacy_budget_32,monolithic,account_budget_b32,baseline,shared_witness,1,account_policy_with_privacy_budget_32,account_policy_with_privacy_budget,groth16,0.0245235990000765,0.3034013320000213,0.26764493799987576,0.5955698689999736,805,30,True,,ok,
20260728T123050Z_paper_groth16,2026-07-28T12:39:21.082042+00:00,measured,1,4,29,token_policy_bundle_32_depth_8,monolithic,token_bundle_b32_d8,baseline,shared_witness,1,token_policy_bundle_32_depth_8,token_policy_bundle,groth16,0.060168141999838554,0.45698803100003715,0.28356199500012735,0.8007181680000031,807,261,True,,ok,
20260728T123050Z_paper_groth16,2026-07-28T12:39:22.103539+00:00,measured,1,4,30,token_policy_bundle_32_depth_32,monolithic,token_bundle_b32_d32,baseline,shared_witness,1,token_policy_bundle_32_depth_32,token_policy_bundle,groth16,0.06129838800006837,0.6725600260001556,0.2869774739999684,1.0208358880001924,804,261,True,,ok,
20260728T123050Z_paper_groth16,2026-07-28T12:39:22.701736+00:00,measured,1,4,31,account_policy_core_32,monolithic,account_core_b32,baseline,shared_witness,1,account_policy_core_32,account_policy_core,groth16,0.023090901999921698,0.31704957400006606,0.25746489600010136,0.5976053720000891,804,16,True,,ok,
20260728T123050Z_paper_groth16,2026-07-28T12:39:23.282069+00:00,measured,1,4,32,account_policy_core_16,monolithic,account_core_b16,baseline,shared_witness,1,account_policy_core_16,account_policy_core,groth16,0.021452903000181323,0.2948395129999426,0.26298470200003976,0.5792771180001637,803,12,True,,ok,
20260728T123050Z_paper_groth16,2026-07-28T12:39:23.974690+00:00,measured,1,4,33,linked_account_budget_monolithic_32,monolithic,account_budget_b32,commitment_linked,tx_tag,1,linked_account_budget_monolithic_32,account_policy_with_privacy_budget,groth16,0.05896785799995996,0.3587927630001104,0.27354619600009755,0.6913068170001679,808,111,True,True,ok,
20260728T123050Z_paper_groth16,2026-07-28T12:39:24.554997+00:00,measured,1,4,34,privacy_budget_32,monolithic,,,none,1,privacy_budget_32,privacy_budget,groth16,0.022811108000041713,0.3026421740000842,0.25402821199986647,0.5794814939999924,803,16,True,,ok,
20260728T123050Z_paper_groth16,2026-07-28T12:39:25.171597+00:00,measured,1,4,35,local_financial_validity_64,monolithic,,,none,1,local_financial_validity_64,local_financial_validity,groth16,0.02569276600002013,0.30226547999996,0.2880278760001147,0.6159861220000948,806,3,True,,ok,
20260728T123050Z_paper_groth16,2026-07-28T12:39:26.398082+00:00,measured,1,4,36,separate_valid_limit_64,separate,valid_limit_b64,baseline,unbound,1,local_financial_validity_64,local_financial_validity,groth16,0.022134274999871195,0.29388863000008314,0.2567329799999243,0.5727558849998786,806,3,True,,ok,
20260728T123050Z_paper_groth16,2026-07-28T12:39:26.398082+00:00,measured,1,4,36,separate_valid_limit_64,separate,valid_limit_b64,baseline,unbound,2,operating_limit_64,operating_limit,groth16,0.02237108300005275,0.33343130200000815,0.2966675629998008,0.6524699479998617,806,26,True,,ok,
20260728T123050Z_paper_groth16,2026-07-28T12:39:27.282703+00:00,measured,1,4,37,merkle_membership_depth_16,monolithic,,,none,1,merkle_membership_depth_16,merkle_membership,groth16,0.044630887000039365,0.5455622080000921,0.29372638800009554,0.883919483000227,805,84,True,,ok,
20260728T123050Z_paper_groth16,2026-07-28T12:39:28.713751+00:00,measured,1,4,38,linked_separate_valid_limit_32,separate,valid_limit_b32,commitment_linked,tx_tag,1,linked_valid_limit_validity_32,linked_valid_limit_component,groth16,0.04584376200000406,0.3340616039999986,0.31198762400003943,0.6918929900000421,807,98,True,True,ok,
20260728T123050Z_paper_groth16,2026-07-28T12:39:28.713751+00:00,measured,1,4,38,linked_separate_valid_limit_32,separate,valid_limit_b32,commitment_linked,tx_tag,2,linked_valid_limit_limit_32,linked_valid_limit_component,groth16,0.04730680799980291,0.39057507099983013,0.2996725370001059,0.7375544159997389,806,98,True,True,ok,
20260728T123050Z_paper_groth16,2026-07-28T12:39:31.191070+00:00,measured,1,4,39,separate_account_budget_16,separate,account_budget_b16,baseline,unbound,1,local_financial_validity_16,local_financial_validity,groth16,0.024576186999865968,0.32663999800001875,0.2981424289998813,0.649358613999766,803,3,True,,ok,
20260728T123050Z_paper_groth16,2026-07-28T12:39:31.191070+00:00,measured,1,4,39,separate_account_budget_16,separate,account_budget_b16,baseline,unbound,2,state_transition_and_conservation_16,state_transition_and_conservation,groth16,0.022069693999810625,0.3319610599999123,0.27554781700018793,0.6295785709999109,804,3,True,,ok,
20260728T123050Z_paper_groth16,2026-07-28T12:39:31.191070+00:00,measured,1,4,39,separate_account_budget_16,separate,account_budget_b16,baseline,unbound,3,operating_limit_16,operating_limit,groth16,0.023703367999814873,0.2987033809999957,0.2936261550000836,0.6160329039998942,805,12,True,,ok,
20260728T123050Z_paper_groth16,2026-07-28T12:39:31.191070+00:00,measured,1,4,39,separate_account_budget_16,separate,account_budget_b16,baseline,unbound,4,privacy_budget_16,privacy_budget,groth16,0.0191639860001942,0.30839537299993935,0.25216141299983974,0.5797207719999733,807,11,True,,ok,
20260728T123050Z_paper_groth16,2026-07-28T12:39:31.748710+00:00,measured,1,4,40,operating_limit_64,monolithic,,,none,1,operating_limit_64,operating_limit,groth16,0.019114390000140702,0.2920367509998414,0.24580130599997574,0.5569524469999578,807,26,True,,ok,
20260728T123050Z_paper_groth16,2026-07-28T12:39:32.338266+00:00,measured,1,4,41,state_transition_and_conservation_64,monolithic,,,none,1,state_transition_and_conservation_64,state_transition_and_conservation,groth16,0.020244611999942208,0.29085996100002376,0.2778470030000335,0.5889515759999995,804,3,True,,ok,
20260728T123050Z_paper_groth16,2026-07-28T12:39:32.892767+00:00,measured,1,4,42,local_financial_validity_32,monolithic,,,none,1,local_financial_validity_32,local_financial_validity,groth16,0.020375012000158677,0.2794530029998441,0.25408303099993645,0.5539110459999392,806,3,True,,ok,
20260728T123050Z_paper_groth16,2026-07-28T12:39:33.483150+00:00,measured,1,4,43,privacy_budget_16,monolithic,,,none,1,privacy_budget_16,privacy_budget,groth16,0.023102537000113443,0.2914190779999899,0.275257259,0.5897788740001033,805,11,True,,ok,
20260728T123050Z_paper_groth16,2026-07-28T12:39:34.352424+00:00,measured,1,4,44,token_policy_bundle_32_depth_16,monolithic,token_bundle_b32_d16,baseline,shared_witness,1,token_policy_bundle_32_depth_16,token_policy_bundle,groth16,0.04541390700001102,0.5566830630000368,0.2665090779998991,0.8686060479999469,807,260,True,,ok,
20260728T123050Z_paper_groth16,2026-07-28T12:39:37.226268+00:00,measured,1,4,45,separate_token_bundle_32_depth_32,separate,token_bundle_b32_d32,baseline,unbound,1,merkle_membership_depth_32,merkle_membership,groth16,0.04882833300007405,0.695205359000056,0.27019982699994216,1.0142335190000722,804,84,True,,ok,
20260728T123050Z_paper_groth16,2026-07-28T12:39:37.226268+00:00,measured,1,4,45,separate_token_bundle_32_depth_32,separate,token_bundle_b32_d32,baseline,unbound,2,nullifier_correctness_poseidon,nullifier_correctness,groth16,0.03533955400007471,0.3630372699999498,0.2886187899998731,0.6869956139998976,806,164,True,,ok,
20260728T123050Z_paper_groth16,2026-07-28T12:39:37.226268+00:00,measured,1,4,45,separate_token_bundle_32_depth_32,separate,token_bundle_b32_d32,baseline,unbound,3,local_financial_validity_32,local_financial_validity,groth16,0.02196754300007342,0.29695014699996136,0.2570669449999059,0.5759846349999407,805,3,True,,ok,
20260728T123050Z_paper_groth16,2026-07-28T12:39:37.226268+00:00,measured,1,4,45,separate_token_bundle_32_depth_32,separate,token_bundle_b32_d32,baseline,unbound,4,privacy_budget_32,privacy_budget,groth16,0.02278552799998579,0.303274515999874,0.2683049239999491,0.5943649679998089,806,16,True,,ok,
20260728T123050Z_paper_groth16,2026-07-28T12:39:37.831291+00:00,measured,1,4,46,privacy_budget_64,monolithic,,,none,1,privacy_budget_64,privacy_budget,groth16,0.02451944800009187,0.31069641500016587,0.2690983199997845,0.6043141830000422,805,26,True,,ok,
20260728T123050Z_paper_groth16,2026-07-28T12:39:38.433005+00:00,measured,1,5,1,local_validity_and_operating_limit_32,monolithic,valid_limit_b32,baseline,shared_witness,1,local_validity_and_operating_limit_32,local_validity_and_operating_limit,groth16,0.024727529000074355,0.3117911069998627,0.2644075690000136,0.6009262049999506,803,16,True,,ok,
20260728T123050Z_paper_groth16,2026-07-28T12:39:41.388378+00:00,measured,1,5,2,linked_separate_token_bundle_32_depth_16,separate,token_bundle_b32_d16,commitment_linked,tx_tag,1,linked_token_bundle_membership_32_depth_16,linked_token_bundle_component,groth16,0.06128548099991349,0.5725125879998814,0.2826905980000447,0.9164886669998396,806,342,True,True,ok,
20260728T123050Z_paper_groth16,2026-07-28T12:39:41.388378+00:00,measured,1,5,2,linked_separate_token_bundle_32_depth_16,separate,token_bundle_b32_d16,commitment_linked,tx_tag,2,linked_token_bundle_nullifier_32_depth_16,linked_token_bundle_component,groth16,0.06639921400005733,0.3841235800000504,0.2654751689999557,0.7159979630000635,806,342,True,True,ok,
20260728T123050Z_paper_groth16,2026-07-28T12:39:41.388378+00:00,measured,1,5,2,linked_separate_token_bundle_32_depth_16,separate,token_bundle_b32_d16,commitment_linked,tx_tag,3,linked_token_bundle_validity_32_depth_16,linked_token_bundle_component,groth16,0.0593490369999472,0.336083656000028,0.2530682149999848,0.64850090799996,803,342,True,True,ok,
20260728T123050Z_paper_groth16,2026-07-28T12:39:41.388378+00:00,measured,1,5,2,linked_separate_token_bundle_32_depth_16,separate,token_bundle_b32_d16,commitment_linked,tx_tag,4,linked_token_bundle_budget_32_depth_16,linked_token_bundle_component,groth16,0.06027131800010466,0.3364350199999535,0.27225437700008115,0.6689607150001393,806,342,True,True,ok,
20260728T123050Z_paper_groth16,2026-07-28T12:39:43.756873+00:00,measured,1,5,3,separate_account_budget_32,separate,account_budget_b32,baseline,unbound,1,local_financial_validity_32,local_financial_validity,groth16,0.024262999000029595,0.301718492999953,0.281566372000043,0.6075478640000256,804,3,True,,ok,
20260728T123050Z_paper_groth16,2026-07-28T12:39:43.756873+00:00,measured,1,5,3,separate_account_budget_32,separate,account_budget_b32,baseline,unbound,2,state_transition_and_conservation_32,state_transition_and_conservation,groth16,0.021235575999980938,0.33193025200012016,0.2745456869999998,0.6277115150001009,807,3,True,,ok,
20260728T123050Z_paper_groth16,2026-07-28T12:39:43.756873+00:00,measured,1,5,3,separate_account_budget_32,separate,account_budget_b32,baseline,unbound,3,operating_limit_32,operating_limit,groth16,0.022625909999987925,0.2856720290001249,0.2685850240000036,0.5768829630001164,805,16,True,,ok,
20260728T123050Z_paper_groth16,2026-07-28T12:39:43.756873+00:00,measured,1,5,3,separate_account_budget_32,separate,account_budget_b32,baseline,unbound,4,privacy_budget_32,privacy_budget,groth16,0.018829219000053854,0.2890949400000409,0.2460178190001443,0.553941978000239,801,16,True,,ok,
20260728T123050Z_paper_groth16,2026-07-28T12:39:44.808855+00:00,measured,1,5,4,merkle_membership_depth_32,monolithic,,,none,1,merkle_membership_depth_32,merkle_membership,groth16,0.04757462200018381,0.7191598639999484,0.2844876970000314,1.0512221830001636,803,84,True,,ok,
20260728T123050Z_paper_groth16,2026-07-28T12:39:47.356448+00:00,measured,1,5,5,separate_token_bundle_32_depth_8,separate,token_bundle_b32_d8,baseline,unbound,1,merkle_membership_depth_8,merkle_membership,groth16,0.04369082099992738,0.4255352509999284,0.2795480789998237,0.7487741509996795,804,84,True,,ok,
20260728T123050Z_paper_groth16,2026-07-28T12:39:47.356448+00:00,measured,1,5,5,separate_token_bundle_32_depth_8,separate,token_bundle_b32_d8,baseline,unbound,2,nullifier_correctness_poseidon,nullifier_correctness,groth16,0.038144434000059846,0.35069203099988044,0.2778288760000578,0.6666653409999981,805,164,True,,ok,
20260728T123050Z_paper_groth16,2026-07-28T12:39:47.356448+00:00,measured,1,5,5,separate_token_bundle_32_depth_8,separate,token_bundle_b32_d8,baseline,unbound,3,local_financial_validity_32,local_financial_validity,groth16,0.018541676000040752,0.29877836500008925,0.24533798900006332,0.5626580300001933,807,3,True,,ok,
20260728T123050Z_paper_groth16,2026-07-28T12:39:47.356448+00:00,measured,1,5,5,separate_token_bundle_32_depth_8,separate,token_bundle_b32_d8,baseline,unbound,4,privacy_budget_32,privacy_budget,groth16,0.01845154900001944,0.29675506899980064,0.2520769329998984,0.5672835509997185,802,16,True,,ok,
20260728T123050Z_paper_groth16,2026-07-28T12:39:48.280289+00:00,measured,1,5,6,linked_token_bundle_monolithic_32_depth_16,monolithic,token_bundle_b32_d16,commitment_linked,tx_tag,1,linked_token_bundle_monolithic_32_depth_16,token_policy_bundle,groth16,0.0675125800000842,0.56531512499987,0.288726405000034,0.9215541099999882,804,342,True,True,ok,
20260728T123050Z_paper_groth16,2026-07-28T12:39:48.902464+00:00,measured,1,5,7,local_validity_and_operating_limit_16,monolithic,valid_limit_b16,baseline,shared_witness,1,local_validity_and_operating_limit_16,local_validity_and_operating_limit,groth16,0.023198213999876316,0.30587354200019945,0.29252959100017506,0.6216013470002508,804,12,True,,ok,
20260728T123050Z_paper_groth16,2026-07-28T12:39:49.955211+00:00,measured,1,5,8,token_policy_bundle_32_depth_32,monolithic,token_bundle_b32_d32,baseline,shared_witness,1,token_policy_bundle_32_depth_32,token_policy_bundle,groth16,0.047612501999992674,0.7141289590001634,0.2903257340001346,1.0520671950002907,805,261,True,,ok,
20260728T123050Z_paper_groth16,2026-07-28T12:39:51.318363+00:00,measured,1,5,9,linked_separate_valid_limit_32,separate,valid_limit_b32,commitment_linked,tx_tag,1,linked_valid_limit_validity_32,linked_valid_limit_component,groth16,0.04162726000004113,0.3477706380001564,0.2708515119998083,0.6602494100000058,804,98,True,True,ok,
20260728T123050Z_paper_groth16,2026-07-28T12:39:51.318363+00:00,measured,1,5,9,linked_separate_valid_limit_32,separate,valid_limit_b32,commitment_linked,tx_tag,2,linked_valid_limit_limit_32,linked_valid_limit_component,groth16,0.04482443099982447,0.36285329399993316,0.29339282499995534,0.701070549999713,804,98,True,True,ok,
20260728T123050Z_paper_groth16,2026-07-28T12:39:51.917169+00:00,measured,1,5,10,privacy_budget_32,monolithic,,,none,1,privacy_budget_32,privacy_budget,groth16,0.020238626000036675,0.31219781099980537,0.2657407020001301,0.5981771389999722,807,16,True,,ok,
20260728T123050Z_paper_groth16,2026-07-28T12:39:52.512927+00:00,measured,1,5,11,privacy_budget_64,monolithic,,,none,1,privacy_budget_64,privacy_budget,groth16,0.02283118399986961,0.2898965470001258,0.2824245130000236,0.595152244000019,804,26,True,,ok,
20260728T123050Z_paper_groth16,2026-07-28T12:39:55.045821+00:00,measured,1,5,12,separate_account_budget_64,separate,account_budget_b64,baseline,unbound,1,local_financial_validity_64,local_financial_validity,groth16,0.02279773700001897,0.30511709000006704,0.28341536800007816,0.6113301950001642,801,3,True,,ok,
20260728T123050Z_paper_groth16,2026-07-28T12:39:55.045821+00:00,measured,1,5,12,separate_account_budget_64,separate,account_budget_b64,baseline,unbound,2,state_transition_and_conservation_64,state_transition_and_conservation,groth16,0.026311721999945803,0.32980949400007376,0.29282514099986656,0.6489463569998861,807,3,True,,ok,
20260728T123050Z_paper_groth16,2026-07-28T12:39:55.045821+00:00,measured,1,5,12,separate_account_budget_64,separate,account_budget_b64,baseline,unbound,3,operating_limit_64,operating_limit,groth16,0.02165708799998356,0.33096917099987877,0.2733860729999833,0.6260123319998456,804,26,True,,ok,
20260728T123050Z_paper_groth16,2026-07-28T12:39:55.045821+00:00,measured,1,5,12,separate_account_budget_64,separate,account_budget_b64,baseline,unbound,4,privacy_budget_64,privacy_budget,groth16,0.019253073000072618,0.3605094189999818,0.26391388500019275,0.6436763770002472,806,26,True,,ok,
20260728T123050Z_paper_groth16,2026-07-28T12:39:55.637010+00:00,measured,1,5,13,state_transition_and_conservation_64,monolithic,,,none,1,state_transition_and_conservation_64,state_transition_and_conservation,groth16,0.025882417000048008,0.30796177199999875,0.2566397670000242,0.590483956000071,802,3,True,,ok,
20260728T123050Z_paper_groth16,2026-07-28T12:39:56.217102+00:00,measured,1,5,14,account_policy_with_privacy_budget_16,monolithic,account_budget_b16,baseline,shared_witness,1,account_policy_with_privacy_budget_16,account_policy_with_privacy_budget,groth16,0.022931720000087807,0.29150822199994764,0.2648625289998563,0.5793024709998917,804,21,True,,ok,
20260728T123050Z_paper_groth16,2026-07-28T12:39:56.789401+00:00,measured,1,5,15,account_policy_with_privacy_budget_32,monolithic,account_budget_b32,baseline,shared_witness,1,account_policy_with_privacy_budget_32,account_policy_with_privacy_budget,groth16,0.022342196000181502,0.29741821700008586,0.25181821399996807,0.5715786270002354,806,30,True,,ok,
20260728T123050Z_paper_groth16,2026-07-28T12:39:57.963829+00:00,measured,1,5,16,separate_valid_limit_32,separate,valid_limit_b32,baseline,unbound,1,local_financial_validity_32,local_financial_validity,groth16,0.02116877999992539,0.28279738500009444,0.26503543200010427,0.5690015970001241,805,3,True,,ok,
20260728T123050Z_paper_groth16,2026-07-28T12:39:57.963829+00:00,measured,1,5,16,separate_valid_limit_32,separate,valid_limit_b32,baseline,unbound,2,operating_limit_32,operating_limit,groth16,0.022379806999879293,0.3143955969999297,0.26739038699997764,0.6041657909997866,805,16,True,,ok,
20260728T123050Z_paper_groth16,2026-07-28T12:39:58.549032+00:00,measured,1,5,17,operating_limit_64,monolithic,,,none,1,operating_limit_64,operating_limit,groth16,0.022659478999912608,0.29020590899995113,0.2716227930000059,0.5844881809998697,803,26,True,,ok,
20260728T123050Z_paper_groth16,2026-07-28T12:40:00.343951+00:00,measured,1,5,18,separate_account_core_32,separate,account_core_b32,baseline,unbound,1,local_financial_validity_32,local_financial_validity,groth16,0.020544662000020253,0.2948557229999551,0.2714242029999241,0.5868245879998994,808,3,True,,ok,
20260728T123050Z_paper_groth16,2026-07-28T12:40:00.343951+00:00,measured,1,5,18,separate_account_core_32,separate,account_core_b32,baseline,unbound,2,state_transition_and_conservation_32,state_transition_and_conservation,groth16,0.020041788000071392,0.2999213380001038,0.27849149199983003,0.5984546180000052,807,3,True,,ok,
20260728T123050Z_paper_groth16,2026-07-28T12:40:00.343951+00:00,measured,1,5,18,separate_account_core_32,separate,account_core_b32,baseline,unbound,3,operating_limit_32,operating_limit,groth16,0.020907087999830765,0.31983958499995424,0.26722705899987886,0.6079737319996639,803,16,True,,ok,
20260728T123050Z_paper_groth16,2026-07-28T12:40:01.557782+00:00,measured,1,5,19,separate_valid_limit_64,separate,valid_limit_b64,baseline,unbound,1,local_financial_validity_64,local_financial_validity,groth16,0.022290477000069586,0.30597211200006313,0.2580085740000868,0.5862711630002195,808,3,True,,ok,
20260728T123050Z_paper_groth16,2026-07-28T12:40:01.557782+00:00,measured,1,5,19,separate_valid_limit_64,separate,valid_limit_b64,baseline,unbound,2,operating_limit_64,operating_limit,groth16,0.022290181000016673,0.32408173299995724,0.2800406280000516,0.6264125420000255,805,26,True,,ok,
20260728T123050Z_paper_groth16,2026-07-28T12:40:02.431365+00:00,measured,1,5,20,token_policy_bundle_32_depth_16,monolithic,token_bundle_b32_d16,baseline,shared_witness,1,token_policy_bundle_32_depth_16,token_policy_bundle,groth16,0.04834796099999039,0.5558070580000276,0.26858027299999776,0.8727352920000158,806,260,True,,ok,
20260728T123050Z_paper_groth16,2026-07-28T12:40:02.991376+00:00,measured,1,5,21,state_transition_and_conservation_32,monolithic,,,none,1,state_transition_and_conservation_32,state_transition_and_conservation,groth16,0.02318485899991174,0.28837787600014053,0.24784268199982762,0.5594054169998799,807,3,True,,ok,
20260728T123050Z_paper_groth16,2026-07-28T12:40:04.824057+00:00,measured,1,5,22,separate_account_core_64,separate,account_core_b64,baseline,unbound,1,local_financial_validity_64,local_financial_validity,groth16,0.02647179700011293,0.2877540440001667,0.26455626899996787,0.5787821100002475,804,3,True,,ok,
20260728T123050Z_paper_groth16,2026-07-28T12:40:04.824057+00:00,measured,1,5,22,separate_account_core_64,separate,account_core_b64,baseline,unbound,2,state_transition_and_conservation_64,state_transition_and_conservation,groth16,0.020309472999997524,0.32440575999999055,0.2714094779998959,0.616124710999884,806,3,True,,ok,
20260728T123050Z_paper_groth16,2026-07-28T12:40:04.824057+00:00,measured,1,5,22,separate_account_core_64,separate,account_core_b64,baseline,unbound,3,operating_limit_64,operating_limit,groth16,0.022103758999946876,0.32089499299991076,0.29314138200015805,0.6361401340000157,803,26,True,,ok,
20260728T123050Z_paper_groth16,2026-07-28T12:40:07.260670+00:00,measured,1,5,23,separate_account_budget_16,separate,account_budget_b16,baseline,unbound,1,local_financial_validity_16,local_financial_validity,groth16,0.01973488399994494,0.31633569699988584,0.2983765139999832,0.634447094999814,806,3,True,,ok,
20260728T123050Z_paper_groth16,2026-07-28T12:40:07.260670+00:00,measured,1,5,23,separate_account_budget_16,separate,account_budget_b16,baseline,unbound,2,state_transition_and_conservation_16,state_transition_and_conservation,groth16,0.02330832100005864,0.31550160000006144,0.28344669500006603,0.6222566160001861,805,3,True,,ok,
20260728T123050Z_paper_groth16,2026-07-28T12:40:07.260670+00:00,measured,1,5,23,separate_account_budget_16,separate,account_budget_b16,baseline,unbound,3,operating_limit_16,operating_limit,groth16,0.020117905999995855,0.30092799899989586,0.27908411899989005,0.6001300239997818,803,12,True,,ok,
20260728T123050Z_paper_groth16,2026-07-28T12:40:07.260670+00:00,measured,1,5,23,separate_account_budget_16,separate,account_budget_b16,baseline,unbound,4,privacy_budget_16,privacy_budget,groth16,0.0185417369998504,0.28664621300004,0.27233149699986825,0.5775194469997587,798,11,True,,ok,
20260728T123050Z_paper_groth16,2026-07-28T12:40:10.035409+00:00,measured,1,5,24,linked_separate_account_budget_32,separate,account_budget_b32,commitment_linked,tx_tag,1,linked_account_budget_validity_32,linked_account_budget_component,groth16,0.08368443699987438,0.3557600569999977,0.29675888099995973,0.7362033749998318,807,111,True,True,ok,
20260728T123050Z_paper_groth16,2026-07-28T12:40:10.035409+00:00,measured,1,5,24,linked_separate_account_budget_32,separate,account_budget_b32,commitment_linked,tx_tag,2,linked_account_budget_transition_32,linked_account_budget_component,groth16,0.06379186300000583,0.3502124960000401,0.26353066999990915,0.6775350289999551,804,111,True,True,ok,
20260728T123050Z_paper_groth16,2026-07-28T12:40:10.035409+00:00,measured,1,5,24,linked_separate_account_budget_32,separate,account_budget_b32,commitment_linked,tx_tag,3,linked_account_budget_limit_32,linked_account_budget_component,groth16,0.05935968999983743,0.3391617849999875,0.27279657600001883,0.6713180509998438,805,111,True,True,ok,
20260728T123050Z_paper_groth16,2026-07-28T12:40:10.035409+00:00,measured,1,5,24,linked_separate_account_budget_32,separate,account_budget_b32,commitment_linked,tx_tag,4,linked_account_budget_budget_32,linked_account_budget_component,groth16,0.05999266100002387,0.3556257679999817,0.27073873800009096,0.6863571670000965,805,111,True,True,ok,
20260728T123050Z_paper_groth16,2026-07-28T12:40:10.670992+00:00,measured,1,5,25,operating_limit_32,monolithic,,,none,1,operating_limit_32,operating_limit,groth16,0.021548892000055275,0.30579314400006297,0.30761576600002627,0.6349578020001445,803,16,True,,ok,
20260728T123050Z_paper_groth16,2026-07-28T12:40:11.365674+00:00,measured,1,5,26,linked_account_budget_monolithic_32,monolithic,account_budget_b32,commitment_linked,tx_tag,1,linked_account_budget_monolithic_32,account_policy_with_privacy_budget,groth16,0.058677270000089266,0.3549698229999194,0.28010504600001696,0.6937521390000256,805,111,True,True,ok,
20260728T123050Z_paper_groth16,2026-07-28T12:40:14.292810+00:00,measured,1,5,27,separate_token_bundle_32_depth_32,separate,token_bundle_b32_d32,baseline,unbound,1,merkle_membership_depth_32,merkle_membership,groth16,0.044852983000055247,0.7454272540001057,0.2795345990000442,1.069814836000205,804,84,True,,ok,
20260728T123050Z_paper_groth16,2026-07-28T12:40:14.292810+00:00,measured,1,5,27,separate_token_bundle_32_depth_32,separate,token_bundle_b32_d32,baseline,unbound,2,nullifier_correctness_poseidon,nullifier_correctness,groth16,0.03393219599979602,0.35550309700010985,0.27507300000002033,0.6645082929999262,803,164,True,,ok,
20260728T123050Z_paper_groth16,2026-07-28T12:40:14.292810+00:00,measured,1,5,27,separate_token_bundle_32_depth_32,separate,token_bundle_b32_d32,baseline,unbound,3,local_financial_validity_32,local_financial_validity,groth16,0.022667611999850124,0.3038052280001011,0.265513564999992,0.5919864049999433,808,3,True,,ok,
20260728T123050Z_paper_groth16,2026-07-28T12:40:14.292810+00:00,measured,1,5,27,separate_token_bundle_32_depth_32,separate,token_bundle_b32_d32,baseline,unbound,4,privacy_budget_32,privacy_budget,groth16,0.021015309999938836,0.30311018200018225,0.27439777800009324,0.5985232700002143,807,16,True,,ok,
20260728T123050Z_paper_groth16,2026-07-28T12:40:14.868424+00:00,measured,1,5,28,state_transition_and_conservation_16,monolithic,,,none,1,state_transition_and_conservation_16,state_transition_and_conservation,groth16,0.02194838099990193,0.29545398599998407,0.24902240100004747,0.5664247679999335,804,3,True,,ok,
20260728T123050Z_paper_groth16,2026-07-28T12:40:15.435665+00:00,measured,1,5,29,account_policy_core_32,monolithic,account_core_b32,baseline,shared_witness,1,account_policy_core_32,account_policy_core,groth16,0.025960917000020345,0.28600928399987424,0.2546192659999633,0.5665894669998579,804,16,True,,ok,
20260728T123050Z_paper_groth16,2026-07-28T12:40:16.601847+00:00,measured,1,5,30,separate_valid_limit_16,separate,valid_limit_b16,baseline,unbound,1,local_financial_validity_16,local_financial_validity,groth16,0.01972846299986486,0.2740710029997899,0.26097289400013324,0.554772359999788,807,3,True,,ok,
20260728T123050Z_paper_groth16,2026-07-28T12:40:16.601847+00:00,measured,1,5,30,separate_valid_limit_16,separate,valid_limit_b16,baseline,unbound,2,operating_limit_16,operating_limit,groth16,0.021301413999935903,0.30772290499999144,0.28127641600008246,0.6103007350000098,803,12,True,,ok,
20260728T123050Z_paper_groth16,2026-07-28T12:40:17.231670+00:00,measured,1,5,31,linked_valid_limit_monolithic_32,monolithic,valid_limit_b32,commitment_linked,tx_tag,1,linked_valid_limit_monolithic_32,local_validity_and_operating_limit,groth16,0.04290934399978141,0.3325521720000779,0.2534785949999332,0.6289401109997925,804,98,True,True,ok,
20260728T123050Z_paper_groth16,2026-07-28T12:40:19.111294+00:00,measured,1,5,32,separate_account_core_16,separate,account_core_b16,baseline,unbound,1,local_financial_validity_16,local_financial_validity,groth16,0.02144550299999537,0.29814141500014557,0.3158330719998048,0.6354199899999458,807,3,True,,ok,
20260728T123050Z_paper_groth16,2026-07-28T12:40:19.111294+00:00,measured,1,5,32,separate_account_core_16,separate,account_core_b16,baseline,unbound,2,state_transition_and_conservation_16,state_transition_and_conservation,groth16,0.02325731399992037,0.31183336100002634,0.3195227139999588,0.6546133889999055,806,3,True,,ok,
20260728T123050Z_paper_groth16,2026-07-28T12:40:19.111294+00:00,measured,1,5,32,separate_account_core_16,separate,account_core_b16,baseline,unbound,3,operating_limit_16,operating_limit,groth16,0.021613754000100016,0.29683468100006394,0.26920046300006106,0.587648898000225,806,12,True,,ok,
20260728T123050Z_paper_groth16,2026-07-28T12:40:19.690332+00:00,measured,1,5,33,privacy_budget_16,monolithic,,,none,1,privacy_budget_16,privacy_budget,groth16,0.02105946500000755,0.2885008179998749,0.26881832200001554,0.578378604999898,805,11,True,,ok,
20260728T123050Z_paper_groth16,2026-07-28T12:40:20.475489+00:00,measured,1,5,34,token_policy_bundle_32_depth_8,monolithic,token_bundle_b32_d8,baseline,shared_witness,1,token_policy_bundle_32_depth_8,token_policy_bundle,groth16,0.048818596000046455,0.4450753779999559,0.29063304300007076,0.7845270170000731,805,261,True,,ok,
20260728T123050Z_paper_groth16,2026-07-28T12:40:21.106298+00:00,measured,1,5,35,local_validity_and_operating_limit_64,monolithic,valid_limit_b64,baseline,shared_witness,1,local_validity_and_operating_limit_64,local_validity_and_operating_limit,groth16,0.021634790000007342,0.32290029399996456,0.2853485250000176,0.6298836089999895,802,26,True,,ok,
20260728T123050Z_paper_groth16,2026-07-28T12:40:21.683529+00:00,measured,1,5,36,account_policy_core_16,monolithic,account_core_b16,baseline,shared_witness,1,account_policy_core_16,account_policy_core,groth16,0.020333976000074472,0.2904529150000599,0.2658450559999892,0.5766319470001235,804,12,True,,ok,
20260728T123050Z_paper_groth16,2026-07-28T12:40:22.270345+00:00,measured,1,5,37,account_policy_core_64,monolithic,account_core_b64,baseline,shared_witness,1,account_policy_core_64,account_policy_core,groth16,0.02191078100008781,0.30455895399995825,0.25970545600011974,0.5861751910001658,806,26,True,,ok,
20260728T123050Z_paper_groth16,2026-07-28T12:40:22.849864+00:00,measured,1,5,38,operating_limit_16,monolithic,,,none,1,operating_limit_16,operating_limit,groth16,0.021991332999959923,0.27815297799998007,0.27872564499989494,0.5788699559998349,805,12,True,,ok,
20260728T123050Z_paper_groth16,2026-07-28T12:40:23.430934+00:00,measured,1,5,39,account_policy_with_privacy_budget_64,monolithic,account_budget_b64,baseline,shared_witness,1,account_policy_with_privacy_budget_64,account_policy_with_privacy_budget,groth16,0.02293585000006715,0.30604066399996555,0.2514729469999111,0.5804494609999438,807,50,True,,ok,
20260728T123050Z_paper_groth16,2026-07-28T12:40:24.306612+00:00,measured,1,5,40,merkle_membership_depth_16,monolithic,,,none,1,merkle_membership_depth_16,merkle_membership,groth16,0.0422522389999358,0.5414246289999483,0.29135371200004556,0.8750305799999296,804,84,True,,ok,
20260728T123050Z_paper_groth16,2026-07-28T12:40:26.906645+00:00,measured,1,5,41,separate_token_bundle_32_depth_16,separate,token_bundle_b32_d16,baseline,unbound,1,merkle_membership_depth_16,merkle_membership,groth16,0.04559108400007972,0.5069915470000979,0.28738441499990586,0.8399670460000834,805,84,True,,ok,
20260728T123050Z_paper_groth16,2026-07-28T12:40:26.906645+00:00,measured,1,5,41,separate_token_bundle_32_depth_16,separate,token_bundle_b32_d16,baseline,unbound,2,nullifier_correctness_poseidon,nullifier_correctness,groth16,0.03831823499990605,0.34763652200012984,0.26321605599991926,0.6491708129999552,804,164,True,,ok,
20260728T123050Z_paper_groth16,2026-07-28T12:40:26.906645+00:00,measured,1,5,41,separate_token_bundle_32_depth_16,separate,token_bundle_b32_d16,baseline,unbound,3,local_financial_validity_32,local_financial_validity,groth16,0.018273776999876645,0.2819309010001234,0.24259182900004816,0.5427965070000482,808,3,True,,ok,
20260728T123050Z_paper_groth16,2026-07-28T12:40:26.906645+00:00,measured,1,5,41,separate_token_bundle_32_depth_16,separate,token_bundle_b32_d16,baseline,unbound,4,privacy_budget_32,privacy_budget,groth16,0.019008137999890096,0.2866875980000714,0.2601899390001563,0.5658856750001178,803,16,True,,ok,
20260728T123050Z_paper_groth16,2026-07-28T12:40:27.503872+00:00,measured,1,5,42,local_financial_validity_32,monolithic,,,none,1,local_financial_validity_32,local_financial_validity,groth16,0.0204727959999218,0.3062505059999694,0.269845714999974,0.5965690169998652,804,3,True,,ok,
20260728T123050Z_paper_groth16,2026-07-28T12:40:28.166698+00:00,measured,1,5,43,nullifier_correctness_poseidon,monolithic,,,none,1,nullifier_correctness_poseidon,nullifier_correctness,groth16,0.03584145900003932,0.342159176999985,0.28414155900009064,0.662142195000115,804,164,True,,ok,
20260728T123050Z_paper_groth16,2026-07-28T12:40:28.736576+00:00,measured,1,5,44,local_financial_validity_16,monolithic,,,none,1,local_financial_validity_16,local_financial_validity,groth16,0.020763863999945897,0.2747727980001855,0.2737184290001551,0.5692550910002865,805,3,True,,ok,
20260728T123050Z_paper_groth16,2026-07-28T12:40:29.470079+00:00,measured,1,5,45,merkle_membership_depth_8,monolithic,,,none,1,merkle_membership_depth_8,merkle_membership,groth16,0.04269601600003625,0.41769205299988243,0.27248361700003443,0.7328716859999531,808,84,True,,ok,
20260728T123050Z_paper_groth16,2026-07-28T12:40:30.073009+00:00,measured,1,5,46,local_financial_validity_64,monolithic,,,none,1,local_financial_validity_64,local_financial_validity,groth16,0.021407694000117772,0.3034835779999412,0.2774174659998607,0.6023087379999197,805,3,True,,ok,
20260728T123050Z_paper_groth16,2026-07-28T12:40:30.672180+00:00,measured,1,6,1,account_policy_core_16,monolithic,account_core_b16,baseline,shared_witness,1,account_policy_core_16,account_policy_core,groth16,0.02298101700012012,0.2987438169998313,0.27676484199992046,0.5984896759998719,803,12,True,,ok,
20260728T123050Z_paper_groth16,2026-07-28T12:40:31.388814+00:00,measured,1,6,2,linked_account_budget_monolithic_32,monolithic,account_budget_b32,commitment_linked,tx_tag,1,linked_account_budget_monolithic_32,account_policy_with_privacy_budget,groth16,0.06396100099982505,0.36257416199987347,0.289187327000036,0.7157224899997345,806,111,True,True,ok,
20260728T123050Z_paper_groth16,2026-07-28T12:40:32.778114+00:00,measured,1,6,3,linked_separate_valid_limit_32,separate,valid_limit_b32,commitment_linked,tx_tag,1,linked_valid_limit_validity_32,linked_valid_limit_component,groth16,0.04389075599988246,0.3503857670000343,0.2824767229999452,0.676753245999862,801,98,True,True,ok,
20260728T123050Z_paper_groth16,2026-07-28T12:40:32.778114+00:00,measured,1,6,3,linked_separate_valid_limit_32,separate,valid_limit_b32,commitment_linked,tx_tag,2,linked_valid_limit_limit_32,linked_valid_limit_component,groth16,0.04194617400003153,0.3804841649998707,0.2880583150001712,0.7104886540000734,806,98,True,True,ok,
20260728T123050Z_paper_groth16,2026-07-28T12:40:33.716513+00:00,measured,1,6,4,linked_token_bundle_monolithic_32_depth_16,monolithic,token_bundle_b32_d16,commitment_linked,tx_tag,1,linked_token_bundle_monolithic_32_depth_16,token_policy_bundle,groth16,0.06867003399997884,0.5815795230000731,0.28550608500017916,0.9357556420002311,806,342,True,True,ok,
20260728T123050Z_paper_groth16,2026-07-28T12:40:34.469348+00:00,measured,1,6,5,token_policy_bundle_32_depth_8,monolithic,token_bundle_b32_d8,baseline,shared_witness,1,token_policy_bundle_32_depth_8,token_policy_bundle,groth16,0.04773323499989601,0.43129341700000623,0.2731629830000202,0.7521896349999224,803,261,True,,ok,
20260728T123050Z_paper_groth16,2026-07-28T12:40:36.849085+00:00,measured,1,6,6,separate_account_budget_32,separate,account_budget_b32,baseline,unbound,1,local_financial_validity_32,local_financial_validity,groth16,0.021334710000019186,0.2958688579999489,0.25298926200002825,0.5701928299999963,804,3,True,,ok,
20260728T123050Z_paper_groth16,2026-07-28T12:40:36.849085+00:00,measured,1,6,6,separate_account_budget_32,separate,account_budget_b32,baseline,unbound,2,state_transition_and_conservation_32,state_transition_and_conservation,groth16,0.019958307000024433,0.34632142999998905,0.2792820780000511,0.6455618150000646,803,3,True,,ok,
20260728T123050Z_paper_groth16,2026-07-28T12:40:36.849085+00:00,measured,1,6,6,separate_account_budget_32,separate,account_budget_b32,baseline,unbound,3,operating_limit_32,operating_limit,groth16,0.022124126999869986,0.3000180579999778,0.24100416600003882,0.5631463509998866,804,16,True,,ok,
20260728T123050Z_paper_groth16,2026-07-28T12:40:36.849085+00:00,measured,1,6,6,separate_account_budget_32,separate,account_budget_b32,baseline,unbound,4,privacy_budget_32,privacy_budget,groth16,0.018377612999984194,0.3061682170000495,0.27415652900003806,0.5987023590000717,806,16,True,,ok,
20260728T123050Z_paper_groth16,2026-07-28T12:40:37.511002+00:00,measured,1,6,7,account_policy_with_privacy_budget_64,monolithic,account_budget_b64,baseline,shared_witness,1,account_policy_with_privacy_budget_64,account_policy_with_privacy_budget,groth16,0.02265846699992835,0.3485104420001335,0.2898626830001376,0.6610315920001995,806,50,True,,ok,
20260728T123050Z_paper_groth16,2026-07-28T12:40:38.106247+00:00,measured,1,6,8,privacy_budget_64,monolithic,,,none,1,privacy_budget_64,privacy_budget,groth16,0.02277349599989975,0.31258406300003116,0.25926565600002505,0.594623214999956,803,26,True,,ok,
20260728T123050Z_paper_groth16,2026-07-28T12:40:40.929392+00:00,measured,1,6,9,separate_token_bundle_32_depth_32,separate,token_bundle_b32_d32,baseline,unbound,1,merkle_membership_depth_32,merkle_membership,groth16,0.04797003100020447,0.6957812069999818,0.27712155700010044,1.0208727950002867,809,84,True,,ok,
20260728T123050Z_paper_groth16,2026-07-28T12:40:40.929392+00:00,measured,1,6,9,separate_token_bundle_32_depth_32,separate,token_bundle_b32_d32,baseline,unbound,2,nullifier_correctness_poseidon,nullifier_correctness,groth16,0.04439545399986855,0.38522402699982194,0.2639380399998572,0.6935575209995477,804,164,True,,ok,
20260728T123050Z_paper_groth16,2026-07-28T12:40:40.929392+00:00,measured,1,6,9,separate_token_bundle_32_depth_32,separate,token_bundle_b32_d32,baseline,unbound,3,local_financial_validity_32,local_financial_validity,groth16,0.018899112999861245,0.2740236839999852,0.25491172700003517,0.5478345239998816,803,3,True,,ok,
20260728T123050Z_paper_groth16,2026-07-28T12:40:40.929392+00:00,measured,1,6,9,separate_token_bundle_32_depth_32,separate,token_bundle_b32_d32,baseline,unbound,4,privacy_budget_32,privacy_budget,groth16,0.018298731000186308,0.2892458619999161,0.25120066100021177,0.5587452540003142,805,16,True,,ok,
20260728T123050Z_paper_groth16,2026-07-28T12:40:41.575548+00:00,measured,1,6,10,linked_valid_limit_monolithic_32,monolithic,valid_limit_b32,commitment_linked,tx_tag,1,linked_valid_limit_monolithic_32,local_validity_and_operating_limit,groth16,0.04309073600006741,0.3479447560000608,0.2542604300001585,0.6452959220002867,805,98,True,True,ok,
20260728T123050Z_paper_groth16,2026-07-28T12:40:42.222466+00:00,measured,1,6,11,account_policy_core_32,monolithic,account_core_b32,baseline,shared_witness,1,account_policy_core_32,account_policy_core,groth16,0.02391190500020457,0.3465943260000586,0.27579934599998523,0.6463055770002484,807,16,True,,ok,
20260728T123050Z_paper_groth16,2026-07-28T12:40:43.050623+00:00,measured,1,6,12,merkle_membership_depth_16,monolithic,,,none,1,merkle_membership_depth_16,merkle_membership,groth16,0.04071397899997464,0.5182065089998105,0.268419078000079,0.8273395659998641,804,84,True,,ok,
20260728T123050Z_paper_groth16,2026-07-28T12:40:43.684007+00:00,measured,1,6,13,nullifier_correctness_poseidon,monolithic,,,none,1,nullifier_correctness_poseidon,nullifier_correctness,groth16,0.03671768599997449,0.3225790799999686,0.27347672900009456,0.6327734950000377,806,164,True,,ok,
20260728T123050Z_paper_groth16,2026-07-28T12:40:44.291232+00:00,measured,1,6,14,account_policy_with_privacy_budget_16,monolithic,account_budget_b16,baseline,shared_witness,1,account_policy_with_privacy_budget_16,account_policy_with_privacy_budget,groth16,0.023847816999932547,0.3091859410001234,0.2735833819999698,0.6066171400000258,805,21,True,,ok,
20260728T123050Z_paper_groth16,2026-07-28T12:40:44.906970+00:00,measured,1,6,15,privacy_budget_32,monolithic,,,none,1,privacy_budget_32,privacy_budget,groth16,0.022589250000009997,0.31707590399992114,0.27543892699986827,0.6151040809997994,805,16,True,,ok,
20260728T123050Z_paper_groth16,2026-07-28T12:40:45.966375+00:00,measured,1,6,16,merkle_membership_depth_32,monolithic,,,none,1,merkle_membership_depth_32,merkle_membership,groth16,0.04599926200012305,0.7196174089999658,0.2930530710000312,1.05866974200012,804,84,True,,ok,
20260728T123050Z_paper_groth16,2026-07-28T12:40:46.543873+00:00,measured,1,6,17,local_financial_validity_16,monolithic,,,none,1,local_financial_validity_16,local_financial_validity,groth16,0.022059096000020872,0.29515586299999086,0.25964359500017054,0.5768585540001823,807,3,True,,ok,
20260728T123050Z_paper_groth16,2026-07-28T12:40:47.151735+00:00,measured,1,6,18,account_policy_with_privacy_budget_32,monolithic,account_budget_b32,baseline,shared_witness,1,account_policy_with_privacy_budget_32,account_policy_with_privacy_budget,groth16,0.02063521800005219,0.30884475499988184,0.2777743519998239,0.607254324999758,804,30,True,,ok,
20260728T123050Z_paper_groth16,2026-07-28T12:40:47.755167+00:00,measured,1,6,19,operating_limit_16,monolithic,,,none,1,operating_limit_16,operating_limit,groth16,0.021206549999988056,0.30135197799995694,0.28025229299987586,0.6028108209998209,804,12,True,,ok,
20260728T123050Z_paper_groth16,2026-07-28T12:40:48.335130+00:00,measured,1,6,20,state_transition_and_conservation_64,monolithic,,,none,1,state_transition_and_conservation_64,state_transition_and_conservation,groth16,0.021803960999932315,0.3035982829999284,0.2539569579998897,0.5793592019997504,806,3,True,,ok,
20260728T123050Z_paper_groth16,2026-07-28T12:40:51.289181+00:00,measured,1,6,21,linked_separate_token_bundle_32_depth_16,separate,token_bundle_b32_d16,commitment_linked,tx_tag,1,linked_token_bundle_membership_32_depth_16,linked_token_bundle_component,groth16,0.06262865999997302,0.5572320050000599,0.28528212899982464,0.9051427939998575,806,342,True,True,ok,
20260728T123050Z_paper_groth16,2026-07-28T12:40:51.289181+00:00,measured,1,6,21,linked_separate_token_bundle_32_depth_16,separate,token_bundle_b32_d16,commitment_linked,tx_tag,2,linked_token_bundle_nullifier_32_depth_16,linked_token_bundle_component,groth16,0.06660077299989098,0.3947184979999747,0.25744161800002985,0.7187608889998955,801,342,True,True,ok,
20260728T123050Z_paper_groth16,2026-07-28T12:40:51.289181+00:00,measured,1,6,21,linked_separate_token_bundle_32_depth_16,separate,token_bundle_b32_d16,commitment_linked,tx_tag,3,linked_token_bundle_validity_32_depth_16,linked_token_bundle_component,groth16,0.05640347600001405,0.3335011229999054,0.2680872839998756,0.657991882999795,805,342,True,True,ok,
20260728T123050Z_paper_groth16,2026-07-28T12:40:51.289181+00:00,measured,1,6,21,linked_separate_token_bundle_32_depth_16,separate,token_bundle_b32_d16,commitment_linked,tx_tag,4,linked_token_bundle_budget_32_depth_16,linked_token_bundle_component,groth16,0.05526907800003755,0.3341016189999664,0.27820014199983234,0.6675708389998363,807,342,True,True,ok,
20260728T123050Z_paper_groth16,2026-07-28T12:40:51.903107+00:00,measured,1,6,22,local_validity_and_operating_limit_64,monolithic,valid_limit_b64,baseline,shared_witness,1,local_validity_and_operating_limit_64,local_validity_and_operating_limit,groth16,0.03533878799999002,0.31967076699993413,0.2582398900001408,0.613249445000065,808,26,True,,ok,
20260728T123050Z_paper_groth16,2026-07-28T12:40:53.733316+00:00,measured,1,6,23,separate_account_core_32,separate,account_core_b32,baseline,unbound,1,local_financial_validity_32,local_financial_validity,groth16,0.023956371999929615,0.2886676629998419,0.24653084800002034,0.5591548829997919,807,3,True,,ok,
20260728T123050Z_paper_groth16,2026-07-28T12:40:53.733316+00:00,measured,1,6,23,separate_account_core_32,separate,account_core_b32,baseline,unbound,2,state_transition_and_conservation_32,state_transition_and_conservation,groth16,0.024720126000147502,0.31203511799981243,0.28327188799994474,0.6200271319999047,804,3,True,,ok,
20260728T123050Z_paper_groth16,2026-07-28T12:40:53.733316+00:00,measured,1,6,23,separate_account_core_32,separate,account_core_b32,baseline,unbound,3,operating_limit_32,operating_limit,groth16,0.023184346000107325,0.33066633799990086,0.2954623050000009,0.6493129890000091,804,16,True,,ok,
20260728T123050Z_paper_groth16,2026-07-28T12:40:54.320179+00:00,measured,1,6,24,state_transition_and_conservation_16,monolithic,,,none,1,state_transition_and_conservation_16,state_transition_and_conservation,groth16,0.02519401600011406,0.2942840079999769,0.26673681599982046,0.5862148399999114,804,3,True,,ok,
20260728T123050Z_paper_groth16,2026-07-28T12:40:54.908640+00:00,measured,1,6,25,state_transition_and_conservation_32,monolithic,,,none,1,state_transition_and_conservation_32,state_transition_and_conservation,groth16,0.021280181000065568,0.3026037189999897,0.2639640980000877,0.587847998000143,804,3,True,,ok,
20260728T123050Z_paper_groth16,2026-07-28T12:40:56.138920+00:00,measured,1,6,26,separate_valid_limit_32,separate,valid_limit_b32,baseline,unbound,1,local_financial_validity_32,local_financial_validity,groth16,0.02172955399987586,0.2906898429998819,0.2558881499999188,0.5683075469996766,802,3,True,,ok,
20260728T123050Z_paper_groth16,2026-07-28T12:40:56.138920+00:00,measured,1,6,26,separate_valid_limit_32,separate,valid_limit_b32,baseline,unbound,2,operating_limit_32,operating_limit,groth16,0.019245951999891986,0.3474437059999218,0.2941740219998792,0.660863679999693,805,16,True,,ok,
20260728T123050Z_paper_groth16,2026-07-28T12:40:57.041635+00:00,measured,1,6,27,token_policy_bundle_32_depth_16,monolithic,token_bundle_b32_d16,baseline,shared_witness,1,token_policy_bundle_32_depth_16,token_policy_bundle,groth16,0.0504781259999163,0.5811370569999781,0.27019187500013686,0.9018070580000312,805,260,True,,ok,
20260728T123050Z_paper_groth16,2026-07-28T12:40:59.364506+00:00,measured,1,6,28,separate_account_budget_16,separate,account_budget_b16,baseline,unbound,1,local_financial_validity_16,local_financial_validity,groth16,0.02165056299986645,0.3093291609998232,0.2588536270000077,0.5898333509996974,803,3,True,,ok,
20260728T123050Z_paper_groth16,2026-07-28T12:40:59.364506+00:00,measured,1,6,28,separate_account_budget_16,separate,account_budget_b16,baseline,unbound,2,state_transition_and_conservation_16,state_transition_and_conservation,groth16,0.02003275900005974,0.3117809559998932,0.2575556209999377,0.5893693359998906,808,3,True,,ok,
20260728T123050Z_paper_groth16,2026-07-28T12:40:59.364506+00:00,measured,1,6,28,separate_account_budget_16,separate,account_budget_b16,baseline,unbound,3,operating_limit_16,operating_limit,groth16,0.020275835999882474,0.29948642499994094,0.2767337719999432,0.5964960329997666,805,12,True,,ok,
20260728T123050Z_paper_groth16,2026-07-28T12:40:59.364506+00:00,measured,1,6,28,separate_account_budget_16,separate,account_budget_b16,baseline,unbound,4,privacy_budget_16,privacy_budget,groth16,0.017592454000123325,0.2729981739998948,0.2542307380001603,0.5448213660001784,806,11,True,,ok,
20260728T123050Z_paper_groth16,2026-07-28T12:40:59.946003+00:00,measured,1,6,29,operating_limit_32,monolithic,,,none,1,operating_limit_32,operating_limit,groth16,0.018500033000009353,0.30630928100003985,0.25601402500001313,0.5808233390000623,804,16,True,,ok,
20260728T123050Z_paper_groth16,2026-07-28T12:41:01.154643+00:00,measured,1,6,30,separate_valid_limit_64,separate,valid_limit_b64,baseline,unbound,1,local_financial_validity_64,local_financial_validity,groth16,0.023683681000193246,0.3055314969999472,0.25130875000013475,0.5805239280002752,804,3,True,,ok,
20260728T123050Z_paper_groth16,2026-07-28T12:41:01.154643+00:00,measured,1,6,30,separate_valid_limit_64,separate,valid_limit_b64,baseline,unbound,2,operating_limit_64,operating_limit,groth16,0.023588016999838146,0.32781191499998386,0.27549171299983755,0.6268916449996595,806,26,True,,ok,
20260728T123050Z_paper_groth16,2026-07-28T12:41:01.729164+00:00,measured,1,6,31,local_financial_validity_64,monolithic,,,none,1,local_financial_validity_64,local_financial_validity,groth16,0.021277693999991243,0.29407987800004776,0.2584954789999756,0.5738530510000146,804,3,True,,ok,
20260728T123050Z_paper_groth16,2026-07-28T12:41:02.322708+00:00,measured,1,6,32,privacy_budget_16,monolithic,,,none,1,privacy_budget_16,privacy_budget,groth16,0.0206811689999995,0.2842664459999469,0.28792443699990145,0.5928720519998478,806,11,True,,ok,
20260728T123050Z_paper_groth16,2026-07-28T12:41:02.964878+00:00,measured,1,6,33,local_validity_and_operating_limit_16,monolithic,valid_limit_b16,baseline,shared_witness,1,local_validity_and_operating_limit_16,local_validity_and_operating_limit,groth16,0.03697721300000012,0.33919138000010207,0.2649976840000363,0.6411662770001385,805,12,True,,ok,
20260728T123050Z_paper_groth16,2026-07-28T12:41:05.522659+00:00,measured,1,6,34,separate_token_bundle_32_depth_8,separate,token_bundle_b32_d8,baseline,unbound,1,merkle_membership_depth_8,merkle_membership,groth16,0.04245615300010286,0.41485621900005754,0.29144581000014114,0.7487581820003015,808,84,True,,ok,
20260728T123050Z_paper_groth16,2026-07-28T12:41:05.522659+00:00,measured,1,6,34,separate_token_bundle_32_depth_8,separate,token_bundle_b32_d8,baseline,unbound,2,nullifier_correctness_poseidon,nullifier_correctness,groth16,0.0343564489999153,0.3379531699999916,0.28761500299992804,0.6599246219998349,803,164,True,,ok,
20260728T123050Z_paper_groth16,2026-07-28T12:41:05.522659+00:00,measured,1,6,34,separate_token_bundle_32_depth_8,separate,token_bundle_b32_d8,baseline,unbound,3,local_financial_validity_32,local_financial_validity,groth16,0.01815007800018975,0.2833395689999634,0.2606174129998635,0.5621070600000166,806,3,True,,ok,
20260728T123050Z_paper_groth16,2026-07-28T12:41:05.522659+00:00,measured,1,6,34,separate_token_bundle_32_depth_8,separate,token_bundle_b32_d8,baseline,unbound,4,privacy_budget_32,privacy_budget,groth16,0.019446647999984634,0.2930401839998922,0.2721782460000668,0.5846650779999436,802,16,True,,ok,
20260728T123050Z_paper_groth16,2026-07-28T12:41:06.119630+00:00,measured,1,6,35,local_financial_validity_32,monolithic,,,none,1,local_financial_validity_32,local_financial_validity,groth16,0.02024131899997883,0.3088357150002139,0.2672562029999881,0.5963332370001808,803,3,True,,ok,
20260728T123050Z_paper_groth16,2026-07-28T12:41:08.586655+00:00,measured,1,6,36,separate_account_budget_64,separate,account_budget_b64,baseline,unbound,1,local_financial_validity_64,local_financial_validity,groth16,0.02300251900010153,0.2985949009998876,0.28587423499993747,0.6074716549999266,806,3,True,,ok,
20260728T123050Z_paper_groth16,2026-07-28T12:41:08.586655+00:00,measured,1,6,36,separate_account_budget_64,separate,account_budget_b64,baseline,unbound,2,state_transition_and_conservation_64,state_transition_and_conservation,groth16,0.022144880999803718,0.3360199219998776,0.2772219880000648,0.6353867909997462,804,3,True,,ok,
20260728T123050Z_paper_groth16,2026-07-28T12:41:08.586655+00:00,measured,1,6,36,separate_account_budget_64,separate,account_budget_b64,baseline,unbound,3,operating_limit_64,operating_limit,groth16,0.022454329999845868,0.3179958949999673,0.30452042700017046,0.6449706519999836,807,26,True,,ok,
20260728T123050Z_paper_groth16,2026-07-28T12:41:08.586655+00:00,measured,1,6,36,separate_account_budget_64,separate,account_budget_b64,baseline,unbound,4,privacy_budget_64,privacy_budget,groth16,0.021410841000033543,0.2931827439999779,0.26243864300022324,0.5770322280002347,805,26,True,,ok,
20260728T123050Z_paper_groth16,2026-07-28T12:41:09.176737+00:00,measured,1,6,37,operating_limit_64,monolithic,,,none,1,operating_limit_64,operating_limit,groth16,0.022843942999998035,0.3088756279998961,0.25770181600000797,0.5894213869999021,804,26,True,,ok,
20260728T123050Z_paper_groth16,2026-07-28T12:41:11.874214+00:00,measured,1,6,38,separate_token_bundle_32_depth_16,separate,token_bundle_b32_d16,baseline,unbound,1,merkle_membership_depth_16,merkle_membership,groth16,0.04049547199997505,0.549321627999916,0.28291498499993395,0.872732084999825,801,84,True,,ok,
20260728T123050Z_paper_groth16,2026-07-28T12:41:11.874214+00:00,measured,1,6,38,separate_token_bundle_32_depth_16,separate,token_bundle_b32_d16,baseline,unbound,2,nullifier_correctness_poseidon,nullifier_correctness,groth16,0.03633547300000828,0.3497105260000808,0.2824008990000948,0.6684468980001839,806,164,True,,ok,
20260728T123050Z_paper_groth16,2026-07-28T12:41:11.874214+00:00,measured,1,6,38,separate_token_bundle_32_depth_16,separate,token_bundle_b32_d16,baseline,unbound,3,local_financial_validity_32,local_financial_validity,groth16,0.02039285099999688,0.28307826299987937,0.26191178699991724,0.5653829009997935,804,3,True,,ok,
20260728T123050Z_paper_groth16,2026-07-28T12:41:11.874214+00:00,measured,1,6,38,separate_token_bundle_32_depth_16,separate,token_bundle_b32_d16,baseline,unbound,4,privacy_budget_32,privacy_budget,groth16,0.018682884000099875,0.31676932400000624,0.25275344900001073,0.5882056570001168,806,16,True,,ok,
20260728T123050Z_paper_groth16,2026-07-28T12:41:13.691108+00:00,measured,1,6,39,separate_account_core_64,separate,account_core_b64,baseline,unbound,1,local_financial_validity_64,local_financial_validity,groth16,0.020524923000039053,0.30821097500006545,0.2776313659999232,0.6063672640000277,800,3,True,,ok,
20260728T123050Z_paper_groth16,2026-07-28T12:41:13.691108+00:00,measured,1,6,39,separate_account_core_64,separate,account_core_b64,baseline,unbound,2,state_transition_and_conservation_64,state_transition_and_conservation,groth16,0.02516736100005801,0.326527785999815,0.2627366899998833,0.6144318369997563,805,3,True,,ok,
20260728T123050Z_paper_groth16,2026-07-28T12:41:13.691108+00:00,measured,1,6,39,separate_account_core_64,separate,account_core_b64,baseline,unbound,3,operating_limit_64,operating_limit,groth16,0.02282981300004394,0.30170036799995614,0.269834942999978,0.5943651239999781,804,26,True,,ok,
20260728T123050Z_paper_groth16,2026-07-28T12:41:14.284131+00:00,measured,1,6,40,account_policy_core_64,monolithic,account_core_b64,baseline,shared_witness,1,account_policy_core_64,account_policy_core,groth16,0.024587116000020615,0.30512049100002514,0.2626826349999192,0.5923902419999649,807,26,True,,ok,
20260728T123050Z_paper_groth16,2026-07-28T12:41:16.964161+00:00,measured,1,6,41,linked_separate_account_budget_32,separate,account_budget_b32,commitment_linked,tx_tag,1,linked_account_budget_validity_32,linked_account_budget_component,groth16,0.06138878699994166,0.32534718600004453,0.2714651189999131,0.6582010919998993,805,111,True,True,ok,
20260728T123050Z_paper_groth16,2026-07-28T12:41:16.964161+00:00,measured,1,6,41,linked_separate_account_budget_32,separate,account_budget_b32,commitment_linked,tx_tag,2,linked_account_budget_transition_32,linked_account_budget_component,groth16,0.05752764599992588,0.36484430599989537,0.2939390439998988,0.71631099599972,804,111,True,True,ok,
20260728T123050Z_paper_groth16,2026-07-28T12:41:16.964161+00:00,measured,1,6,41,linked_separate_account_budget_32,separate,account_budget_b32,commitment_linked,tx_tag,3,linked_account_budget_limit_32,linked_account_budget_component,groth16,0.05994832999999744,0.3338403059999564,0.262708185000065,0.6564968210000188,803,111,True,True,ok,
20260728T123050Z_paper_groth16,2026-07-28T12:41:16.964161+00:00,measured,1,6,41,linked_separate_account_budget_32,separate,account_budget_b32,commitment_linked,tx_tag,4,linked_account_budget_budget_32,linked_account_budget_component,groth16,0.057213187000115795,0.3354318350000085,0.2531495610001002,0.6457945830002245,805,111,True,True,ok,
20260728T123050Z_paper_groth16,2026-07-28T12:41:18.026119+00:00,measured,1,6,42,token_policy_bundle_32_depth_32,monolithic,token_bundle_b32_d32,baseline,shared_witness,1,token_policy_bundle_32_depth_32,token_policy_bundle,groth16,0.04848821299992778,0.7216902309999114,0.29110476899995774,1.0612832129997969,805,261,True,,ok,
20260728T123050Z_paper_groth16,2026-07-28T12:41:19.203596+00:00,measured,1,6,43,separate_valid_limit_16,separate,valid_limit_b16,baseline,unbound,1,local_financial_validity_16,local_financial_validity,groth16,0.022762395999961882,0.27609728099992026,0.2725523770000109,0.571412053999893,805,3,True,,ok,
20260728T123050Z_paper_groth16,2026-07-28T12:41:19.203596+00:00,measured,1,6,43,separate_valid_limit_16,separate,valid_limit_b16,baseline,unbound,2,operating_limit_16,operating_limit,groth16,0.020755358999849705,0.30085843300003035,0.28328111299993,0.60489490499981,805,12,True,,ok,
20260728T123050Z_paper_groth16,2026-07-28T12:41:20.994552+00:00,measured,1,6,44,separate_account_core_16,separate,account_core_b16,baseline,unbound,1,local_financial_validity_16,local_financial_validity,groth16,0.021328702000118938,0.2937075319998712,0.27983371599998463,0.5948699499999748,806,3,True,,ok,
20260728T123050Z_paper_groth16,2026-07-28T12:41:20.994552+00:00,measured,1,6,44,separate_account_core_16,separate,account_core_b16,baseline,unbound,2,state_transition_and_conservation_16,state_transition_and_conservation,groth16,0.024104592999947272,0.3311670289999711,0.2650176409999858,0.6202892629999042,807,3,True,,ok,
20260728T123050Z_paper_groth16,2026-07-28T12:41:20.994552+00:00,measured,1,6,44,separate_account_core_16,separate,account_core_b16,baseline,unbound,3,operating_limit_16,operating_limit,groth16,0.02455351300000075,0.27923716300006163,0.27010426800006826,0.5738949440001306,806,12,True,,ok,
20260728T123050Z_paper_groth16,2026-07-28T12:41:21.744546+00:00,measured,1,6,45,merkle_membership_depth_8,monolithic,,,none,1,merkle_membership_depth_8,merkle_membership,groth16,0.04210913499991875,0.41847922200008725,0.2887626250001176,0.7493509820001236,807,84,True,,ok,
20260728T123050Z_paper_groth16,2026-07-28T12:41:22.333376+00:00,measured,1,6,46,local_validity_and_operating_limit_32,monolithic,valid_limit_b32,baseline,shared_witness,1,local_validity_and_operating_limit_32,local_validity_and_operating_limit,groth16,0.02320355599999857,0.30275160399992274,0.2622481719999996,0.5882033319999209,806,16,True,,ok,
20260728T123050Z_paper_groth16,2026-07-28T12:41:25.201863+00:00,measured,1,7,1,linked_separate_token_bundle_32_depth_16,separate,token_bundle_b32_d16,commitment_linked,tx_tag,1,linked_token_bundle_membership_32_depth_16,linked_token_bundle_component,groth16,0.061809927000012976,0.5503085169998485,0.2823865929999556,0.8945050369998171,808,342,True,True,ok,
20260728T123050Z_paper_groth16,2026-07-28T12:41:25.201863+00:00,measured,1,7,1,linked_separate_token_bundle_32_depth_16,separate,token_bundle_b32_d16,commitment_linked,tx_tag,2,linked_token_bundle_nullifier_32_depth_16,linked_token_bundle_component,groth16,0.05998048500009645,0.36242951899998843,0.2605774339999698,0.6829874380000547,804,342,True,True,ok,
20260728T123050Z_paper_groth16,2026-07-28T12:41:25.201863+00:00,measured,1,7,1,linked_separate_token_bundle_32_depth_16,separate,token_bundle_b32_d16,commitment_linked,tx_tag,3,linked_token_bundle_validity_32_depth_16,linked_token_bundle_component,groth16,0.05473816799985798,0.32345240200015724,0.26547728500008816,0.6436678550001034,805,342,True,True,ok,
20260728T123050Z_paper_groth16,2026-07-28T12:41:25.201863+00:00,measured,1,7,1,linked_separate_token_bundle_32_depth_16,separate,token_bundle_b32_d16,commitment_linked,tx_tag,4,linked_token_bundle_budget_32_depth_16,linked_token_bundle_component,groth16,0.05763420900007077,0.33103484299999764,0.2547363139999561,0.6434053660000245,806,342,True,True,ok,
20260728T123050Z_paper_groth16,2026-07-28T12:41:25.780614+00:00,measured,1,7,2,local_validity_and_operating_limit_16,monolithic,valid_limit_b16,baseline,shared_witness,1,local_validity_and_operating_limit_16,local_validity_and_operating_limit,groth16,0.0219010650000655,0.2897419959999752,0.26600532500015106,0.5776483860001917,802,12,True,,ok,
20260728T123050Z_paper_groth16,2026-07-28T12:41:26.342439+00:00,measured,1,7,3,privacy_budget_16,monolithic,,,none,1,privacy_budget_16,privacy_budget,groth16,0.02230816299993421,0.28900916199995663,0.24988387899998088,0.5612012039998717,804,11,True,,ok,
20260728T123050Z_paper_groth16,2026-07-28T12:41:26.922991+00:00,measured,1,7,4,local_financial_validity_16,monolithic,,,none,1,local_financial_validity_16,local_financial_validity,groth16,0.02195591899999272,0.3017400850001195,0.2561219379999784,0.5798179420000906,804,3,True,,ok,
20260728T123050Z_paper_groth16,2026-07-28T12:41:29.195574+00:00,measured,1,7,5,separate_account_budget_16,separate,account_budget_b16,baseline,unbound,1,local_financial_validity_16,local_financial_validity,groth16,0.021825426999839692,0.27562301300008585,0.24145337499999187,0.5389018149999174,807,3,True,,ok,
20260728T123050Z_paper_groth16,2026-07-28T12:41:29.195574+00:00,measured,1,7,5,separate_account_budget_16,separate,account_budget_b16,baseline,unbound,2,state_transition_and_conservation_16,state_transition_and_conservation,groth16,0.01804460299990751,0.2962521160000051,0.2774583549999079,0.5917550739998205,803,3,True,,ok,
20260728T123050Z_paper_groth16,2026-07-28T12:41:29.195574+00:00,measured,1,7,5,separate_account_budget_16,separate,account_budget_b16,baseline,unbound,3,operating_limit_16,operating_limit,groth16,0.02015810600005352,0.2859956390000207,0.25358570799994595,0.5597394530000201,806,12,True,,ok,
20260728T123050Z_paper_groth16,2026-07-28T12:41:29.195574+00:00,measured,1,7,5,separate_account_budget_16,separate,account_budget_b16,baseline,unbound,4,privacy_budget_16,privacy_budget,groth16,0.021402653999984977,0.3064496350000354,0.2522136960001262,0.5800659850001466,806,11,True,,ok,
20260728T123050Z_paper_groth16,2026-07-28T12:41:29.788863+00:00,measured,1,7,6,account_policy_core_16,monolithic,account_core_b16,baseline,shared_witness,1,account_policy_core_16,account_policy_core,groth16,0.019176154000206225,0.2941335699999854,0.27932904699991923,0.5926387710001109,802,12,True,,ok,
20260728T123050Z_paper_groth16,2026-07-28T12:41:30.385352+00:00,measured,1,7,7,state_transition_and_conservation_32,monolithic,,,none,1,state_transition_and_conservation_32,state_transition_and_conservation,groth16,0.02422834000003604,0.31582435499990424,0.25572504599995227,0.5957777409998926,806,3,True,,ok,
20260728T123050Z_paper_groth16,2026-07-28T12:41:33.263429+00:00,measured,1,7,8,separate_token_bundle_32_depth_32,separate,token_bundle_b32_d32,baseline,unbound,1,merkle_membership_depth_32,merkle_membership,groth16,0.04221923400018568,0.6948919690000821,0.2867943920000471,1.0239055950003149,808,84,True,,ok,
20260728T123050Z_paper_groth16,2026-07-28T12:41:33.263429+00:00,measured,1,7,8,separate_token_bundle_32_depth_32,separate,token_bundle_b32_d32,baseline,unbound,2,nullifier_correctness_poseidon,nullifier_correctness,groth16,0.031744709999884435,0.3570102169999245,0.24918037999987064,0.6379353069996796,807,164,True,,ok,
20260728T123050Z_paper_groth16,2026-07-28T12:41:33.263429+00:00,measured,1,7,8,separate_token_bundle_32_depth_32,separate,token_bundle_b32_d32,baseline,unbound,3,local_financial_validity_32,local_financial_validity,groth16,0.019176160999904823,0.2938800209999499,0.2584705159999885,0.5715266979998432,805,3,True,,ok,
20260728T123050Z_paper_groth16,2026-07-28T12:41:33.263429+00:00,measured,1,7,8,separate_token_bundle_32_depth_32,separate,token_bundle_b32_d32,baseline,unbound,4,privacy_budget_32,privacy_budget,groth16,0.02042641499997444,0.33978489500009346,0.2821246850000989,0.6423359950001668,805,16,True,,ok,
20260728T123050Z_paper_groth16,2026-07-28T12:41:33.978466+00:00,measured,1,7,9,linked_account_budget_monolithic_32,monolithic,account_budget_b32,commitment_linked,tx_tag,1,linked_account_budget_monolithic_32,account_policy_with_privacy_budget,groth16,0.06460214799994901,0.3667109929999697,0.28275073199984035,0.714063872999759,806,111,True,True,ok,
20260728T123050Z_paper_groth16,2026-07-28T12:41:34.615714+00:00,measured,1,7,10,local_validity_and_operating_limit_32,monolithic,valid_limit_b32,baseline,shared_witness,1,local_validity_and_operating_limit_32,local_validity_and_operating_limit,groth16,0.020995804999984102,0.31514335699989715,0.30052246700006435,0.6366616289999456,805,16,True,,ok,
20260728T123050Z_paper_groth16,2026-07-28T12:41:37.010220+00:00,measured,1,7,11,separate_account_budget_32,separate,account_budget_b32,baseline,unbound,1,local_financial_validity_32,local_financial_validity,groth16,0.021017755999992005,0.29761323700017783,0.26253254499988543,0.5811635380000553,805,3,True,,ok,
20260728T123050Z_paper_groth16,2026-07-28T12:41:37.010220+00:00,measured,1,7,11,separate_account_budget_32,separate,account_budget_b32,baseline,unbound,2,state_transition_and_conservation_32,state_transition_and_conservation,groth16,0.024706900999944992,0.3522720339999523,0.2789117750000969,0.6558907099999942,807,3,True,,ok,
20260728T123050Z_paper_groth16,2026-07-28T12:41:37.010220+00:00,measured,1,7,11,separate_account_budget_32,separate,account_budget_b32,baseline,unbound,3,operating_limit_32,operating_limit,groth16,0.02230846800011932,0.29546191200006433,0.24245249199998398,0.5602228720001676,804,16,True,,ok,
20260728T123050Z_paper_groth16,2026-07-28T12:41:37.010220+00:00,measured,1,7,11,separate_account_budget_32,separate,account_budget_b32,baseline,unbound,4,privacy_budget_32,privacy_budget,groth16,0.020749877000071137,0.2925952669997969,0.28162032199998066,0.5949654659998487,806,16,True,,ok,
20260728T123050Z_paper_groth16,2026-07-28T12:41:37.716671+00:00,measured,1,7,12,privacy_budget_64,monolithic,,,none,1,privacy_budget_64,privacy_budget,groth16,0.0339449529999456,0.3692971820000821,0.3024588539999513,0.705700988999979,805,26,True,,ok,
20260728T123050Z_paper_groth16,2026-07-28T12:41:38.520015+00:00,measured,1,7,13,token_policy_bundle_32_depth_8,monolithic,token_bundle_b32_d8,baseline,shared_witness,1,token_policy_bundle_32_depth_8,token_policy_bundle,groth16,0.0497577190001266,0.4712082680000549,0.281705828999975,0.8026718160001565,804,261,True,,ok,
20260728T123050Z_paper_groth16,2026-07-28T12:41:39.160991+00:00,measured,1,7,14,privacy_budget_32,monolithic,,,none,1,privacy_budget_32,privacy_budget,groth16,0.020767062000004444,0.33095479700000396,0.28846949100011443,0.6401913500001228,804,16,True,,ok,
20260728T123050Z_paper_groth16,2026-07-28T12:41:39.722645+00:00,measured,1,7,15,state_transition_and_conservation_64,monolithic,,,none,1,state_transition_and_conservation_64,state_transition_and_conservation,groth16,0.020264626999960456,0.28601960400010285,0.25467718799995964,0.5609614190000229,804,3,True,,ok,
20260728T123050Z_paper_groth16,2026-07-28T12:41:41.538282+00:00,measured,1,7,16,separate_account_core_32,separate,account_core_b32,baseline,unbound,1,local_financial_validity_32,local_financial_validity,groth16,0.020899377999967328,0.3133693830000084,0.2868933800000377,0.6211621410000134,803,3,True,,ok,
20260728T123050Z_paper_groth16,2026-07-28T12:41:41.538282+00:00,measured,1,7,16,separate_account_core_32,separate,account_core_b32,baseline,unbound,2,state_transition_and_conservation_32,state_transition_and_conservation,groth16,0.020337815999937447,0.336910244000137,0.28901475499992557,0.646262815,806,3,True,,ok,
20260728T123050Z_paper_groth16,2026-07-28T12:41:41.538282+00:00,measured,1,7,16,separate_account_core_32,separate,account_core_b32,baseline,unbound,3,operating_limit_32,operating_limit,groth16,0.02001986000004763,0.2868967980000434,0.23968522099994516,0.5466018790000362,806,16,True,,ok,
20260728T123050Z_paper_groth16,2026-07-28T12:41:42.292884+00:00,measured,1,7,17,merkle_membership_depth_8,monolithic,,,none,1,merkle_membership_depth_8,merkle_membership,groth16,0.04194958599987331,0.4356820529999368,0.27632251900013216,0.7539541579999423,807,84,True,,ok,
20260728T123050Z_paper_groth16,2026-07-28T12:41:42.939920+00:00,measured,1,7,18,account_policy_with_privacy_budget_16,monolithic,account_budget_b16,baseline,shared_witness,1,account_policy_with_privacy_budget_16,account_policy_with_privacy_budget,groth16,0.021756418999984817,0.3177648789999239,0.30682176499999514,0.6463430629999039,806,21,True,,ok,
20260728T123050Z_paper_groth16,2026-07-28T12:41:43.537886+00:00,measured,1,7,19,account_policy_with_privacy_budget_32,monolithic,account_budget_b32,baseline,shared_witness,1,account_policy_with_privacy_budget_32,account_policy_with_privacy_budget,groth16,0.020119966000038403,0.3185128780000923,0.2587052940000376,0.5973381380001683,805,30,True,,ok,
20260728T123050Z_paper_groth16,2026-07-28T12:41:44.104000+00:00,measured,1,7,20,local_financial_validity_32,monolithic,,,none,1,local_financial_validity_32,local_financial_validity,groth16,0.020979399999987436,0.28871976699997504,0.2555031960000633,0.5652023630000258,806,3,True,,ok,
20260728T123050Z_paper_groth16,2026-07-28T12:41:45.031827+00:00,measured,1,7,21,linked_token_bundle_monolithic_32_depth_16,monolithic,token_bundle_b32_d16,commitment_linked,tx_tag,1,linked_token_bundle_monolithic_32_depth_16,token_policy_bundle,groth16,0.0637956209998265,0.5931768310001644,0.2683240589999514,0.9252965109999423,805,342,True,True,ok,
20260728T123050Z_paper_groth16,2026-07-28T12:41:47.591256+00:00,measured,1,7,22,separate_token_bundle_32_depth_8,separate,token_bundle_b32_d8,baseline,unbound,1,merkle_membership_depth_8,merkle_membership,groth16,0.04431093899984262,0.4454713800000718,0.26349311800004216,0.7532754369999566,804,84,True,,ok,
20260728T123050Z_paper_groth16,2026-07-28T12:41:47.591256+00:00,measured,1,7,22,separate_token_bundle_32_depth_8,separate,token_bundle_b32_d8,baseline,unbound,2,nullifier_correctness_poseidon,nullifier_correctness,groth16,0.03126992199986489,0.33621558599998025,0.2784366369999134,0.6459221449997585,805,164,True,,ok,
20260728T123050Z_paper_groth16,2026-07-28T12:41:47.591256+00:00,measured,1,7,22,separate_token_bundle_32_depth_8,separate,token_bundle_b32_d8,baseline,unbound,3,local_financial_validity_32,local_financial_validity,groth16,0.020974704000082056,0.2856917980000162,0.2748831789999713,0.5815496810000695,805,3,True,,ok,
20260728T123050Z_paper_groth16,2026-07-28T12:41:47.591256+00:00,measured,1,7,22,separate_token_bundle_32_depth_8,separate,token_bundle_b32_d8,baseline,unbound,4,privacy_budget_32,privacy_budget,groth16,0.019981385999926715,0.30264754600011656,0.2532436730000427,0.575872605000086,800,16,True,,ok,
20260728T123050Z_paper_groth16,2026-07-28T12:41:48.604700+00:00,measured,1,7,23,token_policy_bundle_32_depth_32,monolithic,token_bundle_b32_d32,baseline,shared_witness,1,token_policy_bundle_32_depth_32,token_policy_bundle,groth16,0.04818785699990258,0.705002530999991,0.25918068000009953,1.012371067999993,805,261,True,,ok,
20260728T123050Z_paper_groth16,2026-07-28T12:41:51.294621+00:00,measured,1,7,24,linked_separate_account_budget_32,separate,account_budget_b32,commitment_linked,tx_tag,1,linked_account_budget_validity_32,linked_account_budget_component,groth16,0.058399460999908115,0.3226213549999102,0.28059963200007587,0.6616204479998942,804,111,True,True,ok,
20260728T123050Z_paper_groth16,2026-07-28T12:41:51.294621+00:00,measured,1,7,24,linked_separate_account_budget_32,separate,account_budget_b32,commitment_linked,tx_tag,2,linked_account_budget_transition_32,linked_account_budget_component,groth16,0.05987974699996812,0.3417991469998469,0.27383540300002096,0.675514296999836,806,111,True,True,ok,
20260728T123050Z_paper_groth16,2026-07-28T12:41:51.294621+00:00,measured,1,7,24,linked_separate_account_budget_32,separate,account_budget_b32,commitment_linked,tx_tag,3,linked_account_budget_limit_32,linked_account_budget_component,groth16,0.056162941000138744,0.3298960470001475,0.24833542999999736,0.6343944180002836,805,111,True,True,ok,
20260728T123050Z_paper_groth16,2026-07-28T12:41:51.294621+00:00,measured,1,7,24,linked_separate_account_budget_32,separate,account_budget_b32,commitment_linked,tx_tag,4,linked_account_budget_budget_32,linked_account_budget_component,groth16,0.05703798299987284,0.3643612249998114,0.29345929800001613,0.7148585059997004,802,111,True,True,ok,
20260728T123050Z_paper_groth16,2026-07-28T12:41:51.923418+00:00,measured,1,7,25,account_policy_with_privacy_budget_64,monolithic,account_budget_b64,baseline,shared_witness,1,account_policy_with_privacy_budget_64,account_policy_with_privacy_budget,groth16,0.02421997999999803,0.33117308200007756,0.27272916800006897,0.6281222300001446,803,50,True,,ok,
20260728T123050Z_paper_groth16,2026-07-28T12:41:52.754821+00:00,measured,1,7,26,token_policy_bundle_32_depth_16,monolithic,token_bundle_b32_d16,baseline,shared_witness,1,token_policy_bundle_32_depth_16,token_policy_bundle,groth16,0.04512040899999192,0.5272602840000218,0.2583670090000396,0.8307477020000533,804,260,True,,ok,
20260728T123050Z_paper_groth16,2026-07-28T12:41:54.596330+00:00,measured,1,7,27,separate_account_core_64,separate,account_core_b64,baseline,unbound,1,local_financial_validity_64,local_financial_validity,groth16,0.02139723100003721,0.31816190099993946,0.28977237300000525,0.6293315049999819,805,3,True,,ok,
20260728T123050Z_paper_groth16,2026-07-28T12:41:54.596330+00:00,measured,1,7,27,separate_account_core_64,separate,account_core_b64,baseline,unbound,2,state_transition_and_conservation_64,state_transition_and_conservation,groth16,0.021833799999967596,0.30731722199993783,0.26111160599998584,0.5902626279998913,805,3,True,,ok,
20260728T123050Z_paper_groth16,2026-07-28T12:41:54.596330+00:00,measured,1,7,27,separate_account_core_64,separate,account_core_b64,baseline,unbound,3,operating_limit_64,operating_limit,groth16,0.021709151000095517,0.3243600050000168,0.2742192079999768,0.6202883640000891,807,26,True,,ok,
20260728T123050Z_paper_groth16,2026-07-28T12:41:55.236924+00:00,measured,1,7,28,state_transition_and_conservation_16,monolithic,,,none,1,state_transition_and_conservation_16,state_transition_and_conservation,groth16,0.019228149000127814,0.30867661100000987,0.3120536449998781,0.6399584050000158,805,3,True,,ok,
20260728T123050Z_paper_groth16,2026-07-28T12:41:55.850453+00:00,measured,1,7,29,account_policy_core_32,monolithic,account_core_b32,baseline,shared_witness,1,account_policy_core_32,account_policy_core,groth16,0.024346265000076528,0.3209851950000484,0.26756075799994505,0.61289221800007,807,16,True,,ok,
20260728T123050Z_paper_groth16,2026-07-28T12:41:56.470618+00:00,measured,1,7,30,account_policy_core_64,monolithic,account_core_b64,baseline,shared_witness,1,account_policy_core_64,account_policy_core,groth16,0.02032421599983536,0.32003728900008355,0.27914035799994963,0.6195018629998685,803,26,True,,ok,
20260728T123050Z_paper_groth16,2026-07-28T12:41:57.659221+00:00,measured,1,7,31,separate_valid_limit_64,separate,valid_limit_b64,baseline,unbound,1,local_financial_validity_64,local_financial_validity,groth16,0.023422319000019343,0.31649202699986745,0.24841317099981097,0.5883275169996978,805,3,True,,ok,
20260728T123050Z_paper_groth16,2026-07-28T12:41:57.659221+00:00,measured,1,7,31,separate_valid_limit_64,separate,valid_limit_b64,baseline,unbound,2,operating_limit_64,operating_limit,groth16,0.024479565000092407,0.30235954900012985,0.2723360180000327,0.599175132000255,805,26,True,,ok,
20260728T123050Z_paper_groth16,2026-07-28T12:41:58.259721+00:00,measured,1,7,32,operating_limit_16,monolithic,,,none,1,operating_limit_16,operating_limit,groth16,0.020849343999998382,0.3005175920000056,0.27851897200002895,0.5998859080000329,805,12,True,,ok,
20260728T123050Z_paper_groth16,2026-07-28T12:41:58.900373+00:00,measured,1,7,33,nullifier_correctness_poseidon,monolithic,,,none,1,nullifier_correctness_poseidon,nullifier_correctness,groth16,0.035247300000037285,0.31762727599993923,0.2868201889998545,0.639694764999831,803,164,True,,ok,
20260728T123050Z_paper_groth16,2026-07-28T12:41:59.478393+00:00,measured,1,7,34,local_validity_and_operating_limit_64,monolithic,valid_limit_b64,baseline,shared_witness,1,local_validity_and_operating_limit_64,local_validity_and_operating_limit,groth16,0.02174224200007302,0.3029979979999098,0.25267141299991636,0.5774116529998992,803,26,True,,ok,
20260728T123050Z_paper_groth16,2026-07-28T12:42:00.077366+00:00,measured,1,7,35,operating_limit_32,monolithic,,,none,1,operating_limit_32,operating_limit,groth16,0.020440221000171732,0.29433589399991433,0.28359337799997775,0.5983694930000638,806,16,True,,ok,
20260728T123050Z_paper_groth16,2026-07-28T12:42:01.761175+00:00,measured,1,7,36,separate_account_core_16,separate,account_core_b16,baseline,unbound,1,local_financial_validity_16,local_financial_validity,groth16,0.025970968999899924,0.2820592119999219,0.2538907709999876,0.5619209519998094,807,3,True,,ok,
20260728T123050Z_paper_groth16,2026-07-28T12:42:01.761175+00:00,measured,1,7,36,separate_account_core_16,separate,account_core_b16,baseline,unbound,2,state_transition_and_conservation_16,state_transition_and_conservation,groth16,0.020045547000108854,0.27944496300005994,0.25307769100004407,0.5525682010002129,804,3,True,,ok,
20260728T123050Z_paper_groth16,2026-07-28T12:42:01.761175+00:00,measured,1,7,36,separate_account_core_16,separate,account_core_b16,baseline,unbound,3,operating_limit_16,operating_limit,groth16,0.020593899000004967,0.29276257500009706,0.2542866030000823,0.5676430770001843,805,12,True,,ok,
20260728T123050Z_paper_groth16,2026-07-28T12:42:02.608800+00:00,measured,1,7,37,merkle_membership_depth_16,monolithic,,,none,1,merkle_membership_depth_16,merkle_membership,groth16,0.04094230900000184,0.5329926960000648,0.2728541819999464,0.846789187000013,806,84,True,,ok,
20260728T123050Z_paper_groth16,2026-07-28T12:42:03.884028+00:00,measured,1,7,38,linked_separate_valid_limit_32,separate,valid_limit_b32,commitment_linked,tx_tag,1,linked_valid_limit_validity_32,linked_valid_limit_component,groth16,0.03959458600002108,0.3186762540001382,0.2631542789999912,0.6214251190001505,804,98,True,True,ok,
20260728T123050Z_paper_groth16,2026-07-28T12:42:03.884028+00:00,measured,1,7,38,linked_separate_valid_limit_32,separate,valid_limit_b32,commitment_linked,tx_tag,2,linked_valid_limit_limit_32,linked_valid_limit_component,groth16,0.04144958299980317,0.3366348989998187,0.27422197400005643,0.6523064559996783,804,98,True,True,ok,
20260728T123050Z_paper_groth16,2026-07-28T12:42:06.228215+00:00,measured,1,7,39,separate_account_budget_64,separate,account_budget_b64,baseline,unbound,1,local_financial_validity_64,local_financial_validity,groth16,0.021762928000043757,0.2856583549998959,0.2605335840000862,0.5679548670000258,806,3,True,,ok,
20260728T123050Z_paper_groth16,2026-07-28T12:42:06.228215+00:00,measured,1,7,39,separate_account_budget_64,separate,account_budget_b64,baseline,unbound,2,state_transition_and_conservation_64,state_transition_and_conservation,groth16,0.021756663999894954,0.30789724099986415,0.2630171769999379,0.592671081999697,802,3,True,,ok,
20260728T123050Z_paper_groth16,2026-07-28T12:42:06.228215+00:00,measured,1,7,39,separate_account_budget_64,separate,account_budget_b64,baseline,unbound,3,operating_limit_64,operating_limit,groth16,0.020385076999900775,0.31456091799987007,0.2828238429999601,0.617769837999731,802,26,True,,ok,
20260728T123050Z_paper_groth16,2026-07-28T12:42:06.228215+00:00,measured,1,7,39,separate_account_budget_64,separate,account_budget_b64,baseline,unbound,4,privacy_budget_64,privacy_budget,groth16,0.021587007000107405,0.2937994559999879,0.24825022799996077,0.5636366910000561,805,26,True,,ok,
20260728T123050Z_paper_groth16,2026-07-28T12:42:06.818075+00:00,measured,1,7,40,operating_limit_64,monolithic,,,none,1,operating_limit_64,operating_limit,groth16,0.022611007000023164,0.30533370599982845,0.2612632879997818,0.5892080009996334,801,26,True,,ok,
20260728T123050Z_paper_groth16,2026-07-28T12:42:07.456668+00:00,measured,1,7,41,linked_valid_limit_monolithic_32,monolithic,valid_limit_b32,commitment_linked,tx_tag,1,linked_valid_limit_monolithic_32,local_validity_and_operating_limit,groth16,0.03962420900006691,0.32923142499998903,0.2688660070000424,0.6377216410000983,805,98,True,True,ok,
20260728T123050Z_paper_groth16,2026-07-28T12:42:08.052149+00:00,measured,1,7,42,local_financial_validity_64,monolithic,,,none,1,local_financial_validity_64,local_financial_validity,groth16,0.02352784899994731,0.3124208799999906,0.2589388970000073,0.5948876259999452,803,3,True,,ok,
20260728T123050Z_paper_groth16,2026-07-28T12:42:10.718315+00:00,measured,1,7,43,separate_token_bundle_32_depth_16,separate,token_bundle_b32_d16,baseline,unbound,1,merkle_membership_depth_16,merkle_membership,groth16,0.04094976100009262,0.5600807129999339,0.2695441760001813,0.8705746500002078,806,84,True,,ok,
20260728T123050Z_paper_groth16,2026-07-28T12:42:10.718315+00:00,measured,1,7,43,separate_token_bundle_32_depth_16,separate,token_bundle_b32_d16,baseline,unbound,2,nullifier_correctness_poseidon,nullifier_correctness,groth16,0.03432230199996411,0.32492391400001,0.25543026699983784,0.6146764829998119,806,164,True,,ok,
20260728T123050Z_paper_groth16,2026-07-28T12:42:10.718315+00:00,measured,1,7,43,separate_token_bundle_32_depth_16,separate,token_bundle_b32_d16,baseline,unbound,3,local_financial_validity_32,local_financial_validity,groth16,0.020854465999946115,0.3343584930000816,0.2604156529998818,0.6156286119999095,805,3,True,,ok,
20260728T123050Z_paper_groth16,2026-07-28T12:42:10.718315+00:00,measured,1,7,43,separate_token_bundle_32_depth_16,separate,token_bundle_b32_d16,baseline,unbound,4,privacy_budget_32,privacy_budget,groth16,0.020634487000052104,0.2929643560000841,0.2491405460000351,0.5627393890001713,806,16,True,,ok,
20260728T123050Z_paper_groth16,2026-07-28T12:42:11.903816+00:00,measured,1,7,44,separate_valid_limit_32,separate,valid_limit_b32,baseline,unbound,1,local_financial_validity_32,local_financial_validity,groth16,0.02289505199996711,0.298143778000167,0.26732265400005417,0.5883614840001883,805,3,True,,ok,
20260728T123050Z_paper_groth16,2026-07-28T12:42:11.903816+00:00,measured,1,7,44,separate_valid_limit_32,separate,valid_limit_b32,baseline,unbound,2,operating_limit_32,operating_limit,groth16,0.01886186899992026,0.30805022599997756,0.26906024300001263,0.5959723379999105,805,16,True,,ok,
20260728T123050Z_paper_groth16,2026-07-28T12:42:13.045404+00:00,measured,1,7,45,separate_valid_limit_16,separate,valid_limit_b16,baseline,unbound,1,local_financial_validity_16,local_financial_validity,groth16,0.020268720000103713,0.2832583039999008,0.24837516899992806,0.5519021929999326,804,3,True,,ok,
20260728T123050Z_paper_groth16,2026-07-28T12:42:13.045404+00:00,measured,1,7,45,separate_valid_limit_16,separate,valid_limit_b16,baseline,unbound,2,operating_limit_16,operating_limit,groth16,0.019785642999977426,0.2970252239999809,0.27176244299994323,0.5885733099999015,806,12,True,,ok,
20260728T123050Z_paper_groth16,2026-07-28T12:42:14.074131+00:00,measured,1,7,46,merkle_membership_depth_32,monolithic,,,none,1,merkle_membership_depth_32,merkle_membership,groth16,0.04455681099989306,0.6801845850000063,0.30324583099991287,1.0279872269998123,806,84,True,,ok,
20260728T123050Z_paper_groth16,2026-07-28T12:42:14.692219+00:00,measured,1,8,1,state_transition_and_conservation_16,monolithic,,,none,1,state_transition_and_conservation_16,state_transition_and_conservation,groth16,0.020369752999840784,0.32843648900006883,0.2686121090000597,0.6174183509999693,806,3,True,,ok,
20260728T123050Z_paper_groth16,2026-07-28T12:42:16.421557+00:00,measured,1,8,2,separate_account_core_16,separate,account_core_b16,baseline,unbound,1,local_financial_validity_16,local_financial_validity,groth16,0.021885998000016116,0.2969031760001144,0.24707684499981042,0.5658660189999409,805,3,True,,ok,
20260728T123050Z_paper_groth16,2026-07-28T12:42:16.421557+00:00,measured,1,8,2,separate_account_core_16,separate,account_core_b16,baseline,unbound,2,state_transition_and_conservation_16,state_transition_and_conservation,groth16,0.021386624999877313,0.29484895700011293,0.2588580910000928,0.5750936730000831,805,3,True,,ok,
20260728T123050Z_paper_groth16,2026-07-28T12:42:16.421557+00:00,measured,1,8,2,separate_account_core_16,separate,account_core_b16,baseline,unbound,3,operating_limit_16,operating_limit,groth16,0.02061009700014438,0.2968242930000997,0.2693169530000432,0.5867513430002873,807,12,True,,ok,
20260728T123050Z_paper_groth16,2026-07-28T12:42:17.011544+00:00,measured,1,8,3,privacy_budget_16,monolithic,,,none,1,privacy_budget_16,privacy_budget,groth16,0.020440307999933793,0.30236631599996144,0.2665045840001312,0.5893112080000265,803,11,True,,ok,
20260728T123050Z_paper_groth16,2026-07-28T12:42:17.873700+00:00,measured,1,8,4,merkle_membership_depth_16,monolithic,,,none,1,merkle_membership_depth_16,merkle_membership,groth16,0.04102926399991702,0.5512414750000971,0.268874649000054,0.8611453880000681,803,84,True,,ok,
20260728T123050Z_paper_groth16,2026-07-28T12:42:20.624867+00:00,measured,1,8,5,separate_token_bundle_32_depth_32,separate,token_bundle_b32_d32,baseline,unbound,1,merkle_membership_depth_32,merkle_membership,groth16,0.04380651199994645,0.6545801119998487,0.28623762799998076,0.9846242519997759,804,84,True,,ok,
20260728T123050Z_paper_groth16,2026-07-28T12:42:20.624867+00:00,measured,1,8,5,separate_token_bundle_32_depth_32,separate,token_bundle_b32_d32,baseline,unbound,2,nullifier_correctness_poseidon,nullifier_correctness,groth16,0.03294673599998532,0.33206192499983445,0.25508654200007186,0.6200952029998916,803,164,True,,ok,
20260728T123050Z_paper_groth16,2026-07-28T12:42:20.624867+00:00,measured,1,8,5,separate_token_bundle_32_depth_32,separate,token_bundle_b32_d32,baseline,unbound,3,local_financial_validity_32,local_financial_validity,groth16,0.022702668999954767,0.2847263210001074,0.2525375160000749,0.5599665060001371,803,3,True,,ok,
20260728T123050Z_paper_groth16,2026-07-28T12:42:20.624867+00:00,measured,1,8,5,separate_token_bundle_32_depth_32,separate,token_bundle_b32_d32,baseline,unbound,4,privacy_budget_32,privacy_budget,groth16,0.018174037000108,0.2981632940000054,0.2678499409998949,0.5841872720000083,805,16,True,,ok,
20260728T123050Z_paper_groth16,2026-07-28T12:42:21.385204+00:00,measured,1,8,6,merkle_membership_depth_8,monolithic,,,none,1,merkle_membership_depth_8,merkle_membership,groth16,0.04399105499987854,0.44847445599998537,0.2671266300001207,0.7595921409999846,803,84,True,,ok,
20260728T123050Z_paper_groth16,2026-07-28T12:42:21.979026+00:00,measured,1,8,7,account_policy_with_privacy_budget_16,monolithic,account_budget_b16,baseline,shared_witness,1,account_policy_with_privacy_budget_16,account_policy_with_privacy_budget,groth16,0.020416183000179444,0.2923731339999449,0.2802117609999186,0.593001078000043,803,21,True,,ok,
20260728T123050Z_paper_groth16,2026-07-28T12:42:22.581017+00:00,measured,1,8,8,privacy_budget_64,monolithic,,,none,1,privacy_budget_64,privacy_budget,groth16,0.02284876999988228,0.2865989360000185,0.2918593919998784,0.6013070979997792,806,26,True,,ok,
20260728T123050Z_paper_groth16,2026-07-28T12:42:23.452177+00:00,measured,1,8,9,token_policy_bundle_32_depth_16,monolithic,token_bundle_b32_d16,baseline,shared_witness,1,token_policy_bundle_32_depth_16,token_policy_bundle,groth16,0.04717325699994035,0.5627717899999425,0.26024534199996197,0.8701903889998448,805,260,True,,ok,
20260728T123050Z_paper_groth16,2026-07-28T12:42:24.041420+00:00,measured,1,8,10,local_financial_validity_64,monolithic,,,none,1,local_financial_validity_64,local_financial_validity,groth16,0.021891974000027403,0.2966109689998575,0.2699530689999392,0.5884560119998241,802,3,True,,ok,
20260728T123050Z_paper_groth16,2026-07-28T12:42:26.373695+00:00,measured,1,8,11,separate_account_budget_16,separate,account_budget_b16,baseline,unbound,1,local_financial_validity_16,local_financial_validity,groth16,0.023903096999902118,0.27598674800015033,0.24783574100001715,0.5477255860000696,807,3,True,,ok,
20260728T123050Z_paper_groth16,2026-07-28T12:42:26.373695+00:00,measured,1,8,11,separate_account_budget_16,separate,account_budget_b16,baseline,unbound,2,state_transition_and_conservation_16,state_transition_and_conservation,groth16,0.019427491000215014,0.34967024899992794,0.2691417179999007,0.6382394580000437,804,3,True,,ok,
20260728T123050Z_paper_groth16,2026-07-28T12:42:26.373695+00:00,measured,1,8,11,separate_account_budget_16,separate,account_budget_b16,baseline,unbound,3,operating_limit_16,operating_limit,groth16,0.021211849999872356,0.2932721209999727,0.26343314800010376,0.5779171189999488,807,12,True,,ok,
20260728T123050Z_paper_groth16,2026-07-28T12:42:26.373695+00:00,measured,1,8,11,separate_account_budget_16,separate,account_budget_b16,baseline,unbound,4,privacy_budget_16,privacy_budget,groth16,0.019362944000022253,0.28639935300020625,0.2605155649998778,0.5662778620001063,805,11,True,,ok,
20260728T123050Z_paper_groth16,2026-07-28T12:42:26.971818+00:00,measured,1,8,12,local_validity_and_operating_limit_64,monolithic,valid_limit_b64,baseline,shared_witness,1,local_validity_and_operating_limit_64,local_validity_and_operating_limit,groth16,0.024898296999936065,0.304512251999995,0.2680578740000783,0.5974684230000094,804,26,True,,ok,
20260728T123050Z_paper_groth16,2026-07-28T12:42:27.538087+00:00,measured,1,8,13,local_financial_validity_16,monolithic,,,none,1,local_financial_validity_16,local_financial_validity,groth16,0.020708074000140186,0.28175141399992754,0.2628642360000413,0.565323724000109,805,3,True,,ok,
20260728T123050Z_paper_groth16,2026-07-28T12:42:28.144019+00:00,measured,1,8,14,operating_limit_16,monolithic,,,none,1,operating_limit_16,operating_limit,groth16,0.020722479999903953,0.32105062899995573,0.26349044500011587,0.6052635539999756,805,12,True,,ok,
20260728T123050Z_paper_groth16,2026-07-28T12:42:28.747187+00:00,measured,1,8,15,local_financial_validity_32,monolithic,,,none,1,local_financial_validity_32,local_financial_validity,groth16,0.01917931499997394,0.30402714199999537,0.2792947869997988,0.6025012439997681,807,3,True,,ok,
20260728T123050Z_paper_groth16,2026-07-28T12:42:29.930624+00:00,measured,1,8,16,separate_valid_limit_16,separate,valid_limit_b16,baseline,unbound,1,local_financial_validity_16,local_financial_validity,groth16,0.025617651999937152,0.31282354099994336,0.25268966299995554,0.5911308559998361,803,3,True,,ok,
20260728T123050Z_paper_groth16,2026-07-28T12:42:29.930624+00:00,measured,1,8,16,separate_valid_limit_16,separate,valid_limit_b16,baseline,unbound,2,operating_limit_16,operating_limit,groth16,0.02043276299991703,0.29835446599986426,0.2723907929998859,0.5911780219996672,803,12,True,,ok,
20260728T123050Z_paper_groth16,2026-07-28T12:42:30.543861+00:00,measured,1,8,17,account_policy_core_64,monolithic,account_core_b64,baseline,shared_witness,1,account_policy_core_64,account_policy_core,groth16,0.023067486999934772,0.3308587799999714,0.2586754450001081,0.6126017120000142,805,26,True,,ok,
20260728T123050Z_paper_groth16,2026-07-28T12:42:31.739911+00:00,measured,1,8,18,separate_valid_limit_32,separate,valid_limit_b32,baseline,unbound,1,local_financial_validity_32,local_financial_validity,groth16,0.022380532999932257,0.3009212209999532,0.26043326100011654,0.583735015000002,804,3,True,,ok,
20260728T123050Z_paper_groth16,2026-07-28T12:42:31.739911+00:00,measured,1,8,18,separate_valid_limit_32,separate,valid_limit_b32,baseline,unbound,2,operating_limit_32,operating_limit,groth16,0.021310816999857707,0.31457711799998833,0.27531739000005473,0.6112053249999008,802,16,True,,ok,
20260728T123050Z_paper_groth16,2026-07-28T12:42:32.316062+00:00,measured,1,8,19,local_validity_and_operating_limit_16,monolithic,valid_limit_b16,baseline,shared_witness,1,local_validity_and_operating_limit_16,local_validity_and_operating_limit,groth16,0.026859441999931732,0.2920963199999278,0.25657919600007517,0.5755349579999347,805,12,True,,ok,
20260728T123050Z_paper_groth16,2026-07-28T12:42:32.914528+00:00,measured,1,8,20,account_policy_with_privacy_budget_32,monolithic,account_budget_b32,baseline,shared_witness,1,account_policy_with_privacy_budget_32,account_policy_with_privacy_budget,groth16,0.02276789600000484,0.3153647650001403,0.2596799000000374,0.5978125610001825,804,30,True,,ok,
20260728T123050Z_paper_groth16,2026-07-28T12:42:35.547426+00:00,measured,1,8,21,separate_token_bundle_32_depth_16,separate,token_bundle_b32_d16,baseline,unbound,1,merkle_membership_depth_16,merkle_membership,groth16,0.041759984000009354,0.5369419720000224,0.2813849340000161,0.8600868900000478,807,84,True,,ok,
20260728T123050Z_paper_groth16,2026-07-28T12:42:35.547426+00:00,measured,1,8,21,separate_token_bundle_32_depth_16,separate,token_bundle_b32_d16,baseline,unbound,2,nullifier_correctness_poseidon,nullifier_correctness,groth16,0.03771580800002994,0.345883208000032,0.2527621219999219,0.6363611379999838,805,164,True,,ok,
20260728T123050Z_paper_groth16,2026-07-28T12:42:35.547426+00:00,measured,1,8,21,separate_token_bundle_32_depth_16,separate,token_bundle_b32_d16,baseline,unbound,3,local_financial_validity_32,local_financial_validity,groth16,0.02076870499990946,0.2883181100000911,0.27027431200008323,0.5793611270000838,804,3,True,,ok,
20260728T123050Z_paper_groth16,2026-07-28T12:42:35.547426+00:00,measured,1,8,21,separate_token_bundle_32_depth_16,separate,token_bundle_b32_d16,baseline,unbound,4,privacy_budget_32,privacy_budget,groth16,0.019975397000052908,0.28385545800006184,0.250733296999897,0.5545641520000117,806,16,True,,ok,
20260728T123050Z_paper_groth16,2026-07-28T12:42:36.474140+00:00,measured,1,8,22,linked_token_bundle_monolithic_32_depth_16,monolithic,token_bundle_b32_d16,commitment_linked,tx_tag,1,linked_token_bundle_monolithic_32_depth_16,token_policy_bundle,groth16,0.06324290299994573,0.5753542750001088,0.2850452590000714,0.9236424370001259,806,342,True,True,ok,
20260728T123050Z_paper_groth16,2026-07-28T12:42:37.255867+00:00,measured,1,8,23,token_policy_bundle_32_depth_8,monolithic,token_bundle_b32_d8,baseline,shared_witness,1,token_policy_bundle_32_depth_8,token_policy_bundle,groth16,0.048128276999932496,0.46044284499998867,0.2724289080001654,0.7810000300000866,804,261,True,,ok,
20260728T123050Z_paper_groth16,2026-07-28T12:42:39.005296+00:00,measured,1,8,24,separate_account_core_32,separate,account_core_b32,baseline,unbound,1,local_financial_validity_32,local_financial_validity,groth16,0.020812497999941115,0.27975284799981637,0.26149947499993687,0.5620648209996943,806,3,True,,ok,
20260728T123050Z_paper_groth16,2026-07-28T12:42:39.005296+00:00,measured,1,8,24,separate_account_core_32,separate,account_core_b32,baseline,unbound,2,state_transition_and_conservation_32,state_transition_and_conservation,groth16,0.02247090500009108,0.31477140299989514,0.2669880370001465,0.6042303450001327,805,3,True,,ok,
20260728T123050Z_paper_groth16,2026-07-28T12:42:39.005296+00:00,measured,1,8,24,separate_account_core_32,separate,account_core_b32,baseline,unbound,3,operating_limit_32,operating_limit,groth16,0.019636848000118334,0.30028054499985046,0.2611909659999583,0.5811083589999271,806,16,True,,ok,
20260728T123050Z_paper_groth16,2026-07-28T12:42:39.616066+00:00,measured,1,8,25,local_validity_and_operating_limit_32,monolithic,valid_limit_b32,baseline,shared_witness,1,local_validity_and_operating_limit_32,local_validity_and_operating_limit,groth16,0.02171532399984244,0.330345085999852,0.25807369999984076,0.6101341099995352,806,16,True,,ok,
20260728T123050Z_paper_groth16,2026-07-28T12:42:40.272748+00:00,measured,1,8,26,linked_valid_limit_monolithic_32,monolithic,valid_limit_b32,commitment_linked,tx_tag,1,linked_valid_limit_monolithic_32,local_validity_and_operating_limit,groth16,0.04328536899993196,0.3391939809998803,0.2731834109999909,0.6556627609998031,804,98,True,True,ok,
20260728T123050Z_paper_groth16,2026-07-28T12:42:40.847422+00:00,measured,1,8,27,state_transition_and_conservation_64,monolithic,,,none,1,state_transition_and_conservation_64,state_transition_and_conservation,groth16,0.02089020700009314,0.30943321500012644,0.24376244500012945,0.574085867000349,802,3,True,,ok,
20260728T123050Z_paper_groth16,2026-07-28T12:42:42.683656+00:00,measured,1,8,28,separate_account_core_64,separate,account_core_b64,baseline,unbound,1,local_financial_validity_64,local_financial_validity,groth16,0.019858465999959662,0.2904341180001211,0.2602063360000102,0.570498920000091,804,3,True,,ok,
20260728T123050Z_paper_groth16,2026-07-28T12:42:42.683656+00:00,measured,1,8,28,separate_account_core_64,separate,account_core_b64,baseline,unbound,2,state_transition_and_conservation_64,state_transition_and_conservation,groth16,0.01911369800018292,0.29479974199989556,0.26502130100016075,0.5789347410002392,806,3,True,,ok,
20260728T123050Z_paper_groth16,2026-07-28T12:42:42.683656+00:00,measured,1,8,28,separate_account_core_64,separate,account_core_b64,baseline,unbound,3,operating_limit_64,operating_limit,groth16,0.023123489999989033,0.3770061710001755,0.28505605500004094,0.6851857160002055,804,26,True,,ok,
20260728T123050Z_paper_groth16,2026-07-28T12:42:43.755023+00:00,measured,1,8,29,token_policy_bundle_32_depth_32,monolithic,token_bundle_b32_d32,baseline,shared_witness,1,token_policy_bundle_32_depth_32,token_policy_bundle,groth16,0.054604581999910806,0.7501141059999554,0.2659526999998434,1.0706713879997096,804,261,True,,ok,
20260728T123050Z_paper_groth16,2026-07-28T12:42:45.135248+00:00,measured,1,8,30,linked_separate_valid_limit_32,separate,valid_limit_b32,commitment_linked,tx_tag,1,linked_valid_limit_validity_32,linked_valid_limit_component,groth16,0.04377262100001644,0.3448047959998348,0.28737391300001036,0.6759513299998616,800,98,True,True,ok,
20260728T123050Z_paper_groth16,2026-07-28T12:42:45.135248+00:00,measured,1,8,30,linked_separate_valid_limit_32,separate,valid_limit_b32,commitment_linked,tx_tag,2,linked_valid_limit_limit_32,linked_valid_limit_component,groth16,0.04514749000009033,0.3582243749999634,0.29936190000012175,0.7027337650001755,806,98,True,True,ok,
20260728T123050Z_paper_groth16,2026-07-28T12:42:45.789286+00:00,measured,1,8,31,account_policy_core_16,monolithic,account_core_b16,baseline,shared_witness,1,account_policy_core_16,account_policy_core,groth16,0.024435713999992004,0.30686729400008517,0.32201606200010247,0.6533190700001796,805,12,True,,ok,
20260728T123050Z_paper_groth16,2026-07-28T12:42:46.451769+00:00,measured,1,8,32,nullifier_correctness_poseidon,monolithic,,,none,1,nullifier_correctness_poseidon,nullifier_correctness,groth16,0.034698275999971884,0.34712390600020626,0.2800267159998384,0.6618488980000166,807,164,True,,ok,
20260728T123050Z_paper_groth16,2026-07-28T12:42:49.384336+00:00,measured,1,8,33,linked_separate_token_bundle_32_depth_16,separate,token_bundle_b32_d16,commitment_linked,tx_tag,1,linked_token_bundle_membership_32_depth_16,linked_token_bundle_component,groth16,0.0634314839999206,0.5424214740000934,0.2714280370000779,0.8772809950000919,805,342,True,True,ok,
20260728T123050Z_paper_groth16,2026-07-28T12:42:49.384336+00:00,measured,1,8,33,linked_separate_token_bundle_32_depth_16,separate,token_bundle_b32_d16,commitment_linked,tx_tag,2,linked_token_bundle_nullifier_32_depth_16,linked_token_bundle_component,groth16,0.05854929299994183,0.37253451599985965,0.2601897720001034,0.6912735809999049,805,342,True,True,ok,
20260728T123050Z_paper_groth16,2026-07-28T12:42:49.384336+00:00,measured,1,8,33,linked_separate_token_bundle_32_depth_16,separate,token_bundle_b32_d16,commitment_linked,tx_tag,3,linked_token_bundle_validity_32_depth_16,linked_token_bundle_component,groth16,0.07257856999990508,0.3413982390000001,0.27023596900016855,0.6842127780000737,802,342,True,True,ok,
20260728T123050Z_paper_groth16,2026-07-28T12:42:49.384336+00:00,measured,1,8,33,linked_separate_token_bundle_32_depth_16,separate,token_bundle_b32_d16,commitment_linked,tx_tag,4,linked_token_bundle_budget_32_depth_16,linked_token_bundle_component,groth16,0.05649648000007801,0.35764444400001594,0.2610552439998628,0.6751961679999567,800,342,True,True,ok,
20260728T123050Z_paper_groth16,2026-07-28T12:42:51.714222+00:00,measured,1,8,34,separate_account_budget_32,separate,account_budget_b32,baseline,unbound,1,local_financial_validity_32,local_financial_validity,groth16,0.02202915599991684,0.29417790899992724,0.24068895400000656,0.5568960189998506,800,3,True,,ok,
20260728T123050Z_paper_groth16,2026-07-28T12:42:51.714222+00:00,measured,1,8,34,separate_account_budget_32,separate,account_budget_b32,baseline,unbound,2,state_transition_and_conservation_32,state_transition_and_conservation,groth16,0.01831720900008804,0.2912273169999935,0.2551055730000371,0.5646500990001186,807,3,True,,ok,
20260728T123050Z_paper_groth16,2026-07-28T12:42:51.714222+00:00,measured,1,8,34,separate_account_budget_32,separate,account_budget_b32,baseline,unbound,3,operating_limit_32,operating_limit,groth16,0.020871470999964004,0.32992627599992375,0.2677614760000324,0.6185592229999202,803,16,True,,ok,
20260728T123050Z_paper_groth16,2026-07-28T12:42:51.714222+00:00,measured,1,8,34,separate_account_budget_32,separate,account_budget_b32,baseline,unbound,4,privacy_budget_32,privacy_budget,groth16,0.02046529299991562,0.30314251400000103,0.26357212799985064,0.5871799349997673,803,16,True,,ok,
20260728T123050Z_paper_groth16,2026-07-28T12:42:52.320643+00:00,measured,1,8,35,account_policy_with_privacy_budget_64,monolithic,account_budget_b64,baseline,shared_witness,1,account_policy_with_privacy_budget_64,account_policy_with_privacy_budget,groth16,0.02606405699998504,0.3119838779998645,0.2677138170001854,0.6057617520000349,805,50,True,,ok,
20260728T123050Z_paper_groth16,2026-07-28T12:42:52.914161+00:00,measured,1,8,36,state_transition_and_conservation_32,monolithic,,,none,1,state_transition_and_conservation_32,state_transition_and_conservation,groth16,0.020691684999974314,0.2982168519999959,0.27398770599984346,0.5928962429998137,807,3,True,,ok,
20260728T123050Z_paper_groth16,2026-07-28T12:42:53.939855+00:00,measured,1,8,37,merkle_membership_depth_32,monolithic,,,none,1,merkle_membership_depth_32,merkle_membership,groth16,0.04460904099983054,0.7163010060000943,0.26408484200010207,1.0249948890000269,807,84,True,,ok,
20260728T123050Z_paper_groth16,2026-07-28T12:42:54.499649+00:00,measured,1,8,38,account_policy_core_32,monolithic,account_core_b32,baseline,shared_witness,1,account_policy_core_32,account_policy_core,groth16,0.021368442000039067,0.2930040270000518,0.2447937650001677,0.5591662340002586,806,16,True,,ok,
20260728T123050Z_paper_groth16,2026-07-28T12:42:55.154573+00:00,measured,1,8,39,operating_limit_64,monolithic,,,none,1,operating_limit_64,operating_limit,groth16,0.020912325999915993,0.34596398799999406,0.2873737400000209,0.654250053999931,807,26,True,,ok,
20260728T123050Z_paper_groth16,2026-07-28T12:42:55.742333+00:00,measured,1,8,40,privacy_budget_32,monolithic,,,none,1,privacy_budget_32,privacy_budget,groth16,0.023320365000017773,0.29833743399990453,0.2654040110001006,0.5870618100000229,805,16,True,,ok,
20260728T123050Z_paper_groth16,2026-07-28T12:42:57.005698+00:00,measured,1,8,41,separate_valid_limit_64,separate,valid_limit_b64,baseline,unbound,1,local_financial_validity_64,local_financial_validity,groth16,0.021595569000055548,0.33019633799995063,0.2766814169999634,0.6284733239999696,805,3,True,,ok,
20260728T123050Z_paper_groth16,2026-07-28T12:42:57.005698+00:00,measured,1,8,41,separate_valid_limit_64,separate,valid_limit_b64,baseline,unbound,2,operating_limit_64,operating_limit,groth16,0.019804951999958575,0.3314187280000169,0.28253693600004226,0.6337606160000178,806,26,True,,ok,
20260728T123050Z_paper_groth16,2026-07-28T12:42:59.870419+00:00,measured,1,8,42,linked_separate_account_budget_32,separate,account_budget_b32,commitment_linked,tx_tag,1,linked_account_budget_validity_32,linked_account_budget_component,groth16,0.062391066000145656,0.3821448189999046,0.27905587399982323,0.7235917589998735,805,111,True,True,ok,
20260728T123050Z_paper_groth16,2026-07-28T12:42:59.870419+00:00,measured,1,8,42,linked_separate_account_budget_32,separate,account_budget_b32,commitment_linked,tx_tag,2,linked_account_budget_transition_32,linked_account_budget_component,groth16,0.0647602060000736,0.3762369010000839,0.25886886500006767,0.6998659720002252,805,111,True,True,ok,
20260728T123050Z_paper_groth16,2026-07-28T12:42:59.870419+00:00,measured,1,8,42,linked_separate_account_budget_32,separate,account_budget_b32,commitment_linked,tx_tag,3,linked_account_budget_limit_32,linked_account_budget_component,groth16,0.05860732099995403,0.38545552699997643,0.27672444800009544,0.7207872960000259,807,111,True,True,ok,
20260728T123050Z_paper_groth16,2026-07-28T12:42:59.870419+00:00,measured,1,8,42,linked_separate_account_budget_32,separate,account_budget_b32,commitment_linked,tx_tag,4,linked_account_budget_budget_32,linked_account_budget_component,groth16,0.06807719900007214,0.35563416500008316,0.2935695950000081,0.7172809590001634,803,111,True,True,ok,
20260728T123050Z_paper_groth16,2026-07-28T12:43:02.405440+00:00,measured,1,8,43,separate_token_bundle_32_depth_8,separate,token_bundle_b32_d8,baseline,unbound,1,merkle_membership_depth_8,merkle_membership,groth16,0.043582557000036104,0.4605126140002085,0.26730132199986656,0.7713964930001111,807,84,True,,ok,
20260728T123050Z_paper_groth16,2026-07-28T12:43:02.405440+00:00,measured,1,8,43,separate_token_bundle_32_depth_8,separate,token_bundle_b32_d8,baseline,unbound,2,nullifier_correctness_poseidon,nullifier_correctness,groth16,0.03146282600005179,0.3397529440001108,0.2681576590000532,0.6393734290002158,807,164,True,,ok,
20260728T123050Z_paper_groth16,2026-07-28T12:43:02.405440+00:00,measured,1,8,43,separate_token_bundle_32_depth_8,separate,token_bundle_b32_d8,baseline,unbound,3,local_financial_validity_32,local_financial_validity,groth16,0.019644565999897168,0.2898143259999415,0.24467039099999965,0.5541292829998383,807,3,True,,ok,
20260728T123050Z_paper_groth16,2026-07-28T12:43:02.405440+00:00,measured,1,8,43,separate_token_bundle_32_depth_8,separate,token_bundle_b32_d8,baseline,unbound,4,privacy_budget_32,privacy_budget,groth16,0.02086469300002136,0.29657729799987465,0.25049112199985757,0.5679331129997536,804,16,True,,ok,
20260728T123050Z_paper_groth16,2026-07-28T12:43:03.071366+00:00,measured,1,8,44,linked_account_budget_monolithic_32,monolithic,account_budget_b32,commitment_linked,tx_tag,1,linked_account_budget_monolithic_32,account_policy_with_privacy_budget,groth16,0.05800109599999814,0.34849852899992584,0.2584430550000434,0.6649426799999674,806,111,True,True,ok,
20260728T123050Z_paper_groth16,2026-07-28T12:43:05.438837+00:00,measured,1,8,45,separate_account_budget_64,separate,account_budget_b64,baseline,unbound,1,local_financial_validity_64,local_financial_validity,groth16,0.01989450299993223,0.2818584930000725,0.2639251880000302,0.5656781840000349,805,3,True,,ok,
20260728T123050Z_paper_groth16,2026-07-28T12:43:05.438837+00:00,measured,1,8,45,separate_account_budget_64,separate,account_budget_b64,baseline,unbound,2,state_transition_and_conservation_64,state_transition_and_conservation,groth16,0.02046491999999489,0.3225346639999316,0.2645161539999208,0.6075157379998473,803,3,True,,ok,
20260728T123050Z_paper_groth16,2026-07-28T12:43:05.438837+00:00,measured,1,8,45,separate_account_budget_64,separate,account_budget_b64,baseline,unbound,3,operating_limit_64,operating_limit,groth16,0.028620212000078027,0.29579291599998214,0.27288129599992317,0.5972944239999833,806,26,True,,ok,
20260728T123050Z_paper_groth16,2026-07-28T12:43:05.438837+00:00,measured,1,8,45,separate_account_budget_64,separate,account_budget_b64,baseline,unbound,4,privacy_budget_64,privacy_budget,groth16,0.026038814000003185,0.3088636420000057,0.2599531560001651,0.594855612000174,807,26,True,,ok,
20260728T123050Z_paper_groth16,2026-07-28T12:43:06.024787+00:00,measured,1,8,46,operating_limit_32,monolithic,,,none,1,operating_limit_32,operating_limit,groth16,0.023952971999960937,0.2993590179999046,0.2619700970001304,0.585282086999996,807,16,True,,ok,
20260728T123050Z_paper_groth16,2026-07-28T12:43:06.630884+00:00,measured,1,9,1,account_policy_with_privacy_budget_64,monolithic,account_budget_b64,baseline,shared_witness,1,account_policy_with_privacy_budget_64,account_policy_with_privacy_budget,groth16,0.021516529999871636,0.32278276700003516,0.2611377429998356,0.6054370399997424,805,50,True,,ok,
20260728T123050Z_paper_groth16,2026-07-28T12:43:09.341152+00:00,measured,1,9,2,linked_separate_account_budget_32,separate,account_budget_b32,commitment_linked,tx_tag,1,linked_account_budget_validity_32,linked_account_budget_component,groth16,0.05673067499992612,0.3552028869999049,0.27383860600002663,0.6857721679998576,805,111,True,True,ok,
20260728T123050Z_paper_groth16,2026-07-28T12:43:09.341152+00:00,measured,1,9,2,linked_separate_account_budget_32,separate,account_budget_b32,commitment_linked,tx_tag,2,linked_account_budget_transition_32,linked_account_budget_component,groth16,0.059919831000115664,0.3487466349999977,0.26034125199998925,0.6690077180001026,801,111,True,True,ok,
20260728T123050Z_paper_groth16,2026-07-28T12:43:09.341152+00:00,measured,1,9,2,linked_separate_account_budget_32,separate,account_budget_b32,commitment_linked,tx_tag,3,linked_account_budget_limit_32,linked_account_budget_component,groth16,0.06149370200000703,0.3655398040000364,0.24311603499995726,0.6701495410000007,804,111,True,True,ok,
20260728T123050Z_paper_groth16,2026-07-28T12:43:09.341152+00:00,measured,1,9,2,linked_separate_account_budget_32,separate,account_budget_b32,commitment_linked,tx_tag,4,linked_account_budget_budget_32,linked_account_budget_component,groth16,0.055484390999936295,0.35103917700007514,0.27556498900003135,0.6820885570000428,806,111,True,True,ok,
20260728T123050Z_paper_groth16,2026-07-28T12:43:09.973326+00:00,measured,1,9,3,account_policy_with_privacy_budget_32,monolithic,account_budget_b32,baseline,shared_witness,1,account_policy_with_privacy_budget_32,account_policy_with_privacy_budget,groth16,0.020987567000020135,0.33223639900006674,0.2782125910000559,0.6314365570001428,801,30,True,,ok,
20260728T123050Z_paper_groth16,2026-07-28T12:43:11.075429+00:00,measured,1,9,4,token_policy_bundle_32_depth_32,monolithic,token_bundle_b32_d32,baseline,shared_witness,1,token_policy_bundle_32_depth_32,token_policy_bundle,groth16,0.04891352499998902,0.7359318999999687,0.3164913370001159,1.1013367620000736,804,261,True,,ok,
20260728T123050Z_paper_groth16,2026-07-28T12:43:11.843843+00:00,measured,1,9,5,merkle_membership_depth_8,monolithic,,,none,1,merkle_membership_depth_8,merkle_membership,groth16,0.04285269999991215,0.4422882290000416,0.28260633100012456,0.7677472600000783,805,84,True,,ok,
20260728T123050Z_paper_groth16,2026-07-28T12:43:12.399574+00:00,measured,1,9,6,local_financial_validity_16,monolithic,,,none,1,local_financial_validity_16,local_financial_validity,groth16,0.020067344999915804,0.2784077559999787,0.255165204999912,0.5536403059998065,803,3,True,,ok,
20260728T123050Z_paper_groth16,2026-07-28T12:43:13.014762+00:00,measured,1,9,7,privacy_budget_32,monolithic,,,none,1,privacy_budget_32,privacy_budget,groth16,0.02085619800004679,0.29305964800005313,0.30062901300016165,0.6145448590002616,804,16,True,,ok,
20260728T123050Z_paper_groth16,2026-07-28T12:43:13.644934+00:00,measured,1,9,8,account_policy_core_16,monolithic,account_core_b16,baseline,shared_witness,1,account_policy_core_16,account_policy_core,groth16,0.028411324999979115,0.3156086480000795,0.2855192829999851,0.6295392560000437,808,12,True,,ok,
20260728T123050Z_paper_groth16,2026-07-28T12:43:14.381271+00:00,measured,1,9,9,linked_account_budget_monolithic_32,monolithic,account_budget_b32,commitment_linked,tx_tag,1,linked_account_budget_monolithic_32,account_policy_with_privacy_budget,groth16,0.0701578939999763,0.3712050840001666,0.2938434640000196,0.7352064420001625,805,111,True,True,ok,
20260728T123050Z_paper_groth16,2026-07-28T12:43:15.036798+00:00,measured,1,9,10,state_transition_and_conservation_64,monolithic,,,none,1,state_transition_and_conservation_64,state_transition_and_conservation,groth16,0.022661968999955207,0.3331822520001424,0.29902533699987544,0.654869557999973,806,3,True,,ok,
20260728T123050Z_paper_groth16,2026-07-28T12:43:15.719390+00:00,measured,1,9,11,operating_limit_64,monolithic,,,none,1,operating_limit_64,operating_limit,groth16,0.022271565999972154,0.32403701099997306,0.33563460200002737,0.6819431789999726,802,26,True,,ok,
20260728T123050Z_paper_groth16,2026-07-28T12:43:17.583851+00:00,measured,1,9,12,separate_account_core_64,separate,account_core_b64,baseline,unbound,1,local_financial_validity_64,local_financial_validity,groth16,0.02307854600007886,0.29777126899989526,0.26506740900003933,0.5859172240000134,807,3,True,,ok,
20260728T123050Z_paper_groth16,2026-07-28T12:43:17.583851+00:00,measured,1,9,12,separate_account_core_64,separate,account_core_b64,baseline,unbound,2,state_transition_and_conservation_64,state_transition_and_conservation,groth16,0.022789108000097258,0.3290750389999175,0.2950325320000502,0.646896679000065,804,3,True,,ok,
20260728T123050Z_paper_groth16,2026-07-28T12:43:17.583851+00:00,measured,1,9,12,separate_account_core_64,separate,account_core_b64,baseline,unbound,3,operating_limit_64,operating_limit,groth16,0.020972643000050084,0.3299467250001271,0.27781540199998744,0.6287347700001646,808,26,True,,ok,
20260728T123050Z_paper_groth16,2026-07-28T12:43:20.171575+00:00,measured,1,9,13,separate_token_bundle_32_depth_16,separate,token_bundle_b32_d16,baseline,unbound,1,merkle_membership_depth_16,merkle_membership,groth16,0.03957385100011379,0.5248553859998992,0.2764091640001425,0.8408384010001555,805,84,True,,ok,
20260728T123050Z_paper_groth16,2026-07-28T12:43:20.171575+00:00,measured,1,9,13,separate_token_bundle_32_depth_16,separate,token_bundle_b32_d16,baseline,unbound,2,nullifier_correctness_poseidon,nullifier_correctness,groth16,0.03226433999998335,0.33379343400019934,0.25715231999993193,0.6232100940001146,805,164,True,,ok,
20260728T123050Z_paper_groth16,2026-07-28T12:43:20.171575+00:00,measured,1,9,13,separate_token_bundle_32_depth_16,separate,token_bundle_b32_d16,baseline,unbound,3,local_financial_validity_32,local_financial_validity,groth16,0.021230301999821677,0.2773365580001155,0.2512698069999715,0.5498366669999086,806,3,True,,ok,
20260728T123050Z_paper_groth16,2026-07-28T12:43:20.171575+00:00,measured,1,9,13,separate_token_bundle_32_depth_16,separate,token_bundle_b32_d16,baseline,unbound,4,privacy_budget_32,privacy_budget,groth16,0.019644144000039887,0.3048830509999334,0.2469535969999015,0.5714807919998748,808,16,True,,ok,
20260728T123050Z_paper_groth16,2026-07-28T12:43:22.607141+00:00,measured,1,9,14,separate_account_budget_64,separate,account_budget_b64,baseline,unbound,1,local_financial_validity_64,local_financial_validity,groth16,0.019957690999945044,0.30798936199994387,0.25469304699981876,0.5826400999997077,807,3,True,,ok,
20260728T123050Z_paper_groth16,2026-07-28T12:43:22.607141+00:00,measured,1,9,14,separate_account_budget_64,separate,account_budget_b64,baseline,unbound,2,state_transition_and_conservation_64,state_transition_and_conservation,groth16,0.02296859500006576,0.31872709100002794,0.26606633799997326,0.607762024000067,805,3,True,,ok,
20260728T123050Z_paper_groth16,2026-07-28T12:43:22.607141+00:00,measured,1,9,14,separate_account_budget_64,separate,account_budget_b64,baseline,unbound,3,operating_limit_64,operating_limit,groth16,0.021410856999864336,0.3021798239999498,0.29413423100004366,0.6177249119998578,805,26,True,,ok,
20260728T123050Z_paper_groth16,2026-07-28T12:43:22.607141+00:00,measured,1,9,14,separate_account_budget_64,separate,account_budget_b64,baseline,unbound,4,privacy_budget_64,privacy_budget,groth16,0.02222352600006161,0.3227456390000043,0.2729334809998818,0.6179026459999477,806,26,True,,ok,
20260728T123050Z_paper_groth16,2026-07-28T12:43:23.216504+00:00,measured,1,9,15,account_policy_core_64,monolithic,account_core_b64,baseline,shared_witness,1,account_policy_core_64,account_policy_core,groth16,0.02228679699987879,0.32145124199996644,0.26494912899988776,0.608687167999733,803,26,True,,ok,
20260728T123050Z_paper_groth16,2026-07-28T12:43:23.828959+00:00,measured,1,9,16,state_transition_and_conservation_16,monolithic,,,none,1,state_transition_and_conservation_16,state_transition_and_conservation,groth16,0.019776285000034477,0.31172593799988135,0.2803618269999788,0.6118640499998946,807,3,True,,ok,
20260728T123050Z_paper_groth16,2026-07-28T12:43:25.029662+00:00,measured,1,9,17,separate_valid_limit_64,separate,valid_limit_b64,baseline,unbound,1,local_financial_validity_64,local_financial_validity,groth16,0.022611983000160762,0.3066421830001218,0.26306524100004935,0.5923194070003319,804,3,True,,ok,
20260728T123050Z_paper_groth16,2026-07-28T12:43:25.029662+00:00,measured,1,9,17,separate_valid_limit_64,separate,valid_limit_b64,baseline,unbound,2,operating_limit_64,operating_limit,groth16,0.021875467999961984,0.3088690199999746,0.27648239399991326,0.6072268819998499,803,26,True,,ok,
20260728T123050Z_paper_groth16,2026-07-28T12:43:25.957437+00:00,measured,1,9,18,linked_token_bundle_monolithic_32_depth_16,monolithic,token_bundle_b32_d16,commitment_linked,tx_tag,1,linked_token_bundle_monolithic_32_depth_16,token_policy_bundle,groth16,0.06834966300016276,0.5926022989999638,0.2641264650001176,0.9250784270002441,805,342,True,True,ok,
20260728T123050Z_paper_groth16,2026-07-28T12:43:26.555863+00:00,measured,1,9,19,local_validity_and_operating_limit_16,monolithic,valid_limit_b16,baseline,shared_witness,1,local_validity_and_operating_limit_16,local_validity_and_operating_limit,groth16,0.02443221800012907,0.3102948400000969,0.26311381299979075,0.5978408710000167,805,12,True,,ok,
20260728T123050Z_paper_groth16,2026-07-28T12:43:27.126184+00:00,measured,1,9,20,local_validity_and_operating_limit_32,monolithic,valid_limit_b32,baseline,shared_witness,1,local_validity_and_operating_limit_32,local_validity_and_operating_limit,groth16,0.020562997999832078,0.29920962599999257,0.24994023199997173,0.5697128559997964,806,16,True,,ok,
20260728T123050Z_paper_groth16,2026-07-28T12:43:27.734397+00:00,measured,1,9,21,operating_limit_32,monolithic,,,none,1,operating_limit_32,operating_limit,groth16,0.024599280999836992,0.2942577640001218,0.28026368099995125,0.5991207259999101,803,16,True,,ok,
20260728T123050Z_paper_groth16,2026-07-28T12:43:30.509884+00:00,measured,1,9,22,separate_token_bundle_32_depth_32,separate,token_bundle_b32_d32,baseline,unbound,1,merkle_membership_depth_32,merkle_membership,groth16,0.04164390999994794,0.690694110999857,0.2737504500000796,1.0060884709998845,806,84,True,,ok,
20260728T123050Z_paper_groth16,2026-07-28T12:43:30.509884+00:00,measured,1,9,22,separate_token_bundle_32_depth_32,separate,token_bundle_b32_d32,baseline,unbound,2,nullifier_correctness_poseidon,nullifier_correctness,groth16,0.03378177600006893,0.324804623999853,0.2678611579999597,0.6264475579998816,806,164,True,,ok,
20260728T123050Z_paper_groth16,2026-07-28T12:43:30.509884+00:00,measured,1,9,22,separate_token_bundle_32_depth_32,separate,token_bundle_b32_d32,baseline,unbound,3,local_financial_validity_32,local_financial_validity,groth16,0.019175222000058056,0.29043747500008976,0.2560088300001553,0.5656215270003031,803,3,True,,ok,
20260728T123050Z_paper_groth16,2026-07-28T12:43:30.509884+00:00,measured,1,9,22,separate_token_bundle_32_depth_32,separate,token_bundle_b32_d32,baseline,unbound,4,privacy_budget_32,privacy_budget,groth16,0.020144335999930263,0.2857772859999841,0.26870925700018233,0.5746308790000967,805,16,True,,ok,
20260728T123050Z_paper_groth16,2026-07-28T12:43:31.700650+00:00,measured,1,9,23,separate_valid_limit_16,separate,valid_limit_b16,baseline,unbound,1,local_financial_validity_16,local_financial_validity,groth16,0.02260674000012841,0.29249716599997555,0.27398973499998647,0.5890936410000904,806,3,True,,ok,
20260728T123050Z_paper_groth16,2026-07-28T12:43:31.700650+00:00,measured,1,9,23,separate_valid_limit_16,separate,valid_limit_b16,baseline,unbound,2,operating_limit_16,operating_limit,groth16,0.018572704000007434,0.31199577799998224,0.2699658379999619,0.6005343199999515,806,12,True,,ok,
20260728T123050Z_paper_groth16,2026-07-28T12:43:32.273925+00:00,measured,1,9,24,local_financial_validity_32,monolithic,,,none,1,local_financial_validity_32,local_financial_validity,groth16,0.0204660919998787,0.2867806120000296,0.2654081809998843,0.5726548849997926,803,3,True,,ok,
20260728T123050Z_paper_groth16,2026-07-28T12:43:32.845732+00:00,measured,1,9,25,operating_limit_16,monolithic,,,none,1,operating_limit_16,operating_limit,groth16,0.020571556000049895,0.2939138889998958,0.2567017339999893,0.571187178999935,802,12,True,,ok,
20260728T123050Z_paper_groth16,2026-07-28T12:43:33.407059+00:00,measured,1,9,26,account_policy_core_32,monolithic,account_core_b32,baseline,shared_witness,1,account_policy_core_32,account_policy_core,groth16,0.023534655000048588,0.2816515519998575,0.25554620799994154,0.5607324149998476,808,16,True,,ok,
20260728T123050Z_paper_groth16,2026-07-28T12:43:33.994231+00:00,measured,1,9,27,state_transition_and_conservation_32,monolithic,,,none,1,state_transition_and_conservation_32,state_transition_and_conservation,groth16,0.021234981999896263,0.29351057099984246,0.2718391430000793,0.586584695999818,805,3,True,,ok,
20260728T123050Z_paper_groth16,2026-07-28T12:43:35.158724+00:00,measured,1,9,28,separate_valid_limit_32,separate,valid_limit_b32,baseline,unbound,1,local_financial_validity_32,local_financial_validity,groth16,0.021786854999845673,0.28845834999992803,0.25805824000008215,0.5683034449998559,803,3,True,,ok,
20260728T123050Z_paper_groth16,2026-07-28T12:43:35.158724+00:00,measured,1,9,28,separate_valid_limit_32,separate,valid_limit_b32,baseline,unbound,2,operating_limit_32,operating_limit,groth16,0.019127514000047086,0.29560518499988575,0.28036489199985226,0.5950975909997851,806,16,True,,ok,
20260728T123050Z_paper_groth16,2026-07-28T12:43:35.737547+00:00,measured,1,9,29,local_financial_validity_64,monolithic,,,none,1,local_financial_validity_64,local_financial_validity,groth16,0.02146633400002429,0.297924766000051,0.2587795060001099,0.5781706060001852,802,3,True,,ok,
20260728T123050Z_paper_groth16,2026-07-28T12:43:36.602263+00:00,measured,1,9,30,token_policy_bundle_32_depth_16,monolithic,token_bundle_b32_d16,baseline,shared_witness,1,token_policy_bundle_32_depth_16,token_policy_bundle,groth16,0.046108331000141334,0.5483046599999852,0.26966984399996363,0.8640828350000902,804,260,True,,ok,
20260728T123050Z_paper_groth16,2026-07-28T12:43:38.335710+00:00,measured,1,9,31,separate_account_core_16,separate,account_core_b16,baseline,unbound,1,local_financial_validity_16,local_financial_validity,groth16,0.021933045999958267,0.29024816500009365,0.2524955979999959,0.5646768090000478,805,3,True,,ok,
20260728T123050Z_paper_groth16,2026-07-28T12:43:38.335710+00:00,measured,1,9,31,separate_account_core_16,separate,account_core_b16,baseline,unbound,2,state_transition_and_conservation_16,state_transition_and_conservation,groth16,0.02073680300009073,0.30173583800001325,0.2718569700000444,0.5943296110001484,804,3,True,,ok,
20260728T123050Z_paper_groth16,2026-07-28T12:43:38.335710+00:00,measured,1,9,31,separate_account_core_16,separate,account_core_b16,baseline,unbound,3,operating_limit_16,operating_limit,groth16,0.020006887000135976,0.2839043720000518,0.2689351510000506,0.5728464100002384,805,12,True,,ok,
20260728T123050Z_paper_groth16,2026-07-28T12:43:38.922927+00:00,measured,1,9,32,local_validity_and_operating_limit_64,monolithic,valid_limit_b64,baseline,shared_witness,1,local_validity_and_operating_limit_64,local_validity_and_operating_limit,groth16,0.022220396000193432,0.2973415969997859,0.26658230799989724,0.5861443009998766,803,26,True,,ok,
20260728T123050Z_paper_groth16,2026-07-28T12:43:40.214856+00:00,measured,1,9,33,linked_separate_valid_limit_32,separate,valid_limit_b32,commitment_linked,tx_tag,1,linked_valid_limit_validity_32,linked_valid_limit_component,groth16,0.039710883999987345,0.33164028700002746,0.2654617500002132,0.636812921000228,804,98,True,True,ok,
20260728T123050Z_paper_groth16,2026-07-28T12:43:40.214856+00:00,measured,1,9,33,linked_separate_valid_limit_32,separate,valid_limit_b32,commitment_linked,tx_tag,2,linked_valid_limit_limit_32,linked_valid_limit_component,groth16,0.04267245099981665,0.34279107500015016,0.2681102149999788,0.6535737409999456,804,98,True,True,ok,
20260728T123050Z_paper_groth16,2026-07-28T12:43:40.780013+00:00,measured,1,9,34,account_policy_with_privacy_budget_16,monolithic,account_budget_b16,baseline,shared_witness,1,account_policy_with_privacy_budget_16,account_policy_with_privacy_budget,groth16,0.020570941999949355,0.2895719910000025,0.2544081600001391,0.564551093000091,806,21,True,,ok,
20260728T123050Z_paper_groth16,2026-07-28T12:43:41.820309+00:00,measured,1,9,35,merkle_membership_depth_32,monolithic,,,none,1,merkle_membership_depth_32,merkle_membership,groth16,0.04247913199992581,0.7265118780001103,0.27058297300004597,1.039573983000082,804,84,True,,ok,
20260728T123050Z_paper_groth16,2026-07-28T12:43:42.471973+00:00,measured,1,9,36,nullifier_correctness_poseidon,monolithic,,,none,1,nullifier_correctness_poseidon,nullifier_correctness,groth16,0.03782642000010128,0.33901019800009635,0.27419341500012706,0.6510300330003247,804,164,True,,ok,
20260728T123050Z_paper_groth16,2026-07-28T12:43:44.236072+00:00,measured,1,9,37,separate_account_core_32,separate,account_core_b32,baseline,unbound,1,local_financial_validity_32,local_financial_validity,groth16,0.019633043999874644,0.27689782199990987,0.2617981480000253,0.5583290139998098,804,3,True,,ok,
20260728T123050Z_paper_groth16,2026-07-28T12:43:44.236072+00:00,measured,1,9,37,separate_account_core_32,separate,account_core_b32,baseline,unbound,2,state_transition_and_conservation_32,state_transition_and_conservation,groth16,0.020030311000027723,0.3308754659999522,0.280065150999917,0.630970927999897,805,3,True,,ok,
20260728T123050Z_paper_groth16,2026-07-28T12:43:44.236072+00:00,measured,1,9,37,separate_account_core_32,separate,account_core_b32,baseline,unbound,3,operating_limit_32,operating_limit,groth16,0.020826540000143723,0.294734291000168,0.25752161900004467,0.5730824500003564,806,16,True,,ok,
20260728T123050Z_paper_groth16,2026-07-28T12:43:46.563480+00:00,measured,1,9,38,separate_account_budget_32,separate,account_budget_b32,baseline,unbound,1,local_financial_validity_32,local_financial_validity,groth16,0.019404637999969054,0.2857593569999608,0.2636344069999268,0.5687984019998567,805,3,True,,ok,
20260728T123050Z_paper_groth16,2026-07-28T12:43:46.563480+00:00,measured,1,9,38,separate_account_budget_32,separate,account_budget_b32,baseline,unbound,2,state_transition_and_conservation_32,state_transition_and_conservation,groth16,0.019528427999830456,0.29768753500002276,0.2820168089999697,0.5992327719998229,808,3,True,,ok,
20260728T123050Z_paper_groth16,2026-07-28T12:43:46.563480+00:00,measured,1,9,38,separate_account_budget_32,separate,account_budget_b32,baseline,unbound,3,operating_limit_32,operating_limit,groth16,0.01984192100007931,0.2998594640000647,0.2506858790000024,0.5703872640001464,804,16,True,,ok,
20260728T123050Z_paper_groth16,2026-07-28T12:43:46.563480+00:00,measured,1,9,38,separate_account_budget_32,separate,account_budget_b32,baseline,unbound,4,privacy_budget_32,privacy_budget,groth16,0.018779423999831124,0.3048324970000067,0.26283629900012784,0.5864482199999657,804,16,True,,ok,
20260728T123050Z_paper_groth16,2026-07-28T12:43:49.504586+00:00,measured,1,9,39,linked_separate_token_bundle_32_depth_16,separate,token_bundle_b32_d16,commitment_linked,tx_tag,1,linked_token_bundle_membership_32_depth_16,linked_token_bundle_component,groth16,0.06413370399991436,0.5658057839998492,0.2755442669999866,0.9054837549997501,806,342,True,True,ok,
20260728T123050Z_paper_groth16,2026-07-28T12:43:49.504586+00:00,measured,1,9,39,linked_separate_token_bundle_32_depth_16,separate,token_bundle_b32_d16,commitment_linked,tx_tag,2,linked_token_bundle_nullifier_32_depth_16,linked_token_bundle_component,groth16,0.061098425999944084,0.35851312300019345,0.2672621359999994,0.6868736850001369,805,342,True,True,ok,
20260728T123050Z_paper_groth16,2026-07-28T12:43:49.504586+00:00,measured,1,9,39,linked_separate_token_bundle_32_depth_16,separate,token_bundle_b32_d16,commitment_linked,tx_tag,3,linked_token_bundle_validity_32_depth_16,linked_token_bundle_component,groth16,0.057103542000049856,0.3337773240000388,0.27662381499999356,0.6675046810000822,803,342,True,True,ok,
20260728T123050Z_paper_groth16,2026-07-28T12:43:49.504586+00:00,measured,1,9,39,linked_separate_token_bundle_32_depth_16,separate,token_bundle_b32_d16,commitment_linked,tx_tag,4,linked_token_bundle_budget_32_depth_16,linked_token_bundle_component,groth16,0.06432661399981043,0.33698110599993925,0.27523794600006113,0.6765456659998108,804,342,True,True,ok,
20260728T123050Z_paper_groth16,2026-07-28T12:43:50.081663+00:00,measured,1,9,40,privacy_budget_16,monolithic,,,none,1,privacy_budget_16,privacy_budget,groth16,0.02102224300006128,0.2958657460001177,0.2595933669999795,0.5764813560001585,802,11,True,,ok,
20260728T123050Z_paper_groth16,2026-07-28T12:43:50.847178+00:00,measured,1,9,41,token_policy_bundle_32_depth_8,monolithic,token_bundle_b32_d8,baseline,shared_witness,1,token_policy_bundle_32_depth_8,token_policy_bundle,groth16,0.045199178999837386,0.44800760499992975,0.27135839099992154,0.7645651749996887,804,261,True,,ok,
20260728T123050Z_paper_groth16,2026-07-28T12:43:51.473581+00:00,measured,1,9,42,linked_valid_limit_monolithic_32,monolithic,valid_limit_b32,commitment_linked,tx_tag,1,linked_valid_limit_monolithic_32,local_validity_and_operating_limit,groth16,0.040498214000081134,0.31897141599984025,0.26606632900006844,0.6255359589999898,804,98,True,True,ok,
20260728T123050Z_paper_groth16,2026-07-28T12:43:52.282353+00:00,measured,1,9,43,merkle_membership_depth_16,monolithic,,,none,1,merkle_membership_depth_16,merkle_membership,groth16,0.039088191000018924,0.5016482810001435,0.26734505800004627,0.8080815300002087,806,84,True,,ok,
20260728T123050Z_paper_groth16,2026-07-28T12:43:54.664015+00:00,measured,1,9,44,separate_account_budget_16,separate,account_budget_b16,baseline,unbound,1,local_financial_validity_16,local_financial_validity,groth16,0.022708200000124634,0.30834365900000194,0.2717936409999311,0.6028455000000577,805,3,True,,ok,
20260728T123050Z_paper_groth16,2026-07-28T12:43:54.664015+00:00,measured,1,9,44,separate_account_budget_16,separate,account_budget_b16,baseline,unbound,2,state_transition_and_conservation_16,state_transition_and_conservation,groth16,0.01918751599987445,0.32089810699994814,0.2952973250000923,0.6353829479999149,806,3,True,,ok,
20260728T123050Z_paper_groth16,2026-07-28T12:43:54.664015+00:00,measured,1,9,44,separate_account_budget_16,separate,account_budget_b16,baseline,unbound,3,operating_limit_16,operating_limit,groth16,0.022882509000055506,0.29835452599991186,0.26139894800007824,0.5826359830000456,806,12,True,,ok,
20260728T123050Z_paper_groth16,2026-07-28T12:43:54.664015+00:00,measured,1,9,44,separate_account_budget_16,separate,account_budget_b16,baseline,unbound,4,privacy_budget_16,privacy_budget,groth16,0.01760248000005049,0.29339996999988216,0.24749679699993976,0.5584992469998724,808,11,True,,ok,
20260728T123050Z_paper_groth16,2026-07-28T12:43:55.240389+00:00,measured,1,9,45,privacy_budget_64,monolithic,,,none,1,privacy_budget_64,privacy_budget,groth16,0.021309642000005624,0.3009727589999329,0.25345506500002557,0.5757374659999641,806,26,True,,ok,
20260728T123050Z_paper_groth16,2026-07-28T12:43:57.752850+00:00,measured,1,9,46,separate_token_bundle_32_depth_8,separate,token_bundle_b32_d8,baseline,unbound,1,merkle_membership_depth_8,merkle_membership,groth16,0.040311669999937294,0.417859308000061,0.2575777330000619,0.7157487110000602,806,84,True,,ok,
20260728T123050Z_paper_groth16,2026-07-28T12:43:57.752850+00:00,measured,1,9,46,separate_token_bundle_32_depth_8,separate,token_bundle_b32_d8,baseline,unbound,2,nullifier_correctness_poseidon,nullifier_correctness,groth16,0.037355715999865424,0.35051436900016597,0.2630062180001005,0.6508763030001319,804,164,True,,ok,
20260728T123050Z_paper_groth16,2026-07-28T12:43:57.752850+00:00,measured,1,9,46,separate_token_bundle_32_depth_8,separate,token_bundle_b32_d8,baseline,unbound,3,local_financial_validity_32,local_financial_validity,groth16,0.018089962999965792,0.28244888400013224,0.25444369000001643,0.5549825370001145,808,3,True,,ok,
20260728T123050Z_paper_groth16,2026-07-28T12:43:57.752850+00:00,measured,1,9,46,separate_token_bundle_32_depth_8,separate,token_bundle_b32_d8,baseline,unbound,4,privacy_budget_32,privacy_budget,groth16,0.017840301999967778,0.29232179200016617,0.27772596099998736,0.5878880550001213,805,16,True,,ok,
20260728T123050Z_paper_groth16,2026-07-28T12:43:59.445709+00:00,measured,1,10,1,separate_account_core_16,separate,account_core_b16,baseline,unbound,1,local_financial_validity_16,local_financial_validity,groth16,0.021930565999809915,0.2892640150000716,0.2498353240000597,0.5610299049999412,803,3,True,,ok,
20260728T123050Z_paper_groth16,2026-07-28T12:43:59.445709+00:00,measured,1,10,1,separate_account_core_16,separate,account_core_b16,baseline,unbound,2,state_transition_and_conservation_16,state_transition_and_conservation,groth16,0.018303688999822043,0.29028002800009745,0.27235601600000336,0.5809397329999229,804,3,True,,ok,
20260728T123050Z_paper_groth16,2026-07-28T12:43:59.445709+00:00,measured,1,10,1,separate_account_core_16,separate,account_core_b16,baseline,unbound,3,operating_limit_16,operating_limit,groth16,0.01954160599984789,0.28517244499994376,0.24440336199995727,0.5491174129997489,807,12,True,,ok,
20260728T123050Z_paper_groth16,2026-07-28T12:44:00.026991+00:00,measured,1,10,2,local_validity_and_operating_limit_32,monolithic,valid_limit_b32,baseline,shared_witness,1,local_validity_and_operating_limit_32,local_validity_and_operating_limit,groth16,0.021008083999959126,0.3036176880000312,0.2560161080000398,0.5806418800000301,805,16,True,,ok,
20260728T123050Z_paper_groth16,2026-07-28T12:44:00.615022+00:00,measured,1,10,3,privacy_budget_32,monolithic,,,none,1,privacy_budget_32,privacy_budget,groth16,0.02243353600010778,0.28968034800004716,0.27529418099993563,0.5874080650000906,807,16,True,,ok,
20260728T123050Z_paper_groth16,2026-07-28T12:44:03.182193+00:00,measured,1,10,4,separate_token_bundle_32_depth_16,separate,token_bundle_b32_d16,baseline,unbound,1,merkle_membership_depth_16,merkle_membership,groth16,0.03931657799989807,0.5126547810000375,0.2735475399999814,0.8255188989999169,803,84,True,,ok,
20260728T123050Z_paper_groth16,2026-07-28T12:44:03.182193+00:00,measured,1,10,4,separate_token_bundle_32_depth_16,separate,token_bundle_b32_d16,baseline,unbound,2,nullifier_correctness_poseidon,nullifier_correctness,groth16,0.03208593199997267,0.33364688300002854,0.275900196000066,0.6416330110000672,802,164,True,,ok,
20260728T123050Z_paper_groth16,2026-07-28T12:44:03.182193+00:00,measured,1,10,4,separate_token_bundle_32_depth_16,separate,token_bundle_b32_d16,baseline,unbound,3,local_financial_validity_32,local_financial_validity,groth16,0.017257491000009395,0.2890634109999155,0.24299092200021732,0.5493118240001422,804,3,True,,ok,
20260728T123050Z_paper_groth16,2026-07-28T12:44:03.182193+00:00,measured,1,10,4,separate_token_bundle_32_depth_16,separate,token_bundle_b32_d16,baseline,unbound,4,privacy_budget_32,privacy_budget,groth16,0.019028735000119923,0.2724086640000678,0.25700820399993063,0.5484456030001184,806,16,True,,ok,
20260728T123050Z_paper_groth16,2026-07-28T12:44:06.019002+00:00,measured,1,10,5,linked_separate_token_bundle_32_depth_16,separate,token_bundle_b32_d16,commitment_linked,tx_tag,1,linked_token_bundle_membership_32_depth_16,linked_token_bundle_component,groth16,0.06007527699989623,0.5416504380000333,0.26164648700000726,0.8633722019999368,809,342,True,True,ok,
20260728T123050Z_paper_groth16,2026-07-28T12:44:06.019002+00:00,measured,1,10,5,linked_separate_token_bundle_32_depth_16,separate,token_bundle_b32_d16,commitment_linked,tx_tag,2,linked_token_bundle_nullifier_32_depth_16,linked_token_bundle_component,groth16,0.05905087199994341,0.3581426249998003,0.2576088260000233,0.6748023229997671,804,342,True,True,ok,
20260728T123050Z_paper_groth16,2026-07-28T12:44:06.019002+00:00,measured,1,10,5,linked_separate_token_bundle_32_depth_16,separate,token_bundle_b32_d16,commitment_linked,tx_tag,3,linked_token_bundle_validity_32_depth_16,linked_token_bundle_component,groth16,0.06021889800013014,0.33849445400005607,0.2563464570000633,0.6550598090002495,807,342,True,True,ok,
20260728T123050Z_paper_groth16,2026-07-28T12:44:06.019002+00:00,measured,1,10,5,linked_separate_token_bundle_32_depth_16,separate,token_bundle_b32_d16,commitment_linked,tx_tag,4,linked_token_bundle_budget_32_depth_16,linked_token_bundle_component,groth16,0.05593352899995807,0.3371927810001125,0.2465413869999793,0.6396676970000499,804,342,True,True,ok,
20260728T123050Z_paper_groth16,2026-07-28T12:44:07.071934+00:00,measured,1,10,6,token_policy_bundle_32_depth_32,monolithic,token_bundle_b32_d32,baseline,shared_witness,1,token_policy_bundle_32_depth_32,token_policy_bundle,groth16,0.04903619699985029,0.6914327810000032,0.3117519740001171,1.0522209519999706,804,261,True,,ok,
20260728T123050Z_paper_groth16,2026-07-28T12:44:07.683774+00:00,measured,1,10,7,account_policy_with_privacy_budget_64,monolithic,account_budget_b64,baseline,shared_witness,1,account_policy_with_privacy_budget_64,account_policy_with_privacy_budget,groth16,0.02391066299992417,0.3186023739999655,0.26863484299997253,0.6111478799998622,806,50,True,,ok,
20260728T123050Z_paper_groth16,2026-07-28T12:44:08.252738+00:00,measured,1,10,8,privacy_budget_64,monolithic,,,none,1,privacy_budget_64,privacy_budget,groth16,0.020526517000007516,0.2876221670001087,0.26010321799981284,0.568251901999929,808,26,True,,ok,
20260728T123050Z_paper_groth16,2026-07-28T12:44:10.782367+00:00,measured,1,10,9,separate_token_bundle_32_depth_8,separate,token_bundle_b32_d8,baseline,unbound,1,merkle_membership_depth_8,merkle_membership,groth16,0.04284860600000684,0.4380748420001055,0.27563190999990184,0.7565553580000142,807,84,True,,ok,
20260728T123050Z_paper_groth16,2026-07-28T12:44:10.782367+00:00,measured,1,10,9,separate_token_bundle_32_depth_8,separate,token_bundle_b32_d8,baseline,unbound,2,nullifier_correctness_poseidon,nullifier_correctness,groth16,0.03177703200003634,0.3392419900001187,0.2674455050000688,0.6384645270002238,803,164,True,,ok,
20260728T123050Z_paper_groth16,2026-07-28T12:44:10.782367+00:00,measured,1,10,9,separate_token_bundle_32_depth_8,separate,token_bundle_b32_d8,baseline,unbound,3,local_financial_validity_32,local_financial_validity,groth16,0.020538554000040676,0.28446356700010256,0.25932185800002117,0.5643239790001644,806,3,True,,ok,
20260728T123050Z_paper_groth16,2026-07-28T12:44:10.782367+00:00,measured,1,10,9,separate_token_bundle_32_depth_8,separate,token_bundle_b32_d8,baseline,unbound,4,privacy_budget_32,privacy_budget,groth16,0.018378011000095285,0.2870874510001613,0.2624770699999317,0.5679425320001883,804,16,True,,ok,
20260728T123050Z_paper_groth16,2026-07-28T12:44:13.101728+00:00,measured,1,10,10,separate_account_budget_32,separate,account_budget_b32,baseline,unbound,1,local_financial_validity_32,local_financial_validity,groth16,0.02225109899995914,0.27641803899996376,0.2501886520001335,0.5488577900000564,800,3,True,,ok,
20260728T123050Z_paper_groth16,2026-07-28T12:44:13.101728+00:00,measured,1,10,10,separate_account_budget_32,separate,account_budget_b32,baseline,unbound,2,state_transition_and_conservation_32,state_transition_and_conservation,groth16,0.019837999999936073,0.30300874699992164,0.25899483499983944,0.5818415819996972,806,3,True,,ok,
20260728T123050Z_paper_groth16,2026-07-28T12:44:13.101728+00:00,measured,1,10,10,separate_account_budget_32,separate,account_budget_b32,baseline,unbound,3,operating_limit_32,operating_limit,groth16,0.01941985499979637,0.3213525490000393,0.2566661270000168,0.5974385309998524,804,16,True,,ok,
20260728T123050Z_paper_groth16,2026-07-28T12:44:13.101728+00:00,measured,1,10,10,separate_account_budget_32,separate,account_budget_b32,baseline,unbound,4,privacy_budget_32,privacy_budget,groth16,0.02048329899980672,0.31219304100000045,0.2564075380000759,0.589083877999883,806,16,True,,ok,
20260728T123050Z_paper_groth16,2026-07-28T12:44:14.315636+00:00,measured,1,10,11,separate_valid_limit_64,separate,valid_limit_b64,baseline,unbound,1,local_financial_validity_64,local_financial_validity,groth16,0.019672200000059092,0.31577715899993564,0.2539591280001332,0.5894084870001279,806,3,True,,ok,
20260728T123050Z_paper_groth16,2026-07-28T12:44:14.315636+00:00,measured,1,10,11,separate_valid_limit_64,separate,valid_limit_b64,baseline,unbound,2,operating_limit_64,operating_limit,groth16,0.02278514899990114,0.31523811400006707,0.2852979440001491,0.6233212070001173,806,26,True,,ok,
20260728T123050Z_paper_groth16,2026-07-28T12:44:17.151066+00:00,measured,1,10,12,separate_token_bundle_32_depth_32,separate,token_bundle_b32_d32,baseline,unbound,1,merkle_membership_depth_32,merkle_membership,groth16,0.04334975500000837,0.7532124169999861,0.28028739399996994,1.0768495659999644,806,84,True,,ok,
20260728T123050Z_paper_groth16,2026-07-28T12:44:17.151066+00:00,measured,1,10,12,separate_token_bundle_32_depth_32,separate,token_bundle_b32_d32,baseline,unbound,2,nullifier_correctness_poseidon,nullifier_correctness,groth16,0.032837472999972306,0.3160594169999058,0.2490431640001134,0.5979400539999915,803,164,True,,ok,
20260728T123050Z_paper_groth16,2026-07-28T12:44:17.151066+00:00,measured,1,10,12,separate_token_bundle_32_depth_32,separate,token_bundle_b32_d32,baseline,unbound,3,local_financial_validity_32,local_financial_validity,groth16,0.020160645000032673,0.2943164270000125,0.2709896659998776,0.5854667379999228,804,3,True,,ok,
20260728T123050Z_paper_groth16,2026-07-28T12:44:17.151066+00:00,measured,1,10,12,separate_token_bundle_32_depth_32,separate,token_bundle_b32_d32,baseline,unbound,4,privacy_budget_32,privacy_budget,groth16,0.018984456999987742,0.3066736729999775,0.24680359399985718,0.5724617239998224,806,16,True,,ok,
20260728T123050Z_paper_groth16,2026-07-28T12:44:18.906160+00:00,measured,1,10,13,separate_account_core_64,separate,account_core_b64,baseline,unbound,1,local_financial_validity_64,local_financial_validity,groth16,0.020588395999993736,0.30045179300009295,0.26121438199993463,0.5822545710000213,804,3,True,,ok,
20260728T123050Z_paper_groth16,2026-07-28T12:44:18.906160+00:00,measured,1,10,13,separate_account_core_64,separate,account_core_b64,baseline,unbound,2,state_transition_and_conservation_64,state_transition_and_conservation,groth16,0.022283119999883638,0.3109423749999678,0.25432312099997034,0.5875486159998218,802,3,True,,ok,
20260728T123050Z_paper_groth16,2026-07-28T12:44:18.906160+00:00,measured,1,10,13,separate_account_core_64,separate,account_core_b64,baseline,unbound,3,operating_limit_64,operating_limit,groth16,0.021467825999934576,0.29320861899986994,0.26895514400007414,0.5836315889998787,804,26,True,,ok,
20260728T123050Z_paper_groth16,2026-07-28T12:44:19.473209+00:00,measured,1,10,14,state_transition_and_conservation_16,monolithic,,,none,1,state_transition_and_conservation_16,state_transition_and_conservation,groth16,0.019718612000133362,0.2839969970000311,0.2623129920000338,0.5660286010001983,805,3,True,,ok,
20260728T123050Z_paper_groth16,2026-07-28T12:44:20.038754+00:00,measured,1,10,15,local_financial_validity_32,monolithic,,,none,1,local_financial_validity_32,local_financial_validity,groth16,0.022923680999838325,0.2697340480001458,0.2722579860001133,0.5649157150000974,806,3,True,,ok,
20260728T123050Z_paper_groth16,2026-07-28T12:44:20.614751+00:00,measured,1,10,16,local_validity_and_operating_limit_64,monolithic,valid_limit_b64,baseline,shared_witness,1,local_validity_and_operating_limit_64,local_validity_and_operating_limit,groth16,0.02075140600004488,0.30073249499992016,0.25354003100005684,0.5750239320000219,801,26,True,,ok,
20260728T123050Z_paper_groth16,2026-07-28T12:44:21.210280+00:00,measured,1,10,17,local_validity_and_operating_limit_16,monolithic,valid_limit_b16,baseline,shared_witness,1,local_validity_and_operating_limit_16,local_validity_and_operating_limit,groth16,0.01917659899982027,0.31015240800002175,0.2655965640001341,0.5949255709999761,806,12,True,,ok,
20260728T123050Z_paper_groth16,2026-07-28T12:44:21.809178+00:00,measured,1,10,18,account_policy_core_64,monolithic,account_core_b64,baseline,shared_witness,1,account_policy_core_64,account_policy_core,groth16,0.021305594999830646,0.31005431499988845,0.26684102600006554,0.5982009359997846,804,26,True,,ok,
20260728T123050Z_paper_groth16,2026-07-28T12:44:22.653404+00:00,measured,1,10,19,merkle_membership_depth_16,monolithic,,,none,1,merkle_membership_depth_16,merkle_membership,groth16,0.05408390999991752,0.531583282000156,0.25787556700015557,0.8435427590002291,809,84,True,,ok,
20260728T123050Z_paper_groth16,2026-07-28T12:44:23.835180+00:00,measured,1,10,20,separate_valid_limit_16,separate,valid_limit_b16,baseline,unbound,1,local_financial_validity_16,local_financial_validity,groth16,0.020440024999970774,0.2797249789998659,0.278487615999893,0.5786526199997297,806,3,True,,ok,
20260728T123050Z_paper_groth16,2026-07-28T12:44:23.835180+00:00,measured,1,10,20,separate_valid_limit_16,separate,valid_limit_b16,baseline,unbound,2,operating_limit_16,operating_limit,groth16,0.02190859899997122,0.3025666309999906,0.27751630299985663,0.6019915329998184,805,12,True,,ok,
20260728T123050Z_paper_groth16,2026-07-28T12:44:24.968437+00:00,measured,1,10,21,separate_valid_limit_32,separate,valid_limit_b32,baseline,unbound,1,local_financial_validity_32,local_financial_validity,groth16,0.018959348000180398,0.28318286300009277,0.24139085499996327,0.5435330660002364,802,3,True,,ok,
20260728T123050Z_paper_groth16,2026-07-28T12:44:24.968437+00:00,measured,1,10,21,separate_valid_limit_32,separate,valid_limit_b32,baseline,unbound,2,operating_limit_32,operating_limit,groth16,0.02001640799994675,0.2934122760000264,0.27509356099994875,0.5885222449999219,805,16,True,,ok,
20260728T123050Z_paper_groth16,2026-07-28T12:44:25.825595+00:00,measured,1,10,22,token_policy_bundle_32_depth_16,monolithic,token_bundle_b32_d16,baseline,shared_witness,1,token_policy_bundle_32_depth_16,token_policy_bundle,groth16,0.04900276700004724,0.5494028919999892,0.2580556790001083,0.8564613380001447,803,260,True,,ok,
20260728T123050Z_paper_groth16,2026-07-28T12:44:28.129701+00:00,measured,1,10,23,separate_account_budget_64,separate,account_budget_b64,baseline,unbound,1,local_financial_validity_64,local_financial_validity,groth16,0.02175011999997878,0.29112440200015044,0.24612758399985069,0.5590021059999799,806,3,True,,ok,
20260728T123050Z_paper_groth16,2026-07-28T12:44:28.129701+00:00,measured,1,10,23,separate_account_budget_64,separate,account_budget_b64,baseline,unbound,2,state_transition_and_conservation_64,state_transition_and_conservation,groth16,0.025042190999783998,0.31109917000003406,0.2624136819999876,0.5985550429998057,804,3,True,,ok,
20260728T123050Z_paper_groth16,2026-07-28T12:44:28.129701+00:00,measured,1,10,23,separate_account_budget_64,separate,account_budget_b64,baseline,unbound,3,operating_limit_64,operating_limit,groth16,0.021289570999897478,0.30457220400012375,0.2508628690000023,0.5767246440000235,805,26,True,,ok,
20260728T123050Z_paper_groth16,2026-07-28T12:44:28.129701+00:00,measured,1,10,23,separate_account_budget_64,separate,account_budget_b64,baseline,unbound,4,privacy_budget_64,privacy_budget,groth16,0.019731947999844124,0.2901200940000308,0.25759620700000596,0.5674482489998809,801,26,True,,ok,
20260728T123050Z_paper_groth16,2026-07-28T12:44:28.791660+00:00,measured,1,10,24,linked_account_budget_monolithic_32,monolithic,account_budget_b32,commitment_linked,tx_tag,1,linked_account_budget_monolithic_32,account_policy_with_privacy_budget,groth16,0.05798224099999061,0.3440315660000124,0.2589259079998101,0.6609397149998131,807,111,True,True,ok,
20260728T123050Z_paper_groth16,2026-07-28T12:44:29.425530+00:00,measured,1,10,25,nullifier_correctness_poseidon,monolithic,,,none,1,nullifier_correctness_poseidon,nullifier_correctness,groth16,0.03170269399993231,0.32913168800018866,0.27246169800014286,0.6332960800002638,807,164,True,,ok,
20260728T123050Z_paper_groth16,2026-07-28T12:44:31.668985+00:00,measured,1,10,26,separate_account_budget_16,separate,account_budget_b16,baseline,unbound,1,local_financial_validity_16,local_financial_validity,groth16,0.02005357199982427,0.2901325560001169,0.24874448400009896,0.5589306120000401,807,3,True,,ok,
20260728T123050Z_paper_groth16,2026-07-28T12:44:31.668985+00:00,measured,1,10,26,separate_account_budget_16,separate,account_budget_b16,baseline,unbound,2,state_transition_and_conservation_16,state_transition_and_conservation,groth16,0.019962244999987888,0.29290401200000815,0.25605083100003867,0.5689170880000347,805,3,True,,ok,
20260728T123050Z_paper_groth16,2026-07-28T12:44:31.668985+00:00,measured,1,10,26,separate_account_budget_16,separate,account_budget_b16,baseline,unbound,3,operating_limit_16,operating_limit,groth16,0.021660206999968068,0.27810814800000117,0.2548689039999772,0.5546372589999464,806,12,True,,ok,
20260728T123050Z_paper_groth16,2026-07-28T12:44:31.668985+00:00,measured,1,10,26,separate_account_budget_16,separate,account_budget_b16,baseline,unbound,4,privacy_budget_16,privacy_budget,groth16,0.02190345500002877,0.27724594999995134,0.2592063499998858,0.5583557549998659,807,11,True,,ok,
20260728T123050Z_paper_groth16,2026-07-28T12:44:32.238210+00:00,measured,1,10,27,account_policy_core_16,monolithic,account_core_b16,baseline,shared_witness,1,account_policy_core_16,account_policy_core,groth16,0.020457310999972833,0.29543471099987073,0.2526687800000218,0.5685608019998654,802,12,True,,ok,
20260728T123050Z_paper_groth16,2026-07-28T12:44:32.987307+00:00,measured,1,10,28,token_policy_bundle_32_depth_8,monolithic,token_bundle_b32_d8,baseline,shared_witness,1,token_policy_bundle_32_depth_8,token_policy_bundle,groth16,0.046138659000007465,0.4337415110001075,0.26860714000008556,0.7484873100002005,807,261,True,,ok,
20260728T123050Z_paper_groth16,2026-07-28T12:44:33.561274+00:00,measured,1,10,29,state_transition_and_conservation_64,monolithic,,,none,1,state_transition_and_conservation_64,state_transition_and_conservation,groth16,0.020341442000017196,0.289943108999978,0.2583702690001246,0.5686548200001198,807,3,True,,ok,
20260728T123050Z_paper_groth16,2026-07-28T12:44:36.186741+00:00,measured,1,10,30,linked_separate_account_budget_32,separate,account_budget_b32,commitment_linked,tx_tag,1,linked_account_budget_validity_32,linked_account_budget_component,groth16,0.05859666499986815,0.33662392099995486,0.24858507399994778,0.6438056599997708,806,111,True,True,ok,
20260728T123050Z_paper_groth16,2026-07-28T12:44:36.186741+00:00,measured,1,10,30,linked_separate_account_budget_32,separate,account_budget_b32,commitment_linked,tx_tag,2,linked_account_budget_transition_32,linked_account_budget_component,groth16,0.060602566999932606,0.3516322460000083,0.2708518310000727,0.6830866440000136,803,111,True,True,ok,
20260728T123050Z_paper_groth16,2026-07-28T12:44:36.186741+00:00,measured,1,10,30,linked_separate_account_budget_32,separate,account_budget_b32,commitment_linked,tx_tag,3,linked_account_budget_limit_32,linked_account_budget_component,groth16,0.05645868400006293,0.33216401799995765,0.2681816560000243,0.6568043580000449,808,111,True,True,ok,
20260728T123050Z_paper_groth16,2026-07-28T12:44:36.186741+00:00,measured,1,10,30,linked_separate_account_budget_32,separate,account_budget_b32,commitment_linked,tx_tag,4,linked_account_budget_budget_32,linked_account_budget_component,groth16,0.05640682100010963,0.3307772709999881,0.25097973900005854,0.6381638310001563,808,111,True,True,ok,
20260728T123050Z_paper_groth16,2026-07-28T12:44:36.811973+00:00,measured,1,10,31,linked_valid_limit_monolithic_32,monolithic,valid_limit_b32,commitment_linked,tx_tag,1,linked_valid_limit_monolithic_32,local_validity_and_operating_limit,groth16,0.03909144799990827,0.330469457999925,0.254829964999999,0.6243908709998323,807,98,True,True,ok,
20260728T123050Z_paper_groth16,2026-07-28T12:44:37.362753+00:00,measured,1,10,32,privacy_budget_16,monolithic,,,none,1,privacy_budget_16,privacy_budget,groth16,0.01974507799991443,0.2701953810001214,0.2602590209999107,0.5501994799999466,803,11,True,,ok,
20260728T123050Z_paper_groth16,2026-07-28T12:44:38.071131+00:00,measured,1,10,33,merkle_membership_depth_8,monolithic,,,none,1,merkle_membership_depth_8,merkle_membership,groth16,0.04007389600019451,0.41419603800000004,0.2534464539999135,0.707716388000108,805,84,True,,ok,
20260728T123050Z_paper_groth16,2026-07-28T12:44:38.646667+00:00,measured,1,10,34,account_policy_with_privacy_budget_32,monolithic,account_budget_b32,baseline,shared_witness,1,account_policy_with_privacy_budget_32,account_policy_with_privacy_budget,groth16,0.020814276000010068,0.2884430579999844,0.26566809099995226,0.5749254249999467,804,30,True,,ok,
20260728T123050Z_paper_groth16,2026-07-28T12:44:39.537790+00:00,measured,1,10,35,linked_token_bundle_monolithic_32_depth_16,monolithic,token_bundle_b32_d16,commitment_linked,tx_tag,1,linked_token_bundle_monolithic_32_depth_16,token_policy_bundle,groth16,0.06042188099991108,0.5603340400000434,0.2675299919999361,0.8882859129998906,806,342,True,True,ok,
20260728T123050Z_paper_groth16,2026-07-28T12:44:40.113945+00:00,measured,1,10,36,local_financial_validity_16,monolithic,,,none,1,local_financial_validity_16,local_financial_validity,groth16,0.020115719999921566,0.3059633909999775,0.24949622100007218,0.5755753319999712,803,3,True,,ok,
20260728T123050Z_paper_groth16,2026-07-28T12:44:40.682261+00:00,measured,1,10,37,operating_limit_32,monolithic,,,none,1,operating_limit_32,operating_limit,groth16,0.020203814999831593,0.2855327009999655,0.261961170999939,0.5676976869997361,808,16,True,,ok,
20260728T123050Z_paper_groth16,2026-07-28T12:44:41.244798+00:00,measured,1,10,38,state_transition_and_conservation_32,monolithic,,,none,1,state_transition_and_conservation_32,state_transition_and_conservation,groth16,0.02258720000008907,0.27939155900003243,0.25993454700005714,0.5619133060001786,804,3,True,,ok,
20260728T123050Z_paper_groth16,2026-07-28T12:44:41.815721+00:00,measured,1,10,39,local_financial_validity_64,monolithic,,,none,1,local_financial_validity_64,local_financial_validity,groth16,0.020505060999994384,0.2977278099999694,0.25204994099999567,0.5702828119999594,807,3,True,,ok,
20260728T123050Z_paper_groth16,2026-07-28T12:44:42.391073+00:00,measured,1,10,40,operating_limit_64,monolithic,,,none,1,operating_limit_64,operating_limit,groth16,0.019541713000080563,0.29898487099990234,0.25609146000010696,0.5746180440000899,806,26,True,,ok,
20260728T123050Z_paper_groth16,2026-07-28T12:44:42.959356+00:00,measured,1,10,41,account_policy_with_privacy_budget_16,monolithic,account_budget_b16,baseline,shared_witness,1,account_policy_with_privacy_budget_16,account_policy_with_privacy_budget,groth16,0.02433710999980576,0.2909029490001558,0.2524028039999848,0.5676428629999464,806,21,True,,ok,
20260728T123050Z_paper_groth16,2026-07-28T12:44:43.540078+00:00,measured,1,10,42,account_policy_core_32,monolithic,account_core_b32,baseline,shared_witness,1,account_policy_core_32,account_policy_core,groth16,0.022314223999956084,0.29064248000008774,0.26716117199998735,0.5801178760000312,807,16,True,,ok,
20260728T123050Z_paper_groth16,2026-07-28T12:44:44.087691+00:00,measured,1,10,43,operating_limit_16,monolithic,,,none,1,operating_limit_16,operating_limit,groth16,0.021445486999937202,0.27542744400011543,0.2501396110001224,0.547012542000175,803,12,True,,ok,
20260728T123050Z_paper_groth16,2026-07-28T12:44:45.371808+00:00,measured,1,10,44,linked_separate_valid_limit_32,separate,valid_limit_b32,commitment_linked,tx_tag,1,linked_valid_limit_validity_32,linked_valid_limit_component,groth16,0.03842376499983402,0.31874197100000856,0.25786600500009627,0.6150317409999388,807,98,True,True,ok,
20260728T123050Z_paper_groth16,2026-07-28T12:44:45.371808+00:00,measured,1,10,44,linked_separate_valid_limit_32,separate,valid_limit_b32,commitment_linked,tx_tag,2,linked_valid_limit_limit_32,linked_valid_limit_component,groth16,0.04356890099984412,0.35345581499996115,0.27015957799994794,0.6671842939997532,802,98,True,True,ok,
20260728T123050Z_paper_groth16,2026-07-28T12:44:46.407766+00:00,measured,1,10,45,merkle_membership_depth_32,monolithic,,,none,1,merkle_membership_depth_32,merkle_membership,groth16,0.043182207999961975,0.7161107900001298,0.2759777490000488,1.0352707470001405,807,84,True,,ok,
20260728T123050Z_paper_groth16,2026-07-28T12:44:48.172331+00:00,measured,1,10,46,separate_account_core_32,separate,account_core_b32,baseline,unbound,1,local_financial_validity_32,local_financial_validity,groth16,0.01956306800002494,0.2804413860001205,0.2532159560000764,0.5532204100002218,805,3,True,,ok,
20260728T123050Z_paper_groth16,2026-07-28T12:44:48.172331+00:00,measured,1,10,46,separate_account_core_32,separate,account_core_b32,baseline,unbound,2,state_transition_and_conservation_32,state_transition_and_conservation,groth16,0.021761252000032982,0.3284012649999113,0.26746195899977465,0.6176244759997189,805,3,True,,ok,
20260728T123050Z_paper_groth16,2026-07-28T12:44:48.172331+00:00,measured,1,10,46,separate_account_core_32,separate,account_core_b32,baseline,unbound,3,operating_limit_32,operating_limit,groth16,0.018491889999950217,0.31779100900007506,0.2558199490001698,0.5921028480001951,807,16,True,,ok,
20260728T123050Z_paper_groth16,2026-07-28T12:44:48.754758+00:00,measured,2,11,1,local_validity_and_operating_limit_32,monolithic,valid_limit_b32,baseline,shared_witness,1,local_validity_and_operating_limit_32,local_validity_and_operating_limit,groth16,0.021001096999953006,0.3029883809999774,0.25780821499984086,0.5817976929997712,804,16,True,,ok,
20260728T123050Z_paper_groth16,2026-07-28T12:44:49.588405+00:00,measured,2,11,2,merkle_membership_depth_16,monolithic,,,none,1,merkle_membership_depth_16,merkle_membership,groth16,0.04088158499985184,0.5115030850001858,0.2806061670000872,0.8329908370001249,805,84,True,,ok,
20260728T123050Z_paper_groth16,2026-07-28T12:44:50.171922+00:00,measured,2,11,3,state_transition_and_conservation_16,monolithic,,,none,1,state_transition_and_conservation_16,state_transition_and_conservation,groth16,0.020218872999976156,0.29499338200002967,0.2676577670001734,0.5828700220001792,804,3,True,,ok,
20260728T123050Z_paper_groth16,2026-07-28T12:44:51.023601+00:00,measured,2,11,4,token_policy_bundle_32_depth_16,monolithic,token_bundle_b32_d16,baseline,shared_witness,1,token_policy_bundle_32_depth_16,token_policy_bundle,groth16,0.04363949899993713,0.5367157999999108,0.2706644370000504,0.8510197359998983,799,260,True,,ok,
20260728T123050Z_paper_groth16,2026-07-28T12:44:51.910704+00:00,measured,2,11,5,linked_token_bundle_monolithic_32_depth_16,monolithic,token_bundle_b32_d16,commitment_linked,tx_tag,1,linked_token_bundle_monolithic_32_depth_16,token_policy_bundle,groth16,0.06377345800001422,0.5710253459999421,0.2496187749998171,0.8844175789997735,806,342,True,True,ok,
20260728T123050Z_paper_groth16,2026-07-28T12:44:52.832036+00:00,measured,2,11,6,merkle_membership_depth_32,monolithic,,,none,1,merkle_membership_depth_32,merkle_membership,groth16,0.04330639399995562,0.6213861219998762,0.25598949100003665,0.9206820069998685,806,84,True,,ok,
20260728T123050Z_paper_groth16,2026-07-28T12:44:55.368545+00:00,measured,2,11,7,separate_token_bundle_32_depth_16,separate,token_bundle_b32_d16,baseline,unbound,1,merkle_membership_depth_16,merkle_membership,groth16,0.03809178599999541,0.4620265070000187,0.24971142399999735,0.7498297170000114,804,84,True,,ok,
20260728T123050Z_paper_groth16,2026-07-28T12:44:55.368545+00:00,measured,2,11,7,separate_token_bundle_32_depth_16,separate,token_bundle_b32_d16,baseline,unbound,2,nullifier_correctness_poseidon,nullifier_correctness,groth16,0.03178000399998382,0.32667801699994925,0.2709828029999244,0.6294408239998575,805,164,True,,ok,
20260728T123050Z_paper_groth16,2026-07-28T12:44:55.368545+00:00,measured,2,11,7,separate_token_bundle_32_depth_16,separate,token_bundle_b32_d16,baseline,unbound,3,local_financial_validity_32,local_financial_validity,groth16,0.018705524000097284,0.2945802489998641,0.25277250799990725,0.5660582809998687,807,3,True,,ok,
20260728T123050Z_paper_groth16,2026-07-28T12:44:55.368545+00:00,measured,2,11,7,separate_token_bundle_32_depth_16,separate,token_bundle_b32_d16,baseline,unbound,4,privacy_budget_32,privacy_budget,groth16,0.018282887999930608,0.3004129529999773,0.26201828300008856,0.5807141239999964,807,16,True,,ok,
20260728T123050Z_paper_groth16,2026-07-28T12:44:56.631112+00:00,measured,2,11,8,linked_separate_valid_limit_32,separate,valid_limit_b32,commitment_linked,tx_tag,1,linked_valid_limit_validity_32,linked_valid_limit_component,groth16,0.0400412530000267,0.3392834269998275,0.25861587999997937,0.6379405599998336,806,98,True,True,ok,
20260728T123050Z_paper_groth16,2026-07-28T12:44:56.631112+00:00,measured,2,11,8,linked_separate_valid_limit_32,separate,valid_limit_b32,commitment_linked,tx_tag,2,linked_valid_limit_limit_32,linked_valid_limit_component,groth16,0.03836043000001155,0.3251199510000333,0.25926303400001416,0.622743415000059,804,98,True,True,ok,
20260728T123050Z_paper_groth16,2026-07-28T12:44:59.461697+00:00,measured,2,11,9,linked_separate_token_bundle_32_depth_16,separate,token_bundle_b32_d16,commitment_linked,tx_tag,1,linked_token_bundle_membership_32_depth_16,linked_token_bundle_component,groth16,0.060836064000113765,0.5474730959999761,0.2485085399998752,0.856817699999965,802,342,True,True,ok,
20260728T123050Z_paper_groth16,2026-07-28T12:44:59.461697+00:00,measured,2,11,9,linked_separate_token_bundle_32_depth_16,separate,token_bundle_b32_d16,commitment_linked,tx_tag,2,linked_token_bundle_nullifier_32_depth_16,linked_token_bundle_component,groth16,0.057176550000122006,0.36420453899995664,0.24548339399984798,0.6668644829999266,805,342,True,True,ok,
20260728T123050Z_paper_groth16,2026-07-28T12:44:59.461697+00:00,measured,2,11,9,linked_separate_token_bundle_32_depth_16,separate,token_bundle_b32_d16,commitment_linked,tx_tag,3,linked_token_bundle_validity_32_depth_16,linked_token_bundle_component,groth16,0.05605364500001997,0.33699974999990445,0.25196511399985866,0.6450185089997831,806,342,True,True,ok,
20260728T123050Z_paper_groth16,2026-07-28T12:44:59.461697+00:00,measured,2,11,9,linked_separate_token_bundle_32_depth_16,separate,token_bundle_b32_d16,commitment_linked,tx_tag,4,linked_token_bundle_budget_32_depth_16,linked_token_bundle_component,groth16,0.06034079699998074,0.3405365000000984,0.2565723049999633,0.6574496020000424,807,342,True,True,ok,
20260728T123050Z_paper_groth16,2026-07-28T12:45:00.052267+00:00,measured,2,11,10,state_transition_and_conservation_32,monolithic,,,none,1,state_transition_and_conservation_32,state_transition_and_conservation,groth16,0.020828134999874237,0.2919720939999024,0.2771401259999493,0.589940354999726,805,3,True,,ok,
20260728T123050Z_paper_groth16,2026-07-28T12:45:01.769281+00:00,measured,2,11,11,separate_account_core_64,separate,account_core_b64,baseline,unbound,1,local_financial_validity_64,local_financial_validity,groth16,0.02247039600001699,0.2903105329999107,0.24829544899989742,0.5610763779998251,808,3,True,,ok,
20260728T123050Z_paper_groth16,2026-07-28T12:45:01.769281+00:00,measured,2,11,11,separate_account_core_64,separate,account_core_b64,baseline,unbound,2,state_transition_and_conservation_64,state_transition_and_conservation,groth16,0.02218864900009976,0.29498411500003385,0.24224367400006486,0.5594164380001985,803,3,True,,ok,
20260728T123050Z_paper_groth16,2026-07-28T12:45:01.769281+00:00,measured,2,11,11,separate_account_core_64,separate,account_core_b64,baseline,unbound,3,operating_limit_64,operating_limit,groth16,0.019382111999902918,0.31417321800017817,0.26132880000000114,0.5948841300000822,806,26,True,,ok,
20260728T123050Z_paper_groth16,2026-07-28T12:45:02.386363+00:00,measured,2,11,12,nullifier_correctness_poseidon,monolithic,,,none,1,nullifier_correctness_poseidon,nullifier_correctness,groth16,0.03264742600003956,0.3222138650000943,0.261576494999872,0.6164377860000059,806,164,True,,ok,
20260728T123050Z_paper_groth16,2026-07-28T12:45:02.993044+00:00,measured,2,11,13,account_policy_with_privacy_budget_16,monolithic,account_budget_b16,baseline,shared_witness,1,account_policy_with_privacy_budget_16,account_policy_with_privacy_budget,groth16,0.02064452500007974,0.31742714899996827,0.2677154560001327,0.6057871300001807,805,21,True,,ok,
20260728T123050Z_paper_groth16,2026-07-28T12:45:03.572635+00:00,measured,2,11,14,account_policy_core_16,monolithic,account_core_b16,baseline,shared_witness,1,account_policy_core_16,account_policy_core,groth16,0.02149354200014386,0.29364231399995333,0.2638102660000641,0.5789461220001613,804,12,True,,ok,
20260728T123050Z_paper_groth16,2026-07-28T12:45:04.146419+00:00,measured,2,11,15,local_financial_validity_64,monolithic,,,none,1,local_financial_validity_64,local_financial_validity,groth16,0.02084905200013054,0.2961609479998515,0.2561373099999855,0.5731473099999675,804,3,True,,ok,
20260728T123050Z_paper_groth16,2026-07-28T12:45:04.747417+00:00,measured,2,11,16,account_policy_with_privacy_budget_64,monolithic,account_budget_b64,baseline,shared_witness,1,account_policy_with_privacy_budget_64,account_policy_with_privacy_budget,groth16,0.021463214000050357,0.3208788150000146,0.2580302500000471,0.600372279000112,805,50,True,,ok,
20260728T123050Z_paper_groth16,2026-07-28T12:45:05.884313+00:00,measured,2,11,17,separate_valid_limit_16,separate,valid_limit_b16,baseline,unbound,1,local_financial_validity_16,local_financial_validity,groth16,0.021834228999978222,0.27689996100002645,0.2678110490001018,0.5665452390001064,804,3,True,,ok,
20260728T123050Z_paper_groth16,2026-07-28T12:45:05.884313+00:00,measured,2,11,17,separate_valid_limit_16,separate,valid_limit_b16,baseline,unbound,2,operating_limit_16,operating_limit,groth16,0.018730458000163708,0.2869364289999794,0.2635574500000075,0.5692243370001506,806,12,True,,ok,
20260728T123050Z_paper_groth16,2026-07-28T12:45:06.995352+00:00,measured,2,11,18,separate_valid_limit_64,separate,valid_limit_b64,baseline,unbound,1,local_financial_validity_64,local_financial_validity,groth16,0.020605508000016926,0.29240716399999656,0.24292240800014042,0.5559350800001539,802,3,True,,ok,
20260728T123050Z_paper_groth16,2026-07-28T12:45:06.995352+00:00,measured,2,11,18,separate_valid_limit_64,separate,valid_limit_b64,baseline,unbound,2,operating_limit_64,operating_limit,groth16,0.020939643000019714,0.28824442899986025,0.24476528800005326,0.5539493599999332,808,26,True,,ok,
20260728T123050Z_paper_groth16,2026-07-28T12:45:09.507884+00:00,measured,2,11,19,separate_token_bundle_32_depth_8,separate,token_bundle_b32_d8,baseline,unbound,1,merkle_membership_depth_8,merkle_membership,groth16,0.04104117900010351,0.4464297380000062,0.26350498900001185,0.7509759060001215,802,84,True,,ok,
20260728T123050Z_paper_groth16,2026-07-28T12:45:09.507884+00:00,measured,2,11,19,separate_token_bundle_32_depth_8,separate,token_bundle_b32_d8,baseline,unbound,2,nullifier_correctness_poseidon,nullifier_correctness,groth16,0.032814815000165254,0.3066487309999957,0.26321418999987145,0.6026777360000324,801,164,True,,ok,
20260728T123050Z_paper_groth16,2026-07-28T12:45:09.507884+00:00,measured,2,11,19,separate_token_bundle_32_depth_8,separate,token_bundle_b32_d8,baseline,unbound,3,local_financial_validity_32,local_financial_validity,groth16,0.021819898999865472,0.2780344850000347,0.2707766440000796,0.5706310279999798,808,3,True,,ok,
20260728T123050Z_paper_groth16,2026-07-28T12:45:09.507884+00:00,measured,2,11,19,separate_token_bundle_32_depth_8,separate,token_bundle_b32_d8,baseline,unbound,4,privacy_budget_32,privacy_budget,groth16,0.02060995500005447,0.3075011230000655,0.25795931999982713,0.5860703979999471,803,16,True,,ok,
20260728T123050Z_paper_groth16,2026-07-28T12:45:12.210163+00:00,measured,2,11,20,separate_token_bundle_32_depth_32,separate,token_bundle_b32_d32,baseline,unbound,1,merkle_membership_depth_32,merkle_membership,groth16,0.04749899699982052,0.6716627030000382,0.24819579700010763,0.9673574969999663,805,84,True,,ok,
20260728T123050Z_paper_groth16,2026-07-28T12:45:12.210163+00:00,measured,2,11,20,separate_token_bundle_32_depth_32,separate,token_bundle_b32_d32,baseline,unbound,2,nullifier_correctness_poseidon,nullifier_correctness,groth16,0.03287900800000898,0.3168615110000701,0.25475578900000073,0.6044963080000798,803,164,True,,ok,
20260728T123050Z_paper_groth16,2026-07-28T12:45:12.210163+00:00,measured,2,11,20,separate_token_bundle_32_depth_32,separate,token_bundle_b32_d32,baseline,unbound,3,local_financial_validity_32,local_financial_validity,groth16,0.01909012700002677,0.2786810699999478,0.2535813899999084,0.551352586999883,806,3,True,,ok,
20260728T123050Z_paper_groth16,2026-07-28T12:45:12.210163+00:00,measured,2,11,20,separate_token_bundle_32_depth_32,separate,token_bundle_b32_d32,baseline,unbound,4,privacy_budget_32,privacy_budget,groth16,0.018682742000009966,0.29805040599990207,0.2599596439999914,0.5766927919999034,804,16,True,,ok,
20260728T123050Z_paper_groth16,2026-07-28T12:45:12.769749+00:00,measured,2,11,21,local_financial_validity_32,monolithic,,,none,1,local_financial_validity_32,local_financial_validity,groth16,0.02046304600003168,0.2853418969998529,0.2528055029999905,0.5586104459998751,805,3,True,,ok,
20260728T123050Z_paper_groth16,2026-07-28T12:45:13.341549+00:00,measured,2,11,22,privacy_budget_16,monolithic,,,none,1,privacy_budget_16,privacy_budget,groth16,0.020103020000078686,0.30063384699997187,0.25042477800002416,0.5711616450000747,804,11,True,,ok,
20260728T123050Z_paper_groth16,2026-07-28T12:45:15.677659+00:00,measured,2,11,23,separate_account_budget_16,separate,account_budget_b16,baseline,unbound,1,local_financial_validity_16,local_financial_validity,groth16,0.02140302599991628,0.2973989370000254,0.256113348000099,0.5749153110000407,805,3,True,,ok,
20260728T123050Z_paper_groth16,2026-07-28T12:45:15.677659+00:00,measured,2,11,23,separate_account_budget_16,separate,account_budget_b16,baseline,unbound,2,state_transition_and_conservation_16,state_transition_and_conservation,groth16,0.019426246999955765,0.30913854799996443,0.2533169050000197,0.5818816999999399,804,3,True,,ok,
20260728T123050Z_paper_groth16,2026-07-28T12:45:15.677659+00:00,measured,2,11,23,separate_account_budget_16,separate,account_budget_b16,baseline,unbound,3,operating_limit_16,operating_limit,groth16,0.017653899999913847,0.31719632499994077,0.27465603199993893,0.6095062569997935,803,12,True,,ok,
20260728T123050Z_paper_groth16,2026-07-28T12:45:15.677659+00:00,measured,2,11,23,separate_account_budget_16,separate,account_budget_b16,baseline,unbound,4,privacy_budget_16,privacy_budget,groth16,0.02064114600011635,0.29132657600007406,0.2553721310000583,0.5673398530002487,804,11,True,,ok,
20260728T123050Z_paper_groth16,2026-07-28T12:45:16.277799+00:00,measured,2,11,24,account_policy_with_privacy_budget_32,monolithic,account_budget_b32,baseline,shared_witness,1,account_policy_with_privacy_budget_32,account_policy_with_privacy_budget,groth16,0.02144615999986854,0.3171146529998623,0.26093435300003875,0.5994951659997696,805,30,True,,ok,
20260728T123050Z_paper_groth16,2026-07-28T12:45:16.953593+00:00,measured,2,11,25,linked_account_budget_monolithic_32,monolithic,account_budget_b32,commitment_linked,tx_tag,1,linked_account_budget_monolithic_32,account_policy_with_privacy_budget,groth16,0.08161443299991333,0.3411406839998108,0.2521433739998429,0.674898490999567,806,111,True,True,ok,
20260728T123050Z_paper_groth16,2026-07-28T12:45:17.519666+00:00,measured,2,11,26,local_financial_validity_16,monolithic,,,none,1,local_financial_validity_16,local_financial_validity,groth16,0.02088300600007642,0.29472153000006074,0.24990274799984036,0.5655072839999775,803,3,True,,ok,
20260728T123050Z_paper_groth16,2026-07-28T12:45:18.082641+00:00,measured,2,11,27,privacy_budget_32,monolithic,,,none,1,privacy_budget_32,privacy_budget,groth16,0.020813245999988794,0.28819462000001295,0.25335345500002404,0.5623613210000258,803,16,True,,ok,
20260728T123050Z_paper_groth16,2026-07-28T12:45:18.655155+00:00,measured,2,11,28,operating_limit_16,monolithic,,,none,1,operating_limit_16,operating_limit,groth16,0.021427769999945667,0.2907133440000962,0.25974184599999717,0.571882960000039,804,12,True,,ok,
20260728T123050Z_paper_groth16,2026-07-28T12:45:19.269079+00:00,measured,2,11,29,account_policy_core_64,monolithic,account_core_b64,baseline,shared_witness,1,account_policy_core_64,account_policy_core,groth16,0.02272415400011596,0.3356566639999983,0.2548413800000162,0.6132221980001304,806,26,True,,ok,
20260728T123050Z_paper_groth16,2026-07-28T12:45:19.873436+00:00,measured,2,11,30,privacy_budget_64,monolithic,,,none,1,privacy_budget_64,privacy_budget,groth16,0.02265123400002267,0.31384874499985926,0.2671813340000426,0.6036813129999246,807,26,True,,ok,
20260728T123050Z_paper_groth16,2026-07-28T12:45:20.471020+00:00,measured,2,11,31,local_validity_and_operating_limit_16,monolithic,valid_limit_b16,baseline,shared_witness,1,local_validity_and_operating_limit_16,local_validity_and_operating_limit,groth16,0.020526847999917663,0.3138261330000205,0.2626211310000599,0.5969741119999981,809,12,True,,ok,
20260728T123050Z_paper_groth16,2026-07-28T12:45:21.604830+00:00,measured,2,11,32,separate_valid_limit_32,separate,valid_limit_b32,baseline,unbound,1,local_financial_validity_32,local_financial_validity,groth16,0.020631244000014703,0.29162708100011514,0.25541395100003683,0.5676722760001667,803,3,True,,ok,
20260728T123050Z_paper_groth16,2026-07-28T12:45:21.604830+00:00,measured,2,11,32,separate_valid_limit_32,separate,valid_limit_b32,baseline,unbound,2,operating_limit_32,operating_limit,groth16,0.02081115900000441,0.29427922700006093,0.24990444000013667,0.564994826000202,803,16,True,,ok,
20260728T123050Z_paper_groth16,2026-07-28T12:45:23.304018+00:00,measured,2,11,33,separate_account_core_32,separate,account_core_b32,baseline,unbound,1,local_financial_validity_32,local_financial_validity,groth16,0.01981348899994373,0.28574771699982193,0.2642898320000313,0.569851037999797,807,3,True,,ok,
20260728T123050Z_paper_groth16,2026-07-28T12:45:23.304018+00:00,measured,2,11,33,separate_account_core_32,separate,account_core_b32,baseline,unbound,2,state_transition_and_conservation_32,state_transition_and_conservation,groth16,0.018341466000038054,0.2883096839998416,0.25080695099995864,0.5574581009998383,806,3,True,,ok,
20260728T123050Z_paper_groth16,2026-07-28T12:45:23.304018+00:00,measured,2,11,33,separate_account_core_32,separate,account_core_b32,baseline,unbound,3,operating_limit_32,operating_limit,groth16,0.018466730000000098,0.2992934010001136,0.2520960049998848,0.5698561359999985,806,16,True,,ok,
20260728T123050Z_paper_groth16,2026-07-28T12:45:24.062031+00:00,measured,2,11,34,merkle_membership_depth_8,monolithic,,,none,1,merkle_membership_depth_8,merkle_membership,groth16,0.04290301200012436,0.4558190679999825,0.25861484000006385,0.7573369200001707,805,84,True,,ok,
20260728T123050Z_paper_groth16,2026-07-28T12:45:26.421717+00:00,measured,2,11,35,separate_account_budget_64,separate,account_budget_b64,baseline,unbound,1,local_financial_validity_64,local_financial_validity,groth16,0.02104137400010586,0.3147253530000853,0.258552489000067,0.5943192160002582,805,3,True,,ok,
20260728T123050Z_paper_groth16,2026-07-28T12:45:26.421717+00:00,measured,2,11,35,separate_account_budget_64,separate,account_budget_b64,baseline,unbound,2,state_transition_and_conservation_64,state_transition_and_conservation,groth16,0.020576545000039914,0.2897250050000366,0.2567895540000791,0.5670911040001556,806,3,True,,ok,
20260728T123050Z_paper_groth16,2026-07-28T12:45:26.421717+00:00,measured,2,11,35,separate_account_budget_64,separate,account_budget_b64,baseline,unbound,3,operating_limit_64,operating_limit,groth16,0.021616327999936402,0.2966918550000628,0.2707911119998698,0.589099294999869,805,26,True,,ok,
20260728T123050Z_paper_groth16,2026-07-28T12:45:26.421717+00:00,measured,2,11,35,separate_account_budget_64,separate,account_budget_b64,baseline,unbound,4,privacy_budget_64,privacy_budget,groth16,0.018822358000079475,0.3091925190001348,0.278941419000148,0.6069562960003623,804,26,True,,ok,
20260728T123050Z_paper_groth16,2026-07-28T12:45:27.001599+00:00,measured,2,11,36,operating_limit_64,monolithic,,,none,1,operating_limit_64,operating_limit,groth16,0.02185594200000196,0.30619370799990975,0.2511669880000227,0.5792166379999344,803,26,True,,ok,
20260728T123050Z_paper_groth16,2026-07-28T12:45:28.702131+00:00,measured,2,11,37,separate_account_core_16,separate,account_core_b16,baseline,unbound,1,local_financial_validity_16,local_financial_validity,groth16,0.01916608599981373,0.29310282799997367,0.2657570499998201,0.5780259639996075,805,3,True,,ok,
20260728T123050Z_paper_groth16,2026-07-28T12:45:28.702131+00:00,measured,2,11,37,separate_account_core_16,separate,account_core_b16,baseline,unbound,2,state_transition_and_conservation_16,state_transition_and_conservation,groth16,0.019828371000130574,0.2977923109999665,0.24632659299982151,0.5639472749999186,804,3,True,,ok,
20260728T123050Z_paper_groth16,2026-07-28T12:45:28.702131+00:00,measured,2,11,37,separate_account_core_16,separate,account_core_b16,baseline,unbound,3,operating_limit_16,operating_limit,groth16,0.01930388200003108,0.2838425180000286,0.2538176610000846,0.5569640610001443,806,12,True,,ok,
20260728T123050Z_paper_groth16,2026-07-28T12:45:29.287416+00:00,measured,2,11,38,state_transition_and_conservation_64,monolithic,,,none,1,state_transition_and_conservation_64,state_transition_and_conservation,groth16,0.02125548699996216,0.2993111690000205,0.2640805629998795,0.5846472189998622,807,3,True,,ok,
20260728T123050Z_paper_groth16,2026-07-28T12:45:29.903620+00:00,measured,2,11,39,linked_valid_limit_monolithic_32,monolithic,valid_limit_b32,commitment_linked,tx_tag,1,linked_valid_limit_monolithic_32,local_validity_and_operating_limit,groth16,0.038878797000052145,0.3243954039999153,0.2520726760001253,0.6153468770000927,804,98,True,True,ok,
20260728T123050Z_paper_groth16,2026-07-28T12:45:30.493167+00:00,measured,2,11,40,operating_limit_32,monolithic,,,none,1,operating_limit_32,operating_limit,groth16,0.02273566500002744,0.3061236309999913,0.26008460100001685,0.5889438970000356,801,16,True,,ok,
20260728T123050Z_paper_groth16,2026-07-28T12:45:33.124339+00:00,measured,2,11,41,linked_separate_account_budget_32,separate,account_budget_b32,commitment_linked,tx_tag,1,linked_account_budget_validity_32,linked_account_budget_component,groth16,0.05684049299998151,0.3628622839999025,0.26394398000002184,0.6836467569999058,806,111,True,True,ok,
20260728T123050Z_paper_groth16,2026-07-28T12:45:33.124339+00:00,measured,2,11,41,linked_separate_account_budget_32,separate,account_budget_b32,commitment_linked,tx_tag,2,linked_account_budget_transition_32,linked_account_budget_component,groth16,0.057786144999909084,0.34018745399998807,0.2627012749999267,0.6606748739998238,805,111,True,True,ok,
20260728T123050Z_paper_groth16,2026-07-28T12:45:33.124339+00:00,measured,2,11,41,linked_separate_account_budget_32,separate,account_budget_b32,commitment_linked,tx_tag,3,linked_account_budget_limit_32,linked_account_budget_component,groth16,0.057838965999962966,0.32644197299987354,0.250358154000196,0.6346390930000325,806,111,True,True,ok,
20260728T123050Z_paper_groth16,2026-07-28T12:45:33.124339+00:00,measured,2,11,41,linked_separate_account_budget_32,separate,account_budget_b32,commitment_linked,tx_tag,4,linked_account_budget_budget_32,linked_account_budget_component,groth16,0.05618992000017897,0.34409381900013614,0.24881792699989091,0.649101666000206,803,111,True,True,ok,
20260728T123050Z_paper_groth16,2026-07-28T12:45:33.679796+00:00,measured,2,11,42,local_validity_and_operating_limit_64,monolithic,valid_limit_b64,baseline,shared_witness,1,local_validity_and_operating_limit_64,local_validity_and_operating_limit,groth16,0.02186131899998145,0.2906478390000302,0.242333785000028,0.5548429430000397,805,26,True,,ok,
20260728T123050Z_paper_groth16,2026-07-28T12:45:34.438890+00:00,measured,2,11,43,token_policy_bundle_32_depth_8,monolithic,token_bundle_b32_d8,baseline,shared_witness,1,token_policy_bundle_32_depth_8,token_policy_bundle,groth16,0.04755912599966905,0.4550628130000405,0.25585984800000006,0.7584817869997096,806,261,True,,ok,
20260728T123050Z_paper_groth16,2026-07-28T12:45:35.039287+00:00,measured,2,11,44,account_policy_core_32,monolithic,account_core_b32,baseline,shared_witness,1,account_policy_core_32,account_policy_core,groth16,0.020400440999765124,0.30537339900001825,0.2739889900003618,0.5997628300001452,804,16,True,,ok,
20260728T123050Z_paper_groth16,2026-07-28T12:45:36.046940+00:00,measured,2,11,45,token_policy_bundle_32_depth_32,monolithic,token_bundle_b32_d32,baseline,shared_witness,1,token_policy_bundle_32_depth_32,token_policy_bundle,groth16,0.04844215000002805,0.7076512449998518,0.25083416500001476,1.0069275599998946,805,261,True,,ok,
20260728T123050Z_paper_groth16,2026-07-28T12:45:38.344412+00:00,measured,2,11,46,separate_account_budget_32,separate,account_budget_b32,baseline,unbound,1,local_financial_validity_32,local_financial_validity,groth16,0.020866544999989856,0.285344989999885,0.27069308499994804,0.5769046199998229,808,3,True,,ok,
20260728T123050Z_paper_groth16,2026-07-28T12:45:38.344412+00:00,measured,2,11,46,separate_account_budget_32,separate,account_budget_b32,baseline,unbound,2,state_transition_and_conservation_32,state_transition_and_conservation,groth16,0.018232938999972248,0.29967966300000626,0.25903158200026155,0.5769441840002401,804,3,True,,ok,
20260728T123050Z_paper_groth16,2026-07-28T12:45:38.344412+00:00,measured,2,11,46,separate_account_budget_32,separate,account_budget_b32,baseline,unbound,3,operating_limit_32,operating_limit,groth16,0.01829492199976812,0.29782552000006035,0.24860733300010907,0.5647277749999375,807,16,True,,ok,
20260728T123050Z_paper_groth16,2026-07-28T12:45:38.344412+00:00,measured,2,11,46,separate_account_budget_32,separate,account_budget_b32,baseline,unbound,4,privacy_budget_32,privacy_budget,groth16,0.017613534000247455,0.28746991400021216,0.27168298100014,0.5767664290005996,802,16,True,,ok,
20260728T123050Z_paper_groth16,2026-07-28T12:45:40.639079+00:00,measured,2,12,1,separate_account_budget_64,separate,account_budget_b64,baseline,unbound,1,local_financial_validity_64,local_financial_validity,groth16,0.019910528999844246,0.29147068599968406,0.25739160300008734,0.5687728179996157,806,3,True,,ok,
20260728T123050Z_paper_groth16,2026-07-28T12:45:40.639079+00:00,measured,2,12,1,separate_account_budget_64,separate,account_budget_b64,baseline,unbound,2,state_transition_and_conservation_64,state_transition_and_conservation,groth16,0.02353275700033919,0.2978730140002881,0.24168676099998265,0.5630925320006099,803,3,True,,ok,
20260728T123050Z_paper_groth16,2026-07-28T12:45:40.639079+00:00,measured,2,12,1,separate_account_budget_64,separate,account_budget_b64,baseline,unbound,3,operating_limit_64,operating_limit,groth16,0.02111414600040007,0.3008388029998059,0.27101805100028287,0.5929710000004889,805,26,True,,ok,
20260728T123050Z_paper_groth16,2026-07-28T12:45:40.639079+00:00,measured,2,12,1,separate_account_budget_64,separate,account_budget_b64,baseline,unbound,4,privacy_budget_64,privacy_budget,groth16,0.01993090599989955,0.2931458210000528,0.2546065669998825,0.5676832939998349,807,26,True,,ok,
20260728T123050Z_paper_groth16,2026-07-28T12:45:43.006359+00:00,measured,2,12,2,separate_account_budget_32,separate,account_budget_b32,baseline,unbound,1,local_financial_validity_32,local_financial_validity,groth16,0.02236674799996763,0.32475969400002214,0.26170939099984025,0.60883583299983,804,3,True,,ok,
20260728T123050Z_paper_groth16,2026-07-28T12:45:43.006359+00:00,measured,2,12,2,separate_account_budget_32,separate,account_budget_b32,baseline,unbound,2,state_transition_and_conservation_32,state_transition_and_conservation,groth16,0.01849778299992977,0.2888165979998121,0.2581764690003183,0.5654908500000602,799,3,True,,ok,
20260728T123050Z_paper_groth16,2026-07-28T12:45:43.006359+00:00,measured,2,12,2,separate_account_budget_32,separate,account_budget_b32,baseline,unbound,3,operating_limit_32,operating_limit,groth16,0.021495442999821535,0.2932461450000119,0.26477894099980404,0.5795205289996375,804,16,True,,ok,
20260728T123050Z_paper_groth16,2026-07-28T12:45:43.006359+00:00,measured,2,12,2,separate_account_budget_32,separate,account_budget_b32,baseline,unbound,4,privacy_budget_32,privacy_budget,groth16,0.018057700999634108,0.314057837999826,0.27913546499985387,0.611251003999314,807,16,True,,ok,
20260728T123050Z_paper_groth16,2026-07-28T12:45:44.199730+00:00,measured,2,12,3,separate_valid_limit_64,separate,valid_limit_b64,baseline,unbound,1,local_financial_validity_64,local_financial_validity,groth16,0.022220677999939653,0.2941159010001684,0.2473632749997705,0.5636998539998785,808,3,True,,ok,
20260728T123050Z_paper_groth16,2026-07-28T12:45:44.199730+00:00,measured,2,12,3,separate_valid_limit_64,separate,valid_limit_b64,baseline,unbound,2,operating_limit_64,operating_limit,groth16,0.02053074600007676,0.33712987900025837,0.27084544899980756,0.6285060740001427,806,26,True,,ok,
20260728T123050Z_paper_groth16,2026-07-28T12:45:44.797056+00:00,measured,2,12,4,account_policy_with_privacy_budget_16,monolithic,account_budget_b16,baseline,shared_witness,1,account_policy_with_privacy_budget_16,account_policy_with_privacy_budget,groth16,0.021892660000048636,0.30383042599987675,0.26350798800012853,0.5892310740000539,806,21,True,,ok,
20260728T123050Z_paper_groth16,2026-07-28T12:45:45.370869+00:00,measured,2,12,5,local_validity_and_operating_limit_32,monolithic,valid_limit_b32,baseline,shared_witness,1,local_validity_and_operating_limit_32,local_validity_and_operating_limit,groth16,0.021102190999954473,0.28560939899989535,0.26646731699975135,0.5731789069996012,803,16,True,,ok,
20260728T123050Z_paper_groth16,2026-07-28T12:45:47.187758+00:00,measured,2,12,6,separate_account_core_32,separate,account_core_b32,baseline,unbound,1,local_financial_validity_32,local_financial_validity,groth16,0.020009136999760813,0.27452139800016084,0.2555051069998626,0.5500356419997843,804,3,True,,ok,
20260728T123050Z_paper_groth16,2026-07-28T12:45:47.187758+00:00,measured,2,12,6,separate_account_core_32,separate,account_core_b32,baseline,unbound,2,state_transition_and_conservation_32,state_transition_and_conservation,groth16,0.02226035800003956,0.32228442399991764,0.26999139500003366,0.6145361769999909,805,3,True,,ok,
20260728T123050Z_paper_groth16,2026-07-28T12:45:47.187758+00:00,measured,2,12,6,separate_account_core_32,separate,account_core_b32,baseline,unbound,3,operating_limit_32,operating_limit,groth16,0.020694239000022208,0.3445877560002373,0.28539458799969,0.6506765829999495,805,16,True,,ok,
20260728T123050Z_paper_groth16,2026-07-28T12:45:47.781793+00:00,measured,2,12,7,local_financial_validity_32,monolithic,,,none,1,local_financial_validity_32,local_financial_validity,groth16,0.021059382000203186,0.296203150999645,0.27612161900015053,0.5933841519999987,806,3,True,,ok,
20260728T123050Z_paper_groth16,2026-07-28T12:45:48.416876+00:00,measured,2,12,8,operating_limit_64,monolithic,,,none,1,operating_limit_64,operating_limit,groth16,0.022621945000082633,0.3204119689999061,0.29142514700015454,0.6344590610001433,804,26,True,,ok,
20260728T123050Z_paper_groth16,2026-07-28T12:45:49.054014+00:00,measured,2,12,9,operating_limit_16,monolithic,,,none,1,operating_limit_16,operating_limit,groth16,0.023577825999836932,0.32755196600010095,0.2853802959998575,0.6365100879997954,807,12,True,,ok,
20260728T123050Z_paper_groth16,2026-07-28T12:45:49.681832+00:00,measured,2,12,10,account_policy_with_privacy_budget_32,monolithic,account_budget_b32,baseline,shared_witness,1,account_policy_with_privacy_budget_32,account_policy_with_privacy_budget,groth16,0.02341346599996541,0.3346026289996189,0.2691974819999814,0.6272135769995657,805,30,True,,ok,
20260728T123050Z_paper_groth16,2026-07-28T12:45:50.914916+00:00,measured,2,12,11,separate_valid_limit_32,separate,valid_limit_b32,baseline,unbound,1,local_financial_validity_32,local_financial_validity,groth16,0.020439541000087047,0.30555064699956347,0.26450240800022584,0.5904925959998764,806,3,True,,ok,
20260728T123050Z_paper_groth16,2026-07-28T12:45:50.914916+00:00,measured,2,12,11,separate_valid_limit_32,separate,valid_limit_b32,baseline,unbound,2,operating_limit_32,operating_limit,groth16,0.0213001219999569,0.3286699619998217,0.2914459449998503,0.6414160289996289,806,16,True,,ok,
20260728T123050Z_paper_groth16,2026-07-28T12:45:53.543090+00:00,measured,2,12,12,linked_separate_account_budget_32,separate,account_budget_b32,commitment_linked,tx_tag,1,linked_account_budget_validity_32,linked_account_budget_component,groth16,0.059079783000015595,0.3354922470002748,0.25428263000003426,0.6488546600003247,806,111,True,True,ok,
20260728T123050Z_paper_groth16,2026-07-28T12:45:53.543090+00:00,measured,2,12,12,linked_separate_account_budget_32,separate,account_budget_b32,commitment_linked,tx_tag,2,linked_account_budget_transition_32,linked_account_budget_component,groth16,0.05858408699987194,0.33852529500018136,0.25082201799978066,0.647931399999834,806,111,True,True,ok,
20260728T123050Z_paper_groth16,2026-07-28T12:45:53.543090+00:00,measured,2,12,12,linked_separate_account_budget_32,separate,account_budget_b32,commitment_linked,tx_tag,3,linked_account_budget_limit_32,linked_account_budget_component,groth16,0.056488104999971256,0.36753521899981934,0.25416673600011563,0.6781900599999062,804,111,True,True,ok,
20260728T123050Z_paper_groth16,2026-07-28T12:45:53.543090+00:00,measured,2,12,12,linked_separate_account_budget_32,separate,account_budget_b32,commitment_linked,tx_tag,4,linked_account_budget_budget_32,linked_account_budget_component,groth16,0.057045827000365534,0.3387911240001813,0.25400286500007496,0.6498398160006218,807,111,True,True,ok,
20260728T123050Z_paper_groth16,2026-07-28T12:45:54.116629+00:00,measured,2,12,13,account_policy_core_16,monolithic,account_core_b16,baseline,shared_witness,1,account_policy_core_16,account_policy_core,groth16,0.020803938999961247,0.29624476599974514,0.25572048899994115,0.5727691939996475,805,12,True,,ok,
20260728T123050Z_paper_groth16,2026-07-28T12:45:54.706403+00:00,measured,2,12,14,privacy_budget_32,monolithic,,,none,1,privacy_budget_32,privacy_budget,groth16,0.02100747400027103,0.28903716899958454,0.2791128529997877,0.5891574959996433,804,16,True,,ok,
20260728T123050Z_paper_groth16,2026-07-28T12:45:55.573677+00:00,measured,2,12,15,token_policy_bundle_32_depth_16,monolithic,token_bundle_b32_d16,baseline,shared_witness,1,token_policy_bundle_32_depth_16,token_policy_bundle,groth16,0.044342939000216575,0.5766381169996748,0.2455879070002993,0.8665689630001907,805,260,True,,ok,
20260728T123050Z_paper_groth16,2026-07-28T12:45:56.138280+00:00,measured,2,12,16,local_validity_and_operating_limit_16,monolithic,valid_limit_b16,baseline,shared_witness,1,local_validity_and_operating_limit_16,local_validity_and_operating_limit,groth16,0.019978779000211944,0.2868616529999599,0.2571545509999851,0.5639949830001569,805,12,True,,ok,
20260728T123050Z_paper_groth16,2026-07-28T12:45:58.938149+00:00,measured,2,12,17,linked_separate_token_bundle_32_depth_16,separate,token_bundle_b32_d16,commitment_linked,tx_tag,1,linked_token_bundle_membership_32_depth_16,linked_token_bundle_component,groth16,0.05980626999962624,0.5265826419999939,0.2572502279999753,0.8436391399995955,805,342,True,True,ok,
20260728T123050Z_paper_groth16,2026-07-28T12:45:58.938149+00:00,measured,2,12,17,linked_separate_token_bundle_32_depth_16,separate,token_bundle_b32_d16,commitment_linked,tx_tag,2,linked_token_bundle_nullifier_32_depth_16,linked_token_bundle_component,groth16,0.057794131000264315,0.34652334300017174,0.2602136010000322,0.6645310750004683,802,342,True,True,ok,
20260728T123050Z_paper_groth16,2026-07-28T12:45:58.938149+00:00,measured,2,12,17,linked_separate_token_bundle_32_depth_16,separate,token_bundle_b32_d16,commitment_linked,tx_tag,3,linked_token_bundle_validity_32_depth_16,linked_token_bundle_component,groth16,0.0582971759999964,0.3299860249999256,0.2519386899998608,0.6402218909997828,806,342,True,True,ok,
20260728T123050Z_paper_groth16,2026-07-28T12:45:58.938149+00:00,measured,2,12,17,linked_separate_token_bundle_32_depth_16,separate,token_bundle_b32_d16,commitment_linked,tx_tag,4,linked_token_bundle_budget_32_depth_16,linked_token_bundle_component,groth16,0.05758160899995346,0.32614763199990193,0.26382917299997644,0.6475584139998318,803,342,True,True,ok,
20260728T123050Z_paper_groth16,2026-07-28T12:45:59.559456+00:00,measured,2,12,18,state_transition_and_conservation_32,monolithic,,,none,1,state_transition_and_conservation_32,state_transition_and_conservation,groth16,0.03097039499971288,0.31575500799999645,0.27376796299995476,0.6204933659996641,805,3,True,,ok,
20260728T123050Z_paper_groth16,2026-07-28T12:46:00.179025+00:00,measured,2,12,19,account_policy_core_32,monolithic,account_core_b32,baseline,shared_witness,1,account_policy_core_32,account_policy_core,groth16,0.02174922099993637,0.30933524300007775,0.28786259199978304,0.6189470559997972,802,16,True,,ok,
20260728T123050Z_paper_groth16,2026-07-28T12:46:01.937340+00:00,measured,2,12,20,separate_account_core_64,separate,account_core_b64,baseline,unbound,1,local_financial_validity_64,local_financial_validity,groth16,0.0222105749999173,0.3134518290003143,0.2485906150000119,0.5842530190002435,803,3,True,,ok,
20260728T123050Z_paper_groth16,2026-07-28T12:46:01.937340+00:00,measured,2,12,20,separate_account_core_64,separate,account_core_b64,baseline,unbound,2,state_transition_and_conservation_64,state_transition_and_conservation,groth16,0.021608041000035882,0.2913290449996566,0.288521868999851,0.6014589549995435,805,3,True,,ok,
20260728T123050Z_paper_groth16,2026-07-28T12:46:01.937340+00:00,measured,2,12,20,separate_account_core_64,separate,account_core_b64,baseline,unbound,3,operating_limit_64,operating_limit,groth16,0.01980644199966264,0.3011534920001395,0.249777623999762,0.5707375579995642,806,26,True,,ok,
20260728T123050Z_paper_groth16,2026-07-28T12:46:02.523325+00:00,measured,2,12,21,account_policy_core_64,monolithic,account_core_b64,baseline,shared_witness,1,account_policy_core_64,account_policy_core,groth16,0.02317568599983133,0.31315970400009974,0.2490169020002213,0.5853522920001524,806,26,True,,ok,
20260728T123050Z_paper_groth16,2026-07-28T12:46:03.156232+00:00,measured,2,12,22,linked_valid_limit_monolithic_32,monolithic,valid_limit_b32,commitment_linked,tx_tag,1,linked_valid_limit_monolithic_32,local_validity_and_operating_limit,groth16,0.03910764000011113,0.33258893799984435,0.2603607920000286,0.6320573699999841,804,98,True,True,ok,
20260728T123050Z_paper_groth16,2026-07-28T12:46:03.699012+00:00,measured,2,12,23,state_transition_and_conservation_64,monolithic,,,none,1,state_transition_and_conservation_64,state_transition_and_conservation,groth16,0.020991144999698008,0.28300552999962747,0.23819312199975684,0.5421897969990823,804,3,True,,ok,
20260728T123050Z_paper_groth16,2026-07-28T12:46:06.101945+00:00,measured,2,12,24,separate_token_bundle_32_depth_8,separate,token_bundle_b32_d8,baseline,unbound,1,merkle_membership_depth_8,merkle_membership,groth16,0.038954738000029465,0.41892710900037855,0.24836845399977392,0.7062503010001819,805,84,True,,ok,
20260728T123050Z_paper_groth16,2026-07-28T12:46:06.101945+00:00,measured,2,12,24,separate_token_bundle_32_depth_8,separate,token_bundle_b32_d8,baseline,unbound,2,nullifier_correctness_poseidon,nullifier_correctness,groth16,0.03231199700030629,0.30837101399993117,0.24704946499969083,0.5877324759999283,807,164,True,,ok,
20260728T123050Z_paper_groth16,2026-07-28T12:46:06.101945+00:00,measured,2,12,24,separate_token_bundle_32_depth_8,separate,token_bundle_b32_d8,baseline,unbound,3,local_financial_validity_32,local_financial_validity,groth16,0.019451850000223203,0.2837513590002345,0.2463921600001413,0.549595369000599,806,3,True,,ok,
20260728T123050Z_paper_groth16,2026-07-28T12:46:06.101945+00:00,measured,2,12,24,separate_token_bundle_32_depth_8,separate,token_bundle_b32_d8,baseline,unbound,4,privacy_budget_32,privacy_budget,groth16,0.019626266999694053,0.2868614939998224,0.2507540599999629,0.5572418209994794,805,16,True,,ok,
20260728T123050Z_paper_groth16,2026-07-28T12:46:07.052897+00:00,measured,2,12,25,merkle_membership_depth_32,monolithic,,,none,1,merkle_membership_depth_32,merkle_membership,groth16,0.04011374899982911,0.6618034389998684,0.2483130489999894,0.9502302369996869,806,84,True,,ok,
20260728T123050Z_paper_groth16,2026-07-28T12:46:08.164439+00:00,measured,2,12,26,separate_valid_limit_16,separate,valid_limit_b16,baseline,unbound,1,local_financial_validity_16,local_financial_validity,groth16,0.01985414099999616,0.27456440600008136,0.262364893999802,0.5567834409998795,806,3,True,,ok,
20260728T123050Z_paper_groth16,2026-07-28T12:46:08.164439+00:00,measured,2,12,26,separate_valid_limit_16,separate,valid_limit_b16,baseline,unbound,2,operating_limit_16,operating_limit,groth16,0.01940335800009052,0.29673121499990884,0.23715502200002447,0.5532895950000238,801,12,True,,ok,
20260728T123050Z_paper_groth16,2026-07-28T12:46:08.735698+00:00,measured,2,12,27,local_validity_and_operating_limit_64,monolithic,valid_limit_b64,baseline,shared_witness,1,local_validity_and_operating_limit_64,local_validity_and_operating_limit,groth16,0.019346666999808804,0.302074260000154,0.2492196849998436,0.5706406119998064,806,26,True,,ok,
20260728T123050Z_paper_groth16,2026-07-28T12:46:09.604431+00:00,measured,2,12,28,linked_token_bundle_monolithic_32_depth_16,monolithic,token_bundle_b32_d16,commitment_linked,tx_tag,1,linked_token_bundle_monolithic_32_depth_16,token_policy_bundle,groth16,0.062420727999779047,0.5555596399999558,0.24869686100009858,0.8666772289998335,802,342,True,True,ok,
20260728T123050Z_paper_groth16,2026-07-28T12:46:10.169338+00:00,measured,2,12,29,local_financial_validity_16,monolithic,,,none,1,local_financial_validity_16,local_financial_validity,groth16,0.019607014000030176,0.2908263130002524,0.253868705000059,0.5643020320003416,807,3,True,,ok,
20260728T123050Z_paper_groth16,2026-07-28T12:46:10.910059+00:00,measured,2,12,30,token_policy_bundle_32_depth_8,monolithic,token_bundle_b32_d8,baseline,shared_witness,1,token_policy_bundle_32_depth_8,token_policy_bundle,groth16,0.043521165999663936,0.4396585069998764,0.2569160080001893,0.7400956809997297,806,261,True,,ok,
20260728T123050Z_paper_groth16,2026-07-28T12:46:11.460599+00:00,measured,2,12,31,state_transition_and_conservation_16,monolithic,,,none,1,state_transition_and_conservation_16,state_transition_and_conservation,groth16,0.0197093409997251,0.28307919899998524,0.24715114699984042,0.5499396869995508,801,3,True,,ok,
20260728T123050Z_paper_groth16,2026-07-28T12:46:14.103442+00:00,measured,2,12,32,separate_token_bundle_32_depth_16,separate,token_bundle_b32_d16,baseline,unbound,1,merkle_membership_depth_16,merkle_membership,groth16,0.040665804999662214,0.5041384520000065,0.25482949800016286,0.7996337549998316,803,84,True,,ok,
20260728T123050Z_paper_groth16,2026-07-28T12:46:14.103442+00:00,measured,2,12,32,separate_token_bundle_32_depth_16,separate,token_bundle_b32_d16,baseline,unbound,2,nullifier_correctness_poseidon,nullifier_correctness,groth16,0.031368067000130395,0.35427160400013236,0.2784844540001359,0.6641241250003986,806,164,True,,ok,
20260728T123050Z_paper_groth16,2026-07-28T12:46:14.103442+00:00,measured,2,12,32,separate_token_bundle_32_depth_16,separate,token_bundle_b32_d16,baseline,unbound,3,local_financial_validity_32,local_financial_validity,groth16,0.019383190000098693,0.2946701949999806,0.27353799799993794,0.5875913830000172,802,3,True,,ok,
20260728T123050Z_paper_groth16,2026-07-28T12:46:14.103442+00:00,measured,2,12,32,separate_token_bundle_32_depth_16,separate,token_bundle_b32_d16,baseline,unbound,4,privacy_budget_32,privacy_budget,groth16,0.020150598999862268,0.3097659699997166,0.25945879699975194,0.5893753659993308,805,16,True,,ok,
20260728T123050Z_paper_groth16,2026-07-28T12:46:15.958518+00:00,measured,2,12,33,separate_account_core_16,separate,account_core_b16,baseline,unbound,1,local_financial_validity_16,local_financial_validity,groth16,0.02151424700014104,0.3241312979998838,0.2784713969999757,0.6241169420000006,805,3,True,,ok,
20260728T123050Z_paper_groth16,2026-07-28T12:46:15.958518+00:00,measured,2,12,33,separate_account_core_16,separate,account_core_b16,baseline,unbound,2,state_transition_and_conservation_16,state_transition_and_conservation,groth16,0.021741350999946008,0.34518852500013963,0.2904575810002825,0.6573874570003682,805,3,True,,ok,
20260728T123050Z_paper_groth16,2026-07-28T12:46:15.958518+00:00,measured,2,12,33,separate_account_core_16,separate,account_core_b16,baseline,unbound,3,operating_limit_16,operating_limit,groth16,0.02242701000022862,0.2923311919998923,0.25709900199990443,0.5718572040000254,805,12,True,,ok,
20260728T123050Z_paper_groth16,2026-07-28T12:46:16.560028+00:00,measured,2,12,34,account_policy_with_privacy_budget_64,monolithic,account_budget_b64,baseline,shared_witness,1,account_policy_with_privacy_budget_64,account_policy_with_privacy_budget,groth16,0.022337582999625738,0.3134977820000131,0.2649846859999343,0.6008200509995731,805,50,True,,ok,
20260728T123050Z_paper_groth16,2026-07-28T12:46:17.118228+00:00,measured,2,12,35,operating_limit_32,monolithic,,,none,1,operating_limit_32,operating_limit,groth16,0.01912951000031171,0.29018202899987955,0.2482650779998039,0.5575766169999952,806,16,True,,ok,
20260728T123050Z_paper_groth16,2026-07-28T12:46:17.723950+00:00,measured,2,12,36,privacy_budget_16,monolithic,,,none,1,privacy_budget_16,privacy_budget,groth16,0.018146702999729314,0.28289311899970926,0.30404612199981784,0.6050859439992564,806,11,True,,ok,
20260728T123050Z_paper_groth16,2026-07-28T12:46:18.457818+00:00,measured,2,12,37,merkle_membership_depth_8,monolithic,,,none,1,merkle_membership_depth_8,merkle_membership,groth16,0.04162412999994558,0.43283493799981443,0.2587628579999546,0.7332219259997146,804,84,True,,ok,
20260728T123050Z_paper_groth16,2026-07-28T12:46:19.772939+00:00,measured,2,12,38,linked_separate_valid_limit_32,separate,valid_limit_b32,commitment_linked,tx_tag,1,linked_valid_limit_validity_32,linked_valid_limit_component,groth16,0.04169058200022846,0.34135507500013773,0.2691143209999609,0.6521599780003271,804,98,True,True,ok,
20260728T123050Z_paper_groth16,2026-07-28T12:46:19.772939+00:00,measured,2,12,38,linked_separate_valid_limit_32,separate,valid_limit_b32,commitment_linked,tx_tag,2,linked_valid_limit_limit_32,linked_valid_limit_component,groth16,0.03715972999998485,0.33130961399956504,0.2929749109998738,0.6614442549994237,808,98,True,True,ok,
20260728T123050Z_paper_groth16,2026-07-28T12:46:20.616395+00:00,measured,2,12,39,merkle_membership_depth_16,monolithic,,,none,1,merkle_membership_depth_16,merkle_membership,groth16,0.040589927000382886,0.5482975059999262,0.25389800500033743,0.8427854380006465,806,84,True,,ok,
20260728T123050Z_paper_groth16,2026-07-28T12:46:21.244502+00:00,measured,2,12,40,nullifier_correctness_poseidon,monolithic,,,none,1,nullifier_correctness_poseidon,nullifier_correctness,groth16,0.035764426000241656,0.3396210019996033,0.25211260199967,0.627498029999515,805,164,True,,ok,
20260728T123050Z_paper_groth16,2026-07-28T12:46:21.920832+00:00,measured,2,12,41,linked_account_budget_monolithic_32,monolithic,account_budget_b32,commitment_linked,tx_tag,1,linked_account_budget_monolithic_32,account_policy_with_privacy_budget,groth16,0.056892521000008855,0.3571083329998146,0.2614399690000937,0.6754408229999171,805,111,True,True,ok,
20260728T123050Z_paper_groth16,2026-07-28T12:46:24.711287+00:00,measured,2,12,42,separate_token_bundle_32_depth_32,separate,token_bundle_b32_d32,baseline,unbound,1,merkle_membership_depth_32,merkle_membership,groth16,0.042759552000006806,0.7052761659997486,0.2718660880000243,1.0199018059997798,805,84,True,,ok,
20260728T123050Z_paper_groth16,2026-07-28T12:46:24.711287+00:00,measured,2,12,42,separate_token_bundle_32_depth_32,separate,token_bundle_b32_d32,baseline,unbound,2,nullifier_correctness_poseidon,nullifier_correctness,groth16,0.033522608000112086,0.324304550999841,0.26452484700030254,0.6223520060002556,804,164,True,,ok,
20260728T123050Z_paper_groth16,2026-07-28T12:46:24.711287+00:00,measured,2,12,42,separate_token_bundle_32_depth_32,separate,token_bundle_b32_d32,baseline,unbound,3,local_financial_validity_32,local_financial_validity,groth16,0.018953793000036967,0.28828299599990714,0.2656564070002787,0.5728931960002228,805,3,True,,ok,
20260728T123050Z_paper_groth16,2026-07-28T12:46:24.711287+00:00,measured,2,12,42,separate_token_bundle_32_depth_32,separate,token_bundle_b32_d32,baseline,unbound,4,privacy_budget_32,privacy_budget,groth16,0.019205310999950598,0.2900506559999485,0.2637634130001061,0.5730193800000052,804,16,True,,ok,
20260728T123050Z_paper_groth16,2026-07-28T12:46:25.308413+00:00,measured,2,12,43,local_financial_validity_64,monolithic,,,none,1,local_financial_validity_64,local_financial_validity,groth16,0.019686912999986816,0.315773566000189,0.2610152779998316,0.5964757570000074,803,3,True,,ok,
20260728T123050Z_paper_groth16,2026-07-28T12:46:26.329598+00:00,measured,2,12,44,token_policy_bundle_32_depth_32,monolithic,token_bundle_b32_d32,baseline,shared_witness,1,token_policy_bundle_32_depth_32,token_policy_bundle,groth16,0.04683400799967785,0.7049707559999661,0.2686693639998339,1.0204741279994778,802,261,True,,ok,
20260728T123050Z_paper_groth16,2026-07-28T12:46:26.959983+00:00,measured,2,12,45,privacy_budget_64,monolithic,,,none,1,privacy_budget_64,privacy_budget,groth16,0.025560067999776948,0.32039100600013626,0.2838002859998596,0.6297513599997728,807,26,True,,ok,
20260728T123050Z_paper_groth16,2026-07-28T12:46:29.344835+00:00,measured,2,12,46,separate_account_budget_16,separate,account_budget_b16,baseline,unbound,1,local_financial_validity_16,local_financial_validity,groth16,0.021077375000004395,0.3336718430000474,0.27464009300001635,0.6293893110000681,805,3,True,,ok,
20260728T123050Z_paper_groth16,2026-07-28T12:46:29.344835+00:00,measured,2,12,46,separate_account_budget_16,separate,account_budget_b16,baseline,unbound,2,state_transition_and_conservation_16,state_transition_and_conservation,groth16,0.018813615999988542,0.30587631400021564,0.2688765399998374,0.5935664700000416,802,3,True,,ok,
20260728T123050Z_paper_groth16,2026-07-28T12:46:29.344835+00:00,measured,2,12,46,separate_account_budget_16,separate,account_budget_b16,baseline,unbound,3,operating_limit_16,operating_limit,groth16,0.020272240999929636,0.30350834500040946,0.26765669799988245,0.5914372840002216,801,12,True,,ok,
20260728T123050Z_paper_groth16,2026-07-28T12:46:29.344835+00:00,measured,2,12,46,separate_account_budget_16,separate,account_budget_b16,baseline,unbound,4,privacy_budget_16,privacy_budget,groth16,0.02064440000003742,0.28773015300021143,0.259989336000217,0.5683638890004659,805,11,True,,ok,
20260728T123050Z_paper_groth16,2026-07-28T12:46:31.080483+00:00,measured,2,13,1,separate_account_core_32,separate,account_core_b32,baseline,unbound,1,local_financial_validity_32,local_financial_validity,groth16,0.021879759000057675,0.29894697999998243,0.24569418300006873,0.5665209220001088,804,3,True,,ok,
20260728T123050Z_paper_groth16,2026-07-28T12:46:31.080483+00:00,measured,2,13,1,separate_account_core_32,separate,account_core_b32,baseline,unbound,2,state_transition_and_conservation_32,state_transition_and_conservation,groth16,0.019598540000060893,0.2971048939998582,0.2588839980003286,0.5755874320002476,808,3,True,,ok,
20260728T123050Z_paper_groth16,2026-07-28T12:46:31.080483+00:00,measured,2,13,1,separate_account_core_32,separate,account_core_b32,baseline,unbound,3,operating_limit_32,operating_limit,groth16,0.01891555900010644,0.3010462870001902,0.2718848969998362,0.5918467430001328,806,16,True,,ok,
20260728T123050Z_paper_groth16,2026-07-28T12:46:32.049433+00:00,measured,2,13,2,merkle_membership_depth_32,monolithic,,,none,1,merkle_membership_depth_32,merkle_membership,groth16,0.04307308700026624,0.6640058210000461,0.2611432430003333,0.9682221510006457,806,84,True,,ok,
20260728T123050Z_paper_groth16,2026-07-28T12:46:34.468443+00:00,measured,2,13,3,separate_account_budget_32,separate,account_budget_b32,baseline,unbound,1,local_financial_validity_32,local_financial_validity,groth16,0.021207413999945857,0.2815832049996061,0.26397348199998305,0.566764100999535,807,3,True,,ok,
20260728T123050Z_paper_groth16,2026-07-28T12:46:34.468443+00:00,measured,2,13,3,separate_account_budget_32,separate,account_budget_b32,baseline,unbound,2,state_transition_and_conservation_32,state_transition_and_conservation,groth16,0.020936486000209698,0.3087046799996642,0.2567317269999876,0.5863728929998615,805,3,True,,ok,
20260728T123050Z_paper_groth16,2026-07-28T12:46:34.468443+00:00,measured,2,13,3,separate_account_budget_32,separate,account_budget_b32,baseline,unbound,3,operating_limit_32,operating_limit,groth16,0.020971585000097548,0.29845054299994445,0.28598650000003545,0.6054086280000774,803,16,True,,ok,
20260728T123050Z_paper_groth16,2026-07-28T12:46:34.468443+00:00,measured,2,13,3,separate_account_budget_32,separate,account_budget_b32,baseline,unbound,4,privacy_budget_32,privacy_budget,groth16,0.018988811000326677,0.36118092400010937,0.27816081099990697,0.658330546000343,805,16,True,,ok,
20260728T123050Z_paper_groth16,2026-07-28T12:46:37.302030+00:00,measured,2,13,4,linked_separate_token_bundle_32_depth_16,separate,token_bundle_b32_d16,commitment_linked,tx_tag,1,linked_token_bundle_membership_32_depth_16,linked_token_bundle_component,groth16,0.061437860000296496,0.5407672659998752,0.27171089300009044,0.8739160190002622,806,342,True,True,ok,
20260728T123050Z_paper_groth16,2026-07-28T12:46:37.302030+00:00,measured,2,13,4,linked_separate_token_bundle_32_depth_16,separate,token_bundle_b32_d16,commitment_linked,tx_tag,2,linked_token_bundle_nullifier_32_depth_16,linked_token_bundle_component,groth16,0.0559701329998461,0.3442668070001673,0.2506820659996265,0.6509190059996399,806,342,True,True,ok,
20260728T123050Z_paper_groth16,2026-07-28T12:46:37.302030+00:00,measured,2,13,4,linked_separate_token_bundle_32_depth_16,separate,token_bundle_b32_d16,commitment_linked,tx_tag,3,linked_token_bundle_validity_32_depth_16,linked_token_bundle_component,groth16,0.05966091900018,0.333381076999558,0.2593623119996664,0.6524043079994044,805,342,True,True,ok,
20260728T123050Z_paper_groth16,2026-07-28T12:46:37.302030+00:00,measured,2,13,4,linked_separate_token_bundle_32_depth_16,separate,token_bundle_b32_d16,commitment_linked,tx_tag,4,linked_token_bundle_budget_32_depth_16,linked_token_bundle_component,groth16,0.058288054000058764,0.3425789570001143,0.2510720149998633,0.6519390260000364,806,342,True,True,ok,
20260728T123050Z_paper_groth16,2026-07-28T12:46:39.015306+00:00,measured,2,13,5,separate_account_core_16,separate,account_core_b16,baseline,unbound,1,local_financial_validity_16,local_financial_validity,groth16,0.01936844800002291,0.29965993599989815,0.25448757599997407,0.5735159599998951,807,3,True,,ok,
20260728T123050Z_paper_groth16,2026-07-28T12:46:39.015306+00:00,measured,2,13,5,separate_account_core_16,separate,account_core_b16,baseline,unbound,2,state_transition_and_conservation_16,state_transition_and_conservation,groth16,0.019918527999834623,0.2861249770003269,0.25531687099964984,0.5613603759998114,805,3,True,,ok,
20260728T123050Z_paper_groth16,2026-07-28T12:46:39.015306+00:00,measured,2,13,5,separate_account_core_16,separate,account_core_b16,baseline,unbound,3,operating_limit_16,operating_limit,groth16,0.02046494000023813,0.2853220259999034,0.2709592480000538,0.5767462140001953,802,12,True,,ok,
20260728T123050Z_paper_groth16,2026-07-28T12:46:39.626210+00:00,measured,2,13,6,local_validity_and_operating_limit_64,monolithic,valid_limit_b64,baseline,shared_witness,1,local_validity_and_operating_limit_64,local_validity_and_operating_limit,groth16,0.020304827000018122,0.3052536630002578,0.2847011570001996,0.6102596470004755,804,26,True,,ok,
20260728T123050Z_paper_groth16,2026-07-28T12:46:42.254893+00:00,measured,2,13,7,linked_separate_account_budget_32,separate,account_budget_b32,commitment_linked,tx_tag,1,linked_account_budget_validity_32,linked_account_budget_component,groth16,0.06259903599993777,0.3521806429998833,0.26137114099992687,0.6761508199997479,806,111,True,True,ok,
20260728T123050Z_paper_groth16,2026-07-28T12:46:42.254893+00:00,measured,2,13,7,linked_separate_account_budget_32,separate,account_budget_b32,commitment_linked,tx_tag,2,linked_account_budget_transition_32,linked_account_budget_component,groth16,0.05605091600000378,0.3441052830003173,0.2582704179999382,0.6584266170002593,807,111,True,True,ok,
20260728T123050Z_paper_groth16,2026-07-28T12:46:42.254893+00:00,measured,2,13,7,linked_separate_account_budget_32,separate,account_budget_b32,commitment_linked,tx_tag,3,linked_account_budget_limit_32,linked_account_budget_component,groth16,0.0569142690001172,0.33160575100009737,0.2520461260000957,0.6405661460003103,806,111,True,True,ok,
20260728T123050Z_paper_groth16,2026-07-28T12:46:42.254893+00:00,measured,2,13,7,linked_separate_account_budget_32,separate,account_budget_b32,commitment_linked,tx_tag,4,linked_account_budget_budget_32,linked_account_budget_component,groth16,0.05753742600018086,0.32629194999981337,0.26629818399987926,0.6501275599998735,801,111,True,True,ok,
20260728T123050Z_paper_groth16,2026-07-28T12:46:42.844361+00:00,measured,2,13,8,account_policy_with_privacy_budget_64,monolithic,account_budget_b64,baseline,shared_witness,1,account_policy_with_privacy_budget_64,account_policy_with_privacy_budget,groth16,0.022566695000023174,0.29479232799985766,0.27149184800009607,0.5888508709999769,806,50,True,,ok,
20260728T123050Z_paper_groth16,2026-07-28T12:46:44.027910+00:00,measured,2,13,9,separate_valid_limit_32,separate,valid_limit_b32,baseline,unbound,1,local_financial_validity_32,local_financial_validity,groth16,0.02086608800027534,0.2977756010000121,0.2445891079996727,0.5632307969999601,804,3,True,,ok,
20260728T123050Z_paper_groth16,2026-07-28T12:46:44.027910+00:00,measured,2,13,9,separate_valid_limit_32,separate,valid_limit_b32,baseline,unbound,2,operating_limit_32,operating_limit,groth16,0.01774294300003021,0.3232420839999577,0.2782041800001025,0.6191892070000904,807,16,True,,ok,
20260728T123050Z_paper_groth16,2026-07-28T12:46:46.302878+00:00,measured,2,13,10,separate_account_budget_16,separate,account_budget_b16,baseline,unbound,1,local_financial_validity_16,local_financial_validity,groth16,0.021858461999727297,0.2793801729999359,0.2566816580001614,0.5579202929998246,806,3,True,,ok,
20260728T123050Z_paper_groth16,2026-07-28T12:46:46.302878+00:00,measured,2,13,10,separate_account_budget_16,separate,account_budget_b16,baseline,unbound,2,state_transition_and_conservation_16,state_transition_and_conservation,groth16,0.018391619000340143,0.2893546800000877,0.25154240799975014,0.559288707000178,805,3,True,,ok,
20260728T123050Z_paper_groth16,2026-07-28T12:46:46.302878+00:00,measured,2,13,10,separate_account_budget_16,separate,account_budget_b16,baseline,unbound,3,operating_limit_16,operating_limit,groth16,0.01963636799973756,0.30364285100040433,0.2571970499998315,0.5804762689999734,805,12,True,,ok,
20260728T123050Z_paper_groth16,2026-07-28T12:46:46.302878+00:00,measured,2,13,10,separate_account_budget_16,separate,account_budget_b16,baseline,unbound,4,privacy_budget_16,privacy_budget,groth16,0.018496064000373735,0.2946982109997407,0.2619524920000913,0.5751467670002057,807,11,True,,ok,
20260728T123050Z_paper_groth16,2026-07-28T12:46:46.886321+00:00,measured,2,13,11,account_policy_core_16,monolithic,account_core_b16,baseline,shared_witness,1,account_policy_core_16,account_policy_core,groth16,0.01967758499995398,0.3081742290000875,0.25495740900032615,0.5828092230003676,803,12,True,,ok,
20260728T123050Z_paper_groth16,2026-07-28T12:46:48.096046+00:00,measured,2,13,12,separate_valid_limit_64,separate,valid_limit_b64,baseline,unbound,1,local_financial_validity_64,local_financial_validity,groth16,0.02587402299968744,0.3205159270000877,0.26423094200026753,0.6106208920000427,805,3,True,,ok,
20260728T123050Z_paper_groth16,2026-07-28T12:46:48.096046+00:00,measured,2,13,12,separate_valid_limit_64,separate,valid_limit_b64,baseline,unbound,2,operating_limit_64,operating_limit,groth16,0.020008851000056893,0.29912166699978116,0.27890012299985756,0.5980306409996956,803,26,True,,ok,
20260728T123050Z_paper_groth16,2026-07-28T12:46:48.636447+00:00,measured,2,13,13,local_financial_validity_16,monolithic,,,none,1,local_financial_validity_16,local_financial_validity,groth16,0.0197193479998532,0.2708589320000101,0.24920339599975705,0.5397816759996203,806,3,True,,ok,
20260728T123050Z_paper_groth16,2026-07-28T12:46:49.322918+00:00,measured,2,13,14,linked_account_budget_monolithic_32,monolithic,account_budget_b32,commitment_linked,tx_tag,1,linked_account_budget_monolithic_32,account_policy_with_privacy_budget,groth16,0.06011826900021333,0.34502721399985603,0.28046402900008616,0.6856095120001555,805,111,True,True,ok,
20260728T123050Z_paper_groth16,2026-07-28T12:46:50.197545+00:00,measured,2,13,15,merkle_membership_depth_16,monolithic,,,none,1,merkle_membership_depth_16,merkle_membership,groth16,0.039671795000231214,0.5775883699998303,0.25675189999992654,0.8740120649999881,803,84,True,,ok,
20260728T123050Z_paper_groth16,2026-07-28T12:46:50.774055+00:00,measured,2,13,16,account_policy_with_privacy_budget_16,monolithic,account_budget_b16,baseline,shared_witness,1,account_policy_with_privacy_budget_16,account_policy_with_privacy_budget,groth16,0.02333133699994505,0.30322421599976224,0.24935641499996564,0.5759119679996729,802,21,True,,ok,
20260728T123050Z_paper_groth16,2026-07-28T12:46:53.320354+00:00,measured,2,13,17,separate_token_bundle_32_depth_16,separate,token_bundle_b32_d16,baseline,unbound,1,merkle_membership_depth_16,merkle_membership,groth16,0.039609266000297794,0.5035583260000749,0.2553597470000568,0.7985273390004295,805,84,True,,ok,
20260728T123050Z_paper_groth16,2026-07-28T12:46:53.320354+00:00,measured,2,13,17,separate_token_bundle_32_depth_16,separate,token_bundle_b32_d16,baseline,unbound,2,nullifier_correctness_poseidon,nullifier_correctness,groth16,0.03284336699971391,0.31424943100000746,0.2608370620000642,0.6079298599997855,805,164,True,,ok,
20260728T123050Z_paper_groth16,2026-07-28T12:46:53.320354+00:00,measured,2,13,17,separate_token_bundle_32_depth_16,separate,token_bundle_b32_d16,baseline,unbound,3,local_financial_validity_32,local_financial_validity,groth16,0.017694532999939838,0.28582789299980504,0.26252972999964186,0.5660521559993867,803,3,True,,ok,
20260728T123050Z_paper_groth16,2026-07-28T12:46:53.320354+00:00,measured,2,13,17,separate_token_bundle_32_depth_16,separate,token_bundle_b32_d16,baseline,unbound,4,privacy_budget_32,privacy_budget,groth16,0.02007861599986427,0.2968076329998439,0.25474134000023696,0.5716275889999451,803,16,True,,ok,
20260728T123050Z_paper_groth16,2026-07-28T12:46:55.875208+00:00,measured,2,13,18,separate_token_bundle_32_depth_8,separate,token_bundle_b32_d8,baseline,unbound,1,merkle_membership_depth_8,merkle_membership,groth16,0.040479997000147705,0.44918486899996424,0.2782373610002651,0.767902227000377,805,84,True,,ok,
20260728T123050Z_paper_groth16,2026-07-28T12:46:55.875208+00:00,measured,2,13,18,separate_token_bundle_32_depth_8,separate,token_bundle_b32_d8,baseline,unbound,2,nullifier_correctness_poseidon,nullifier_correctness,groth16,0.03235383399987768,0.32044765499995265,0.262067295000179,0.6148687840000093,807,164,True,,ok,
20260728T123050Z_paper_groth16,2026-07-28T12:46:55.875208+00:00,measured,2,13,18,separate_token_bundle_32_depth_8,separate,token_bundle_b32_d8,baseline,unbound,3,local_financial_validity_32,local_financial_validity,groth16,0.0212038639997445,0.2959320589998242,0.26047589300014806,0.5776118159997168,807,3,True,,ok,
20260728T123050Z_paper_groth16,2026-07-28T12:46:55.875208+00:00,measured,2,13,18,separate_token_bundle_32_depth_8,separate,token_bundle_b32_d8,baseline,unbound,4,privacy_budget_32,privacy_budget,groth16,0.020128998999553005,0.31424176900009115,0.25782161899996936,0.5921923869996135,804,16,True,,ok,
20260728T123050Z_paper_groth16,2026-07-28T12:46:56.749096+00:00,measured,2,13,19,linked_token_bundle_monolithic_32_depth_16,monolithic,token_bundle_b32_d16,commitment_linked,tx_tag,1,linked_token_bundle_monolithic_32_depth_16,token_policy_bundle,groth16,0.06167159000005995,0.5548285640002177,0.2550682030000644,0.8715683570003421,805,342,True,True,ok,
20260728T123050Z_paper_groth16,2026-07-28T12:46:59.612546+00:00,measured,2,13,20,separate_token_bundle_32_depth_32,separate,token_bundle_b32_d32,baseline,unbound,1,merkle_membership_depth_32,merkle_membership,groth16,0.040479257999777474,0.652258601000085,0.2619016690000535,0.954639527999916,806,84,True,,ok,
20260728T123050Z_paper_groth16,2026-07-28T12:46:59.612546+00:00,measured,2,13,20,separate_token_bundle_32_depth_32,separate,token_bundle_b32_d32,baseline,unbound,2,nullifier_correctness_poseidon,nullifier_correctness,groth16,0.03640519200007475,0.3475486910001564,0.2829380520001905,0.6668919350004217,806,164,True,,ok,
20260728T123050Z_paper_groth16,2026-07-28T12:46:59.612546+00:00,measured,2,13,20,separate_token_bundle_32_depth_32,separate,token_bundle_b32_d32,baseline,unbound,3,local_financial_validity_32,local_financial_validity,groth16,0.019929625000258966,0.30122802999994747,0.31966010999985883,0.6408177650000653,806,3,True,,ok,
20260728T123050Z_paper_groth16,2026-07-28T12:46:59.612546+00:00,measured,2,13,20,separate_token_bundle_32_depth_32,separate,token_bundle_b32_d32,baseline,unbound,4,privacy_budget_32,privacy_budget,groth16,0.024590246000116167,0.31564858199999435,0.25822358699997494,0.5984624150000855,806,16,True,,ok,
20260728T123050Z_paper_groth16,2026-07-28T12:47:00.689655+00:00,measured,2,13,21,token_policy_bundle_32_depth_32,monolithic,token_bundle_b32_d32,baseline,shared_witness,1,token_policy_bundle_32_depth_32,token_policy_bundle,groth16,0.04749054100011563,0.7589649800002007,0.26155379400006495,1.0680093150003813,809,261,True,,ok,
20260728T123050Z_paper_groth16,2026-07-28T12:47:01.268949+00:00,measured,2,13,22,privacy_budget_16,monolithic,,,none,1,privacy_budget_16,privacy_budget,groth16,0.019951676999880874,0.2778066650002984,0.28090760499981116,0.5786659469999904,807,11,True,,ok,
20260728T123050Z_paper_groth16,2026-07-28T12:47:01.857645+00:00,measured,2,13,23,privacy_budget_64,monolithic,,,none,1,privacy_budget_64,privacy_budget,groth16,0.02271418000009362,0.3182839290002448,0.246801934999894,0.5878000440002324,805,26,True,,ok,
20260728T123050Z_paper_groth16,2026-07-28T12:47:02.415328+00:00,measured,2,13,24,privacy_budget_32,monolithic,,,none,1,privacy_budget_32,privacy_budget,groth16,0.02412127000025066,0.2902069169999777,0.2427357680003297,0.557063955000558,801,16,True,,ok,
20260728T123050Z_paper_groth16,2026-07-28T12:47:02.991127+00:00,measured,2,13,25,account_policy_with_privacy_budget_32,monolithic,account_budget_b32,baseline,shared_witness,1,account_policy_with_privacy_budget_32,account_policy_with_privacy_budget,groth16,0.02212454499976957,0.2943153119999806,0.2583784459998242,0.5748183029995744,804,30,True,,ok,
20260728T123050Z_paper_groth16,2026-07-28T12:47:05.333214+00:00,measured,2,13,26,separate_account_budget_64,separate,account_budget_b64,baseline,unbound,1,local_financial_validity_64,local_financial_validity,groth16,0.02143275599974004,0.30587672799993015,0.2661891200000355,0.5934986039997057,806,3,True,,ok,
20260728T123050Z_paper_groth16,2026-07-28T12:47:05.333214+00:00,measured,2,13,26,separate_account_budget_64,separate,account_budget_b64,baseline,unbound,2,state_transition_and_conservation_64,state_transition_and_conservation,groth16,0.019505824000134453,0.2831508350000149,0.24426836400016327,0.5469250230003126,804,3,True,,ok,
20260728T123050Z_paper_groth16,2026-07-28T12:47:05.333214+00:00,measured,2,13,26,separate_account_budget_64,separate,account_budget_b64,baseline,unbound,3,operating_limit_64,operating_limit,groth16,0.020303601999785315,0.30543860300031156,0.26996483099992474,0.5957070360000216,805,26,True,,ok,
20260728T123050Z_paper_groth16,2026-07-28T12:47:05.333214+00:00,measured,2,13,26,separate_account_budget_64,separate,account_budget_b64,baseline,unbound,4,privacy_budget_64,privacy_budget,groth16,0.021317952999652334,0.31180645999984336,0.2706245869999293,0.603748999999425,805,26,True,,ok,
20260728T123050Z_paper_groth16,2026-07-28T12:47:05.869889+00:00,measured,2,13,27,state_transition_and_conservation_16,monolithic,,,none,1,state_transition_and_conservation_16,state_transition_and_conservation,groth16,0.01885246099982396,0.2807273999997051,0.2364594109999416,0.5360392719994707,802,3,True,,ok,
20260728T123050Z_paper_groth16,2026-07-28T12:47:06.590254+00:00,measured,2,13,28,merkle_membership_depth_8,monolithic,,,none,1,merkle_membership_depth_8,merkle_membership,groth16,0.03953109000030963,0.4178243940000357,0.2623889230003442,0.7197444070006895,807,84,True,,ok,
20260728T123050Z_paper_groth16,2026-07-28T12:47:07.776256+00:00,measured,2,13,29,separate_valid_limit_16,separate,valid_limit_b16,baseline,unbound,1,local_financial_validity_16,local_financial_validity,groth16,0.019435466999766504,0.30713665900020715,0.277885415000128,0.6044575410001016,801,3,True,,ok,
20260728T123050Z_paper_groth16,2026-07-28T12:47:07.776256+00:00,measured,2,13,29,separate_valid_limit_16,separate,valid_limit_b16,baseline,unbound,2,operating_limit_16,operating_limit,groth16,0.02086632600003213,0.2905391189997317,0.2690404340000896,0.5804458789998534,805,12,True,,ok,
20260728T123050Z_paper_groth16,2026-07-28T12:47:08.358470+00:00,measured,2,13,30,state_transition_and_conservation_32,monolithic,,,none,1,state_transition_and_conservation_32,state_transition_and_conservation,groth16,0.019925125000099797,0.31547274299964556,0.24621141100033128,0.5816092790000766,806,3,True,,ok,
20260728T123050Z_paper_groth16,2026-07-28T12:47:08.915303+00:00,measured,2,13,31,operating_limit_16,monolithic,,,none,1,operating_limit_16,operating_limit,groth16,0.02047748999984833,0.284164230999977,0.25159037599996736,0.5562320969997927,805,12,True,,ok,
20260728T123050Z_paper_groth16,2026-07-28T12:47:10.635296+00:00,measured,2,13,32,separate_account_core_64,separate,account_core_b64,baseline,unbound,1,local_financial_validity_64,local_financial_validity,groth16,0.01923344399983762,0.282433618000141,0.24929748700014898,0.5509645490001276,806,3,True,,ok,
20260728T123050Z_paper_groth16,2026-07-28T12:47:10.635296+00:00,measured,2,13,32,separate_account_core_64,separate,account_core_b64,baseline,unbound,2,state_transition_and_conservation_64,state_transition_and_conservation,groth16,0.019928625999909855,0.2986262170002192,0.2479352199998175,0.5664900629999465,807,3,True,,ok,
20260728T123050Z_paper_groth16,2026-07-28T12:47:10.635296+00:00,measured,2,13,32,separate_account_core_64,separate,account_core_b64,baseline,unbound,3,operating_limit_64,operating_limit,groth16,0.020929786000124295,0.3025962619999518,0.277440748999652,0.6009667969997281,804,26,True,,ok,
20260728T123050Z_paper_groth16,2026-07-28T12:47:11.373761+00:00,measured,2,13,33,token_policy_bundle_32_depth_8,monolithic,token_bundle_b32_d8,baseline,shared_witness,1,token_policy_bundle_32_depth_8,token_policy_bundle,groth16,0.04368393599997944,0.44603895000000193,0.2477781090001372,0.7375009950001186,806,261,True,,ok,
20260728T123050Z_paper_groth16,2026-07-28T12:47:11.941802+00:00,measured,2,13,34,account_policy_core_32,monolithic,account_core_b32,baseline,shared_witness,1,account_policy_core_32,account_policy_core,groth16,0.022046921999844926,0.29345753200004765,0.2519226869999329,0.5674271409998255,807,16,True,,ok,
20260728T123050Z_paper_groth16,2026-07-28T12:47:12.601868+00:00,measured,2,13,35,linked_valid_limit_monolithic_32,monolithic,valid_limit_b32,commitment_linked,tx_tag,1,linked_valid_limit_monolithic_32,local_validity_and_operating_limit,groth16,0.03879387699998915,0.352985260999958,0.2674324930003422,0.6592116310002893,807,98,True,True,ok,
20260728T123050Z_paper_groth16,2026-07-28T12:47:13.168613+00:00,measured,2,13,36,operating_limit_32,monolithic,,,none,1,operating_limit_32,operating_limit,groth16,0.021297959000094124,0.29245294100019237,0.2523998639999263,0.5661507640002128,808,16,True,,ok,
20260728T123050Z_paper_groth16,2026-07-28T12:47:13.735291+00:00,measured,2,13,37,state_transition_and_conservation_64,monolithic,,,none,1,state_transition_and_conservation_64,state_transition_and_conservation,groth16,0.021683569999822794,0.2969898930000454,0.24737158700008877,0.566045049999957,802,3,True,,ok,
20260728T123050Z_paper_groth16,2026-07-28T12:47:14.340283+00:00,measured,2,13,38,local_validity_and_operating_limit_16,monolithic,valid_limit_b16,baseline,shared_witness,1,local_validity_and_operating_limit_16,local_validity_and_operating_limit,groth16,0.021563436000178626,0.32463752600006046,0.25812653100001626,0.6043274930002553,804,12,True,,ok,
20260728T123050Z_paper_groth16,2026-07-28T12:47:14.933223+00:00,measured,2,13,39,account_policy_core_64,monolithic,account_core_b64,baseline,shared_witness,1,account_policy_core_64,account_policy_core,groth16,0.02472681900007956,0.31131172599998536,0.2562516439998035,0.5922901889998684,806,26,True,,ok,
20260728T123050Z_paper_groth16,2026-07-28T12:47:15.505595+00:00,measured,2,13,40,local_validity_and_operating_limit_32,monolithic,valid_limit_b32,baseline,shared_witness,1,local_validity_and_operating_limit_32,local_validity_and_operating_limit,groth16,0.020845074999670032,0.30147852799973407,0.24908431699986977,0.5714079199992739,807,16,True,,ok,
20260728T123050Z_paper_groth16,2026-07-28T12:47:16.074009+00:00,measured,2,13,41,local_financial_validity_64,monolithic,,,none,1,local_financial_validity_64,local_financial_validity,groth16,0.020931412000209093,0.30426672700014024,0.24262117499984015,0.5678193140001895,807,3,True,,ok,
20260728T123050Z_paper_groth16,2026-07-28T12:47:17.013752+00:00,measured,2,13,42,token_policy_bundle_32_depth_16,monolithic,token_bundle_b32_d16,baseline,shared_witness,1,token_policy_bundle_32_depth_16,token_policy_bundle,groth16,0.04551709799989112,0.6109743580000213,0.28259700299986434,0.9390884589997768,802,260,True,,ok,
20260728T123050Z_paper_groth16,2026-07-28T12:47:17.638296+00:00,measured,2,13,43,nullifier_correctness_poseidon,monolithic,,,none,1,nullifier_correctness_poseidon,nullifier_correctness,groth16,0.033445916999880865,0.3256628549997913,0.26481262100014646,0.6239213929998186,803,164,True,,ok,
20260728T123050Z_paper_groth16,2026-07-28T12:47:18.261182+00:00,measured,2,13,44,operating_limit_64,monolithic,,,none,1,operating_limit_64,operating_limit,groth16,0.02213724400007777,0.30527320999999574,0.29483474299968293,0.6222451969997564,803,26,True,,ok,
20260728T123050Z_paper_groth16,2026-07-28T12:47:19.720685+00:00,measured,2,13,45,linked_separate_valid_limit_32,separate,valid_limit_b32,commitment_linked,tx_tag,1,linked_valid_limit_validity_32,linked_valid_limit_component,groth16,0.0451979580002444,0.3769463589997031,0.29855605500006277,0.7207003720000102,804,98,True,True,ok,
20260728T123050Z_paper_groth16,2026-07-28T12:47:19.720685+00:00,measured,2,13,45,linked_separate_valid_limit_32,separate,valid_limit_b32,commitment_linked,tx_tag,2,linked_valid_limit_limit_32,linked_valid_limit_component,groth16,0.03809418199989523,0.38776748200007205,0.31143537700017987,0.7372970410001471,803,98,True,True,ok,
20260728T123050Z_paper_groth16,2026-07-28T12:47:20.299022+00:00,measured,2,13,46,local_financial_validity_32,monolithic,,,none,1,local_financial_validity_32,local_financial_validity,groth16,0.019600781000008283,0.297809394000069,0.26033753399997295,0.5777477090000502,809,3,True,,ok,
20260728T123050Z_paper_groth16,2026-07-28T12:47:20.870609+00:00,measured,2,14,1,state_transition_and_conservation_16,monolithic,,,none,1,state_transition_and_conservation_16,state_transition_and_conservation,groth16,0.0218945269998585,0.28791137700000036,0.2611403920000157,0.5709462959998746,801,3,True,,ok,
20260728T123050Z_paper_groth16,2026-07-28T12:47:21.538019+00:00,measured,2,14,2,nullifier_correctness_poseidon,monolithic,,,none,1,nullifier_correctness_poseidon,nullifier_correctness,groth16,0.03274481599964929,0.3449559919999956,0.2890823210000235,0.6667831289996684,804,164,True,,ok,
20260728T123050Z_paper_groth16,2026-07-28T12:47:22.118098+00:00,measured,2,14,3,local_validity_and_operating_limit_32,monolithic,valid_limit_b32,baseline,shared_witness,1,local_validity_and_operating_limit_32,local_validity_and_operating_limit,groth16,0.02091574500036586,0.29661216299973603,0.261940893999963,0.5794688020000649,803,16,True,,ok,
20260728T123050Z_paper_groth16,2026-07-28T12:47:22.678645+00:00,measured,2,14,4,local_financial_validity_16,monolithic,,,none,1,local_financial_validity_16,local_financial_validity,groth16,0.02025121599990598,0.2784985630000847,0.26119231999973636,0.559942098999727,801,3,True,,ok,
20260728T123050Z_paper_groth16,2026-07-28T12:47:24.366244+00:00,measured,2,14,5,separate_account_core_16,separate,account_core_b16,baseline,unbound,1,local_financial_validity_16,local_financial_validity,groth16,0.02025993000006565,0.296479096999974,0.24611080500017124,0.5628498320002109,801,3,True,,ok,
20260728T123050Z_paper_groth16,2026-07-28T12:47:24.366244+00:00,measured,2,14,5,separate_account_core_16,separate,account_core_b16,baseline,unbound,2,state_transition_and_conservation_16,state_transition_and_conservation,groth16,0.01959245199986981,0.2702613820001716,0.2719475109997802,0.5618013449998216,805,3,True,,ok,
20260728T123050Z_paper_groth16,2026-07-28T12:47:24.366244+00:00,measured,2,14,5,separate_account_core_16,separate,account_core_b16,baseline,unbound,3,operating_limit_16,operating_limit,groth16,0.01769620200002464,0.2788723809999283,0.2647737750003216,0.5613423580002745,805,12,True,,ok,
20260728T123050Z_paper_groth16,2026-07-28T12:47:24.934817+00:00,measured,2,14,6,privacy_budget_64,monolithic,,,none,1,privacy_budget_64,privacy_budget,groth16,0.020995935999962967,0.2938158389997625,0.2531205999998747,0.5679323749996001,805,26,True,,ok,
20260728T123050Z_paper_groth16,2026-07-28T12:47:25.492128+00:00,measured,2,14,7,account_policy_core_32,monolithic,account_core_b32,baseline,shared_witness,1,account_policy_core_32,account_policy_core,groth16,0.020933467999839195,0.283699880000313,0.25203982999983054,0.5566731779999827,804,16,True,,ok,
20260728T123050Z_paper_groth16,2026-07-28T12:47:27.778088+00:00,measured,2,14,8,separate_account_budget_64,separate,account_budget_b64,baseline,unbound,1,local_financial_validity_64,local_financial_validity,groth16,0.021323141000266332,0.2934674809998796,0.25186395499986247,0.5666545770000084,805,3,True,,ok,
20260728T123050Z_paper_groth16,2026-07-28T12:47:27.778088+00:00,measured,2,14,8,separate_account_budget_64,separate,account_budget_b64,baseline,unbound,2,state_transition_and_conservation_64,state_transition_and_conservation,groth16,0.019312627999624965,0.29665766300013274,0.2568768590003856,0.5728471500001433,806,3,True,,ok,
20260728T123050Z_paper_groth16,2026-07-28T12:47:27.778088+00:00,measured,2,14,8,separate_account_budget_64,separate,account_budget_b64,baseline,unbound,3,operating_limit_64,operating_limit,groth16,0.02069872799984296,0.28913400999999794,0.25592761600000813,0.565760353999849,804,26,True,,ok,
20260728T123050Z_paper_groth16,2026-07-28T12:47:27.778088+00:00,measured,2,14,8,separate_account_budget_64,separate,account_budget_b64,baseline,unbound,4,privacy_budget_64,privacy_budget,groth16,0.019269511000402417,0.3049424139999246,0.2543586280003183,0.5785705530006453,805,26,True,,ok,
20260728T123050Z_paper_groth16,2026-07-28T12:47:28.914191+00:00,measured,2,14,9,separate_valid_limit_64,separate,valid_limit_b64,baseline,unbound,1,local_financial_validity_64,local_financial_validity,groth16,0.022296711000308278,0.2919369569999617,0.2533067139997911,0.5675403820000611,807,3,True,,ok,
20260728T123050Z_paper_groth16,2026-07-28T12:47:28.914191+00:00,measured,2,14,9,separate_valid_limit_64,separate,valid_limit_b64,baseline,unbound,2,operating_limit_64,operating_limit,groth16,0.019315112000185763,0.2982535189998998,0.2498261639998418,0.5673947949999274,806,26,True,,ok,
20260728T123050Z_paper_groth16,2026-07-28T12:47:29.551778+00:00,measured,2,14,10,linked_valid_limit_monolithic_32,monolithic,valid_limit_b32,commitment_linked,tx_tag,1,linked_valid_limit_monolithic_32,local_validity_and_operating_limit,groth16,0.0384538190000967,0.342282336000153,0.2559965220002596,0.6367326770005093,806,98,True,True,ok,
20260728T123050Z_paper_groth16,2026-07-28T12:47:30.132303+00:00,measured,2,14,11,account_policy_with_privacy_budget_16,monolithic,account_budget_b16,baseline,shared_witness,1,account_policy_with_privacy_budget_16,account_policy_with_privacy_budget,groth16,0.020838234000166267,0.3044993369999247,0.25458257399986906,0.57992014499996,806,21,True,,ok,
20260728T123050Z_paper_groth16,2026-07-28T12:47:30.713365+00:00,measured,2,14,12,state_transition_and_conservation_64,monolithic,,,none,1,state_transition_and_conservation_64,state_transition_and_conservation,groth16,0.022687792999931844,0.3060051340003156,0.25161080399993807,0.5803037310001855,803,3,True,,ok,
20260728T123050Z_paper_groth16,2026-07-28T12:47:31.495484+00:00,measured,2,14,13,token_policy_bundle_32_depth_8,monolithic,token_bundle_b32_d8,baseline,shared_witness,1,token_policy_bundle_32_depth_8,token_policy_bundle,groth16,0.04606333299989274,0.47129747300004965,0.26410777800037977,0.7814685840003222,801,261,True,,ok,
20260728T123050Z_paper_groth16,2026-07-28T12:47:32.377419+00:00,measured,2,14,14,linked_token_bundle_monolithic_32_depth_16,monolithic,token_bundle_b32_d16,commitment_linked,tx_tag,1,linked_token_bundle_monolithic_32_depth_16,token_policy_bundle,groth16,0.06279893000009906,0.5675150199999734,0.24895093200029805,0.8792648820003706,806,342,True,True,ok,
20260728T123050Z_paper_groth16,2026-07-28T12:47:32.939641+00:00,measured,2,14,15,operating_limit_32,monolithic,,,none,1,operating_limit_32,operating_limit,groth16,0.02041104299996732,0.29561244099977557,0.24561957099967913,0.561643054999422,803,16,True,,ok,
20260728T123050Z_paper_groth16,2026-07-28T12:47:33.527172+00:00,measured,2,14,16,local_validity_and_operating_limit_16,monolithic,valid_limit_b16,baseline,shared_witness,1,local_validity_and_operating_limit_16,local_validity_and_operating_limit,groth16,0.019660729000406718,0.3221067600002243,0.2451523400000042,0.5869198290006352,803,12,True,,ok,
20260728T123050Z_paper_groth16,2026-07-28T12:47:34.809751+00:00,measured,2,14,17,linked_separate_valid_limit_32,separate,valid_limit_b32,commitment_linked,tx_tag,1,linked_valid_limit_validity_32,linked_valid_limit_component,groth16,0.038658613999814406,0.3437144120002813,0.2662747939998553,0.648647819999951,805,98,True,True,ok,
20260728T123050Z_paper_groth16,2026-07-28T12:47:34.809751+00:00,measured,2,14,17,linked_separate_valid_limit_32,separate,valid_limit_b32,commitment_linked,tx_tag,2,linked_valid_limit_limit_32,linked_valid_limit_component,groth16,0.039774483000201144,0.3248502669998743,0.26785798499986413,0.6324827349999396,806,98,True,True,ok,
20260728T123050Z_paper_groth16,2026-07-28T12:47:35.811030+00:00,measured,2,14,18,token_policy_bundle_32_depth_32,monolithic,token_bundle_b32_d32,baseline,shared_witness,1,token_policy_bundle_32_depth_32,token_policy_bundle,groth16,0.051854470999842306,0.6819132140003603,0.25887617899979887,0.9926438640000015,805,261,True,,ok,
20260728T123050Z_paper_groth16,2026-07-28T12:47:37.632933+00:00,measured,2,14,19,separate_account_core_64,separate,account_core_b64,baseline,unbound,1,local_financial_validity_64,local_financial_validity,groth16,0.02102495799999815,0.3136673500002871,0.2674553070000911,0.6021476150003764,805,3,True,,ok,
20260728T123050Z_paper_groth16,2026-07-28T12:47:37.632933+00:00,measured,2,14,19,separate_account_core_64,separate,account_core_b64,baseline,unbound,2,state_transition_and_conservation_64,state_transition_and_conservation,groth16,0.018928261999917595,0.290261553000164,0.29299763500011977,0.6021874500002014,804,3,True,,ok,
20260728T123050Z_paper_groth16,2026-07-28T12:47:37.632933+00:00,measured,2,14,19,separate_account_core_64,separate,account_core_b64,baseline,unbound,3,operating_limit_64,operating_limit,groth16,0.022042810000129975,0.3327126849999331,0.26115528300033475,0.6159107780003978,804,26,True,,ok,
20260728T123050Z_paper_groth16,2026-07-28T12:47:40.324319+00:00,measured,2,14,20,separate_token_bundle_32_depth_16,separate,token_bundle_b32_d16,baseline,unbound,1,merkle_membership_depth_16,merkle_membership,groth16,0.039267952000045625,0.5642032979999385,0.25870838299988463,0.8621796329998688,808,84,True,,ok,
20260728T123050Z_paper_groth16,2026-07-28T12:47:40.324319+00:00,measured,2,14,20,separate_token_bundle_32_depth_16,separate,token_bundle_b32_d16,baseline,unbound,2,nullifier_correctness_poseidon,nullifier_correctness,groth16,0.0316432720001103,0.3228812430002108,0.2605852740002774,0.6151097890005985,806,164,True,,ok,
20260728T123050Z_paper_groth16,2026-07-28T12:47:40.324319+00:00,measured,2,14,20,separate_token_bundle_32_depth_16,separate,token_bundle_b32_d16,baseline,unbound,3,local_financial_validity_32,local_financial_validity,groth16,0.018649540999831515,0.2856041469999582,0.2570277849999911,0.5612814729997808,803,3,True,,ok,
20260728T123050Z_paper_groth16,2026-07-28T12:47:40.324319+00:00,measured,2,14,20,separate_token_bundle_32_depth_16,separate,token_bundle_b32_d16,baseline,unbound,4,privacy_budget_32,privacy_budget,groth16,0.01809415199977593,0.3440413019998232,0.2882687079995776,0.6504041619991767,802,16,True,,ok,
20260728T123050Z_paper_groth16,2026-07-28T12:47:41.311718+00:00,measured,2,14,21,merkle_membership_depth_32,monolithic,,,none,1,merkle_membership_depth_32,merkle_membership,groth16,0.04073140799982866,0.6892811880002228,0.2566895950003527,0.9867021910004041,805,84,True,,ok,
20260728T123050Z_paper_groth16,2026-07-28T12:47:41.864323+00:00,measured,2,14,22,operating_limit_16,monolithic,,,none,1,operating_limit_16,operating_limit,groth16,0.019476717000088684,0.27906018400017274,0.2534587059999467,0.5519956070002081,804,12,True,,ok,
20260728T123050Z_paper_groth16,2026-07-28T12:47:42.566547+00:00,measured,2,14,23,merkle_membership_depth_8,monolithic,,,none,1,merkle_membership_depth_8,merkle_membership,groth16,0.038391331999719114,0.4156043950001731,0.24760852800000066,0.7016042549998929,803,84,True,,ok,
20260728T123050Z_paper_groth16,2026-07-28T12:47:43.239735+00:00,measured,2,14,24,linked_account_budget_monolithic_32,monolithic,account_budget_b32,commitment_linked,tx_tag,1,linked_account_budget_monolithic_32,account_policy_with_privacy_budget,groth16,0.059182116000101814,0.35257346799971856,0.2604164710000987,0.672172054999919,803,111,True,True,ok,
20260728T123050Z_paper_groth16,2026-07-28T12:47:43.816124+00:00,measured,2,14,25,account_policy_core_16,monolithic,account_core_b16,baseline,shared_witness,1,account_policy_core_16,account_policy_core,groth16,0.02309481100019184,0.2904367600003752,0.2622813889997815,0.5758129600003485,806,12,True,,ok,
20260728T123050Z_paper_groth16,2026-07-28T12:47:46.334627+00:00,measured,2,14,26,separate_token_bundle_32_depth_8,separate,token_bundle_b32_d8,baseline,unbound,1,merkle_membership_depth_8,merkle_membership,groth16,0.03872077599999102,0.4297015760002978,0.27496051599973725,0.7433828680000261,807,84,True,,ok,
20260728T123050Z_paper_groth16,2026-07-28T12:47:46.334627+00:00,measured,2,14,26,separate_token_bundle_32_depth_8,separate,token_bundle_b32_d8,baseline,unbound,2,nullifier_correctness_poseidon,nullifier_correctness,groth16,0.03578365300018049,0.33838126000000557,0.2534710040004029,0.627635917000589,804,164,True,,ok,
20260728T123050Z_paper_groth16,2026-07-28T12:47:46.334627+00:00,measured,2,14,26,separate_token_bundle_32_depth_8,separate,token_bundle_b32_d8,baseline,unbound,3,local_financial_validity_32,local_financial_validity,groth16,0.01878493099957268,0.29559014300002673,0.2585336299998744,0.5729087039994738,805,3,True,,ok,
20260728T123050Z_paper_groth16,2026-07-28T12:47:46.334627+00:00,measured,2,14,26,separate_token_bundle_32_depth_8,separate,token_bundle_b32_d8,baseline,unbound,4,privacy_budget_32,privacy_budget,groth16,0.021510185999886744,0.2950666399997317,0.255603923000308,0.5721807489999264,803,16,True,,ok,
20260728T123050Z_paper_groth16,2026-07-28T12:47:49.108655+00:00,measured,2,14,27,separate_token_bundle_32_depth_32,separate,token_bundle_b32_d32,baseline,unbound,1,merkle_membership_depth_32,merkle_membership,groth16,0.042004688999895734,0.7094670729998143,0.25764169900003253,1.0091134609997425,807,84,True,,ok,
20260728T123050Z_paper_groth16,2026-07-28T12:47:49.108655+00:00,measured,2,14,27,separate_token_bundle_32_depth_32,separate,token_bundle_b32_d32,baseline,unbound,2,nullifier_correctness_poseidon,nullifier_correctness,groth16,0.0332516339999529,0.3284392319997096,0.2607787309998457,0.6224695969995082,807,164,True,,ok,
20260728T123050Z_paper_groth16,2026-07-28T12:47:49.108655+00:00,measured,2,14,27,separate_token_bundle_32_depth_32,separate,token_bundle_b32_d32,baseline,unbound,3,local_financial_validity_32,local_financial_validity,groth16,0.019318452999868896,0.28528910900013216,0.2570548879998569,0.5616624499998579,806,3,True,,ok,
20260728T123050Z_paper_groth16,2026-07-28T12:47:49.108655+00:00,measured,2,14,27,separate_token_bundle_32_depth_32,separate,token_bundle_b32_d32,baseline,unbound,4,privacy_budget_32,privacy_budget,groth16,0.01914672500015513,0.30387421800014636,0.25553880099960224,0.5785597439999037,807,16,True,,ok,
20260728T123050Z_paper_groth16,2026-07-28T12:47:50.268998+00:00,measured,2,14,28,separate_valid_limit_16,separate,valid_limit_b16,baseline,unbound,1,local_financial_validity_16,local_financial_validity,groth16,0.022024810999937472,0.2924412269999266,0.27170747899981507,0.5861735169996791,806,3,True,,ok,
20260728T123050Z_paper_groth16,2026-07-28T12:47:50.268998+00:00,measured,2,14,28,separate_valid_limit_16,separate,valid_limit_b16,baseline,unbound,2,operating_limit_16,operating_limit,groth16,0.01900273199998992,0.28928072400003657,0.26462201000003915,0.5729054660000656,805,12,True,,ok,
20260728T123050Z_paper_groth16,2026-07-28T12:47:50.882575+00:00,measured,2,14,29,privacy_budget_16,monolithic,,,none,1,privacy_budget_16,privacy_budget,groth16,0.02033098899983088,0.305393813000137,0.28712888699965333,0.6128536889996212,806,11,True,,ok,
20260728T123050Z_paper_groth16,2026-07-28T12:47:51.753690+00:00,measured,2,14,30,token_policy_bundle_32_depth_16,monolithic,token_bundle_b32_d16,baseline,shared_witness,1,token_policy_bundle_32_depth_16,token_policy_bundle,groth16,0.04454963199987105,0.5621326220002629,0.26379015000020445,0.8704724040003384,803,260,True,,ok,
20260728T123050Z_paper_groth16,2026-07-28T12:47:54.508037+00:00,measured,2,14,31,linked_separate_account_budget_32,separate,account_budget_b32,commitment_linked,tx_tag,1,linked_account_budget_validity_32,linked_account_budget_component,groth16,0.05882465000013326,0.3616000960000747,0.288195583000288,0.708620329000496,806,111,True,True,ok,
20260728T123050Z_paper_groth16,2026-07-28T12:47:54.508037+00:00,measured,2,14,31,linked_separate_account_budget_32,separate,account_budget_b32,commitment_linked,tx_tag,2,linked_account_budget_transition_32,linked_account_budget_component,groth16,0.05873448200009079,0.37962281299996903,0.24914625699966564,0.6875035519997255,806,111,True,True,ok,
20260728T123050Z_paper_groth16,2026-07-28T12:47:54.508037+00:00,measured,2,14,31,linked_separate_account_budget_32,separate,account_budget_b32,commitment_linked,tx_tag,3,linked_account_budget_limit_32,linked_account_budget_component,groth16,0.06047828800001298,0.36709723299964026,0.2622738899999604,0.6898494109996136,803,111,True,True,ok,
20260728T123050Z_paper_groth16,2026-07-28T12:47:54.508037+00:00,measured,2,14,31,linked_separate_account_budget_32,separate,account_budget_b32,commitment_linked,tx_tag,4,linked_account_budget_budget_32,linked_account_budget_component,groth16,0.05745388400009688,0.34587762599994676,0.2619909780000853,0.6653224880001289,807,111,True,True,ok,
20260728T123050Z_paper_groth16,2026-07-28T12:47:55.091971+00:00,measured,2,14,32,local_validity_and_operating_limit_64,monolithic,valid_limit_b64,baseline,shared_witness,1,local_validity_and_operating_limit_64,local_validity_and_operating_limit,groth16,0.020311381999817968,0.30254074300000866,0.2604612630002521,0.5833133880000787,805,26,True,,ok,
20260728T123050Z_paper_groth16,2026-07-28T12:47:55.711921+00:00,measured,2,14,33,account_policy_core_64,monolithic,account_core_b64,baseline,shared_witness,1,account_policy_core_64,account_policy_core,groth16,0.020677893000083714,0.3360886710001978,0.26246235100006743,0.6192289150003489,804,26,True,,ok,
20260728T123050Z_paper_groth16,2026-07-28T12:47:57.415931+00:00,measured,2,14,34,separate_account_core_32,separate,account_core_b32,baseline,unbound,1,local_financial_validity_32,local_financial_validity,groth16,0.02179505899994183,0.27719006200004515,0.254738123000152,0.553723244000139,803,3,True,,ok,
20260728T123050Z_paper_groth16,2026-07-28T12:47:57.415931+00:00,measured,2,14,34,separate_account_core_32,separate,account_core_b32,baseline,unbound,2,state_transition_and_conservation_32,state_transition_and_conservation,groth16,0.01945734299988544,0.3018408959997032,0.253917988000012,0.5752162269996006,804,3,True,,ok,
20260728T123050Z_paper_groth16,2026-07-28T12:47:57.415931+00:00,measured,2,14,34,separate_account_core_32,separate,account_core_b32,baseline,unbound,3,operating_limit_32,operating_limit,groth16,0.01882522300002165,0.299004063999746,0.25564138800018554,0.5734706749999532,804,16,True,,ok,
20260728T123050Z_paper_groth16,2026-07-28T12:47:59.769979+00:00,measured,2,14,35,separate_account_budget_32,separate,account_budget_b32,baseline,unbound,1,local_financial_validity_32,local_financial_validity,groth16,0.022712904999934835,0.2987285599997449,0.2710512019998532,0.592492666999533,808,3,True,,ok,
20260728T123050Z_paper_groth16,2026-07-28T12:47:59.769979+00:00,measured,2,14,35,separate_account_budget_32,separate,account_budget_b32,baseline,unbound,2,state_transition_and_conservation_32,state_transition_and_conservation,groth16,0.019951289999880828,0.3108563709997725,0.25259932300014043,0.5834069839997937,806,3,True,,ok,
20260728T123050Z_paper_groth16,2026-07-28T12:47:59.769979+00:00,measured,2,14,35,separate_account_budget_32,separate,account_budget_b32,baseline,unbound,3,operating_limit_32,operating_limit,groth16,0.018769346999761183,0.28967291400022077,0.27645186899962937,0.5848941299996113,804,16,True,,ok,
20260728T123050Z_paper_groth16,2026-07-28T12:47:59.769979+00:00,measured,2,14,35,separate_account_budget_32,separate,account_budget_b32,baseline,unbound,4,privacy_budget_32,privacy_budget,groth16,0.019152818000293337,0.3035851179997735,0.2680177449997245,0.5907556809997914,803,16,True,,ok,
20260728T123050Z_paper_groth16,2026-07-28T12:48:00.375056+00:00,measured,2,14,36,privacy_budget_32,monolithic,,,none,1,privacy_budget_32,privacy_budget,groth16,0.022410938999655627,0.32234964400004174,0.2596626969998397,0.604423279999537,807,16,True,,ok,
20260728T123050Z_paper_groth16,2026-07-28T12:48:03.256592+00:00,measured,2,14,37,linked_separate_token_bundle_32_depth_16,separate,token_bundle_b32_d16,commitment_linked,tx_tag,1,linked_token_bundle_membership_32_depth_16,linked_token_bundle_component,groth16,0.0619796360001601,0.5600261319996207,0.26037050900004033,0.8823762769998211,803,342,True,True,ok,
20260728T123050Z_paper_groth16,2026-07-28T12:48:03.256592+00:00,measured,2,14,37,linked_separate_token_bundle_32_depth_16,separate,token_bundle_b32_d16,commitment_linked,tx_tag,2,linked_token_bundle_nullifier_32_depth_16,linked_token_bundle_component,groth16,0.060647453000001406,0.34993483899961575,0.2579187930000444,0.6685010849996615,807,342,True,True,ok,
20260728T123050Z_paper_groth16,2026-07-28T12:48:03.256592+00:00,measured,2,14,37,linked_separate_token_bundle_32_depth_16,separate,token_bundle_b32_d16,commitment_linked,tx_tag,3,linked_token_bundle_validity_32_depth_16,linked_token_bundle_component,groth16,0.05772224899965295,0.35169146099997306,0.25603570000021136,0.6654494099998374,806,342,True,True,ok,
20260728T123050Z_paper_groth16,2026-07-28T12:48:03.256592+00:00,measured,2,14,37,linked_separate_token_bundle_32_depth_16,separate,token_bundle_b32_d16,commitment_linked,tx_tag,4,linked_token_bundle_budget_32_depth_16,linked_token_bundle_component,groth16,0.05656682000017099,0.3405527700001585,0.2635488140003872,0.6606684040007167,805,342,True,True,ok,
20260728T123050Z_paper_groth16,2026-07-28T12:48:03.856274+00:00,measured,2,14,38,operating_limit_64,monolithic,,,none,1,operating_limit_64,operating_limit,groth16,0.020273294000162423,0.32170225600020785,0.25708964300019943,0.5990651930005697,806,26,True,,ok,
20260728T123050Z_paper_groth16,2026-07-28T12:48:04.418584+00:00,measured,2,14,39,state_transition_and_conservation_32,monolithic,,,none,1,state_transition_and_conservation_32,state_transition_and_conservation,groth16,0.02106482599992887,0.29332793999992646,0.2473146430002089,0.5617074090000642,808,3,True,,ok,
20260728T123050Z_paper_groth16,2026-07-28T12:48:04.995316+00:00,measured,2,14,40,local_financial_validity_64,monolithic,,,none,1,local_financial_validity_64,local_financial_validity,groth16,0.021277990999806207,0.29976774700026,0.25505856700010554,0.5761043050001717,802,3,True,,ok,
20260728T123050Z_paper_groth16,2026-07-28T12:48:05.592290+00:00,measured,2,14,41,account_policy_with_privacy_budget_32,monolithic,account_budget_b32,baseline,shared_witness,1,account_policy_with_privacy_budget_32,account_policy_with_privacy_budget,groth16,0.020271402999696875,0.30988315000013245,0.2660646959998303,0.5962192489996596,803,30,True,,ok,
20260728T123050Z_paper_groth16,2026-07-28T12:48:06.412836+00:00,measured,2,14,42,merkle_membership_depth_16,monolithic,,,none,1,merkle_membership_depth_16,merkle_membership,groth16,0.04016033699963373,0.5245787769999879,0.255145918999915,0.8198850329995366,805,84,True,,ok,
20260728T123050Z_paper_groth16,2026-07-28T12:48:07.534277+00:00,measured,2,14,43,separate_valid_limit_32,separate,valid_limit_b32,baseline,unbound,1,local_financial_validity_32,local_financial_validity,groth16,0.02197998000019652,0.280699015999744,0.24698894799985283,0.5496679439997934,803,3,True,,ok,
20260728T123050Z_paper_groth16,2026-07-28T12:48:07.534277+00:00,measured,2,14,43,separate_valid_limit_32,separate,valid_limit_b32,baseline,unbound,2,operating_limit_32,operating_limit,groth16,0.020249871000032726,0.29704920899985154,0.2533472730001449,0.5706463530000292,805,16,True,,ok,
20260728T123050Z_paper_groth16,2026-07-28T12:48:08.091233+00:00,measured,2,14,44,local_financial_validity_32,monolithic,,,none,1,local_financial_validity_32,local_financial_validity,groth16,0.022858713000005082,0.27630480099969645,0.25717102099997646,0.556334534999678,803,3,True,,ok,
20260728T123050Z_paper_groth16,2026-07-28T12:48:10.362417+00:00,measured,2,14,45,separate_account_budget_16,separate,account_budget_b16,baseline,unbound,1,local_financial_validity_16,local_financial_validity,groth16,0.021518447000289598,0.2813432230000217,0.25198831399984556,0.5548499840001568,805,3,True,,ok,
20260728T123050Z_paper_groth16,2026-07-28T12:48:10.362417+00:00,measured,2,14,45,separate_account_budget_16,separate,account_budget_b16,baseline,unbound,2,state_transition_and_conservation_16,state_transition_and_conservation,groth16,0.018499052000152005,0.28775605600003473,0.27519738099999813,0.5814524890001849,804,3,True,,ok,
20260728T123050Z_paper_groth16,2026-07-28T12:48:10.362417+00:00,measured,2,14,45,separate_account_budget_16,separate,account_budget_b16,baseline,unbound,3,operating_limit_16,operating_limit,groth16,0.019099398999969708,0.2810108940002465,0.25277929699996093,0.5528895900001771,807,12,True,,ok,
20260728T123050Z_paper_groth16,2026-07-28T12:48:10.362417+00:00,measured,2,14,45,separate_account_budget_16,separate,account_budget_b16,baseline,unbound,4,privacy_budget_16,privacy_budget,groth16,0.019642367999949784,0.29568972399965787,0.2645442749999347,0.5798763669995424,802,11,True,,ok,
20260728T123050Z_paper_groth16,2026-07-28T12:48:10.979450+00:00,measured,2,14,46,account_policy_with_privacy_budget_64,monolithic,account_budget_b64,baseline,shared_witness,1,account_policy_with_privacy_budget_64,account_policy_with_privacy_budget,groth16,0.023029993000363902,0.3127474689999872,0.2806048689999443,0.6163823310002954,805,50,True,,ok,
20260728T123050Z_paper_groth16,2026-07-28T12:48:13.703419+00:00,measured,2,15,1,linked_separate_account_budget_32,separate,account_budget_b32,commitment_linked,tx_tag,1,linked_account_budget_validity_32,linked_account_budget_component,groth16,0.056487303000267275,0.33953303499993126,0.2579461679997621,0.6539665059999606,800,111,True,True,ok,
20260728T123050Z_paper_groth16,2026-07-28T12:48:13.703419+00:00,measured,2,15,1,linked_separate_account_budget_32,separate,account_budget_b32,commitment_linked,tx_tag,2,linked_account_budget_transition_32,linked_account_budget_component,groth16,0.05612281300000177,0.3445422029999463,0.2690054620002229,0.669670478000171,805,111,True,True,ok,
20260728T123050Z_paper_groth16,2026-07-28T12:48:13.703419+00:00,measured,2,15,1,linked_separate_account_budget_32,separate,account_budget_b32,commitment_linked,tx_tag,3,linked_account_budget_limit_32,linked_account_budget_component,groth16,0.06456690300001355,0.37284029300008115,0.28579363100016053,0.7232008270002552,803,111,True,True,ok,
20260728T123050Z_paper_groth16,2026-07-28T12:48:13.703419+00:00,measured,2,15,1,linked_separate_account_budget_32,separate,account_budget_b32,commitment_linked,tx_tag,4,linked_account_budget_budget_32,linked_account_budget_component,groth16,0.05840176799983965,0.35051974099997096,0.2652135379998981,0.6741350469997087,806,111,True,True,ok,
20260728T123050Z_paper_groth16,2026-07-28T12:48:15.528794+00:00,measured,2,15,2,separate_account_core_64,separate,account_core_b64,baseline,unbound,1,local_financial_validity_64,local_financial_validity,groth16,0.021921635999660793,0.2950918270003058,0.27078810200009684,0.5878015650000634,807,3,True,,ok,
20260728T123050Z_paper_groth16,2026-07-28T12:48:15.528794+00:00,measured,2,15,2,separate_account_core_64,separate,account_core_b64,baseline,unbound,2,state_transition_and_conservation_64,state_transition_and_conservation,groth16,0.020816845999888756,0.3030367999999726,0.3156932020001477,0.639546848000009,805,3,True,,ok,
20260728T123050Z_paper_groth16,2026-07-28T12:48:15.528794+00:00,measured,2,15,2,separate_account_core_64,separate,account_core_b64,baseline,unbound,3,operating_limit_64,operating_limit,groth16,0.02055222099988896,0.30279220500005977,0.2729342680004265,0.5962786940003753,806,26,True,,ok,
20260728T123050Z_paper_groth16,2026-07-28T12:48:16.131629+00:00,measured,2,15,3,local_financial_validity_16,monolithic,,,none,1,local_financial_validity_16,local_financial_validity,groth16,0.02165888299987273,0.30381547399974806,0.2766992659999232,0.602173622999544,803,3,True,,ok,
20260728T123050Z_paper_groth16,2026-07-28T12:48:16.819480+00:00,measured,2,15,4,linked_valid_limit_monolithic_32,monolithic,valid_limit_b32,commitment_linked,tx_tag,1,linked_valid_limit_monolithic_32,local_validity_and_operating_limit,groth16,0.04108070200027214,0.3645008430003145,0.2812962969996988,0.6868778420002855,805,98,True,True,ok,
20260728T123050Z_paper_groth16,2026-07-28T12:48:18.087868+00:00,measured,2,15,5,linked_separate_valid_limit_32,separate,valid_limit_b32,commitment_linked,tx_tag,1,linked_valid_limit_validity_32,linked_valid_limit_component,groth16,0.03761976399982814,0.34049154299964357,0.26534729100012555,0.6434585979995973,805,98,True,True,ok,
20260728T123050Z_paper_groth16,2026-07-28T12:48:18.087868+00:00,measured,2,15,5,linked_separate_valid_limit_32,separate,valid_limit_b32,commitment_linked,tx_tag,2,linked_valid_limit_limit_32,linked_valid_limit_component,groth16,0.04001616699997612,0.32840755300003366,0.25500565899983485,0.6234293789998446,804,98,True,True,ok,
20260728T123050Z_paper_groth16,2026-07-28T12:48:19.091669+00:00,measured,2,15,6,merkle_membership_depth_32,monolithic,,,none,1,merkle_membership_depth_32,merkle_membership,groth16,0.04385094899998876,0.6989053749998675,0.2603604659998382,1.0031167899996944,805,84,True,,ok,
20260728T123050Z_paper_groth16,2026-07-28T12:48:19.667609+00:00,measured,2,15,7,account_policy_with_privacy_budget_32,monolithic,account_budget_b32,baseline,shared_witness,1,account_policy_with_privacy_budget_32,account_policy_with_privacy_budget,groth16,0.019662901999708993,0.3060772750000069,0.24955210100006298,0.5752922779997789,803,30,True,,ok,
20260728T123050Z_paper_groth16,2026-07-28T12:48:20.231810+00:00,measured,2,15,8,local_financial_validity_64,monolithic,,,none,1,local_financial_validity_64,local_financial_validity,groth16,0.021050879000085843,0.2964571940001406,0.24602575200015053,0.563533825000377,805,3,True,,ok,
20260728T123050Z_paper_groth16,2026-07-28T12:48:20.816325+00:00,measured,2,15,9,local_validity_and_operating_limit_16,monolithic,valid_limit_b16,baseline,shared_witness,1,local_validity_and_operating_limit_16,local_validity_and_operating_limit,groth16,0.019570047999877715,0.2981734850000066,0.26615881299994726,0.5839023459998316,806,12,True,,ok,
20260728T123050Z_paper_groth16,2026-07-28T12:48:21.402112+00:00,measured,2,15,10,account_policy_with_privacy_budget_64,monolithic,account_budget_b64,baseline,shared_witness,1,account_policy_with_privacy_budget_64,account_policy_with_privacy_budget,groth16,0.022290795000117214,0.3023283980000997,0.26055430899987186,0.5851735020000888,806,50,True,,ok,
20260728T123050Z_paper_groth16,2026-07-28T12:48:21.969915+00:00,measured,2,15,11,operating_limit_16,monolithic,,,none,1,operating_limit_16,operating_limit,groth16,0.019226107000122283,0.2863332080000873,0.2616402419998849,0.5671995570000945,806,12,True,,ok,
20260728T123050Z_paper_groth16,2026-07-28T12:48:22.702608+00:00,measured,2,15,12,merkle_membership_depth_8,monolithic,,,none,1,merkle_membership_depth_8,merkle_membership,groth16,0.040828775000136375,0.4303156480000325,0.2609407210002246,0.7320851440003935,804,84,True,,ok,
20260728T123050Z_paper_groth16,2026-07-28T12:48:25.218464+00:00,measured,2,15,13,separate_token_bundle_32_depth_8,separate,token_bundle_b32_d8,baseline,unbound,1,merkle_membership_depth_8,merkle_membership,groth16,0.038256739000189555,0.4256781220001358,0.25131085100019845,0.7152457120005238,803,84,True,,ok,
20260728T123050Z_paper_groth16,2026-07-28T12:48:25.218464+00:00,measured,2,15,13,separate_token_bundle_32_depth_8,separate,token_bundle_b32_d8,baseline,unbound,2,nullifier_correctness_poseidon,nullifier_correctness,groth16,0.03198087500004476,0.30740314400009083,0.2713243040002453,0.6107083230003809,805,164,True,,ok,
20260728T123050Z_paper_groth16,2026-07-28T12:48:25.218464+00:00,measured,2,15,13,separate_token_bundle_32_depth_8,separate,token_bundle_b32_d8,baseline,unbound,3,local_financial_validity_32,local_financial_validity,groth16,0.018251538000185974,0.303924502999962,0.25713246099985554,0.5793085020000035,804,3,True,,ok,
20260728T123050Z_paper_groth16,2026-07-28T12:48:25.218464+00:00,measured,2,15,13,separate_token_bundle_32_depth_8,separate,token_bundle_b32_d8,baseline,unbound,4,privacy_budget_32,privacy_budget,groth16,0.018928728999981104,0.31021090300009746,0.279173085000366,0.6083127170004445,805,16,True,,ok,
20260728T123050Z_paper_groth16,2026-07-28T12:48:26.248812+00:00,measured,2,15,14,token_policy_bundle_32_depth_32,monolithic,token_bundle_b32_d32,baseline,shared_witness,1,token_policy_bundle_32_depth_32,token_policy_bundle,groth16,0.0493187920001219,0.7146105860001626,0.26570077999986097,1.0296301580001455,803,261,True,,ok,
20260728T123050Z_paper_groth16,2026-07-28T12:48:26.823850+00:00,measured,2,15,15,state_transition_and_conservation_64,monolithic,,,none,1,state_transition_and_conservation_64,state_transition_and_conservation,groth16,0.021631774000070436,0.29528348800022286,0.257181730999946,0.5740969930002393,807,3,True,,ok,
20260728T123050Z_paper_groth16,2026-07-28T12:48:27.383325+00:00,measured,2,15,16,state_transition_and_conservation_16,monolithic,,,none,1,state_transition_and_conservation_16,state_transition_and_conservation,groth16,0.02029548500013334,0.28834568399997806,0.2502165400001104,0.5588577090002218,803,3,True,,ok,
20260728T123050Z_paper_groth16,2026-07-28T12:48:28.216007+00:00,measured,2,15,17,merkle_membership_depth_16,monolithic,,,none,1,merkle_membership_depth_16,merkle_membership,groth16,0.03934830000025613,0.5496948929999235,0.24299260199995842,0.832035795000138,806,84,True,,ok,
20260728T123050Z_paper_groth16,2026-07-28T12:48:29.042991+00:00,measured,2,15,18,token_policy_bundle_32_depth_16,monolithic,token_bundle_b32_d16,baseline,shared_witness,1,token_policy_bundle_32_depth_16,token_policy_bundle,groth16,0.04911705999984406,0.5164385370003401,0.2607570299996951,0.8263126269998793,805,260,True,,ok,
20260728T123050Z_paper_groth16,2026-07-28T12:48:30.220101+00:00,measured,2,15,19,separate_valid_limit_32,separate,valid_limit_b32,baseline,unbound,1,local_financial_validity_32,local_financial_validity,groth16,0.02006336700014799,0.29674189500019565,0.2643075669998325,0.5811128290001761,804,3,True,,ok,
20260728T123050Z_paper_groth16,2026-07-28T12:48:30.220101+00:00,measured,2,15,19,separate_valid_limit_32,separate,valid_limit_b32,baseline,unbound,2,operating_limit_32,operating_limit,groth16,0.01862627299988162,0.31719596799985084,0.25860951399999976,0.5944317549997322,803,16,True,,ok,
20260728T123050Z_paper_groth16,2026-07-28T12:48:33.027505+00:00,measured,2,15,20,separate_token_bundle_32_depth_32,separate,token_bundle_b32_d32,baseline,unbound,1,merkle_membership_depth_32,merkle_membership,groth16,0.041375373999926524,0.6795795709999766,0.2585548319998452,0.9795097769997483,804,84,True,,ok,
20260728T123050Z_paper_groth16,2026-07-28T12:48:33.027505+00:00,measured,2,15,20,separate_token_bundle_32_depth_32,separate,token_bundle_b32_d32,baseline,unbound,2,nullifier_correctness_poseidon,nullifier_correctness,groth16,0.032341196999823296,0.32683914199969877,0.26330934399993566,0.6224896829994577,807,164,True,,ok,
20260728T123050Z_paper_groth16,2026-07-28T12:48:33.027505+00:00,measured,2,15,20,separate_token_bundle_32_depth_32,separate,token_bundle_b32_d32,baseline,unbound,3,local_financial_validity_32,local_financial_validity,groth16,0.018695705000027374,0.3004518479997387,0.25445648599998094,0.573604038999747,807,3,True,,ok,
20260728T123050Z_paper_groth16,2026-07-28T12:48:33.027505+00:00,measured,2,15,20,separate_token_bundle_32_depth_32,separate,token_bundle_b32_d32,baseline,unbound,4,privacy_budget_32,privacy_budget,groth16,0.021887323000100878,0.2949700569997731,0.3123691269997835,0.6292265069996574,801,16,True,,ok,
20260728T123050Z_paper_groth16,2026-07-28T12:48:33.613825+00:00,measured,2,15,21,account_policy_core_32,monolithic,account_core_b32,baseline,shared_witness,1,account_policy_core_32,account_policy_core,groth16,0.025606964999951742,0.3044687760002489,0.2555060209997464,0.585581761999947,802,16,True,,ok,
20260728T123050Z_paper_groth16,2026-07-28T12:48:34.741348+00:00,measured,2,15,22,separate_valid_limit_16,separate,valid_limit_b16,baseline,unbound,1,local_financial_validity_16,local_financial_validity,groth16,0.021610565000173665,0.3012463680001929,0.25396174000024985,0.5768186730006164,804,3,True,,ok,
20260728T123050Z_paper_groth16,2026-07-28T12:48:34.741348+00:00,measured,2,15,22,separate_valid_limit_16,separate,valid_limit_b16,baseline,unbound,2,operating_limit_16,operating_limit,groth16,0.0188020770001458,0.2822778169997946,0.24846138200018686,0.5495412760001273,805,12,True,,ok,
20260728T123050Z_paper_groth16,2026-07-28T12:48:37.329858+00:00,measured,2,15,23,separate_token_bundle_32_depth_16,separate,token_bundle_b32_d16,baseline,unbound,1,merkle_membership_depth_16,merkle_membership,groth16,0.03902262899964626,0.5396716650002418,0.25133939699981056,0.8300336909996986,807,84,True,,ok,
20260728T123050Z_paper_groth16,2026-07-28T12:48:37.329858+00:00,measured,2,15,23,separate_token_bundle_32_depth_16,separate,token_bundle_b32_d16,baseline,unbound,2,nullifier_correctness_poseidon,nullifier_correctness,groth16,0.029783551000036823,0.31462346199987223,0.2653929840003002,0.6097999970002093,805,164,True,,ok,
20260728T123050Z_paper_groth16,2026-07-28T12:48:37.329858+00:00,measured,2,15,23,separate_token_bundle_32_depth_16,separate,token_bundle_b32_d16,baseline,unbound,3,local_financial_validity_32,local_financial_validity,groth16,0.022782423999615276,0.28934937599979094,0.26729615100020965,0.5794279509996159,804,3,True,,ok,
20260728T123050Z_paper_groth16,2026-07-28T12:48:37.329858+00:00,measured,2,15,23,separate_token_bundle_32_depth_16,separate,token_bundle_b32_d16,baseline,unbound,4,privacy_budget_32,privacy_budget,groth16,0.019505848999870068,0.28840596700001697,0.259102668000196,0.567014484000083,806,16,True,,ok,
20260728T123050Z_paper_groth16,2026-07-28T12:48:39.020166+00:00,measured,2,15,24,separate_account_core_16,separate,account_core_b16,baseline,unbound,1,local_financial_validity_16,local_financial_validity,groth16,0.020271470999887242,0.27876328700040176,0.25523568100015837,0.5542704390004474,805,3,True,,ok,
20260728T123050Z_paper_groth16,2026-07-28T12:48:39.020166+00:00,measured,2,15,24,separate_account_core_16,separate,account_core_b16,baseline,unbound,2,state_transition_and_conservation_16,state_transition_and_conservation,groth16,0.017990234000080818,0.2830273260001377,0.27078524200032916,0.5718028020005477,808,3,True,,ok,
20260728T123050Z_paper_groth16,2026-07-28T12:48:39.020166+00:00,measured,2,15,24,separate_account_core_16,separate,account_core_b16,baseline,unbound,3,operating_limit_16,operating_limit,groth16,0.0216594339999574,0.2869752880001215,0.25375278899991827,0.5623875109999972,808,12,True,,ok,
20260728T123050Z_paper_groth16,2026-07-28T12:48:39.934206+00:00,measured,2,15,25,linked_token_bundle_monolithic_32_depth_16,monolithic,token_bundle_b32_d16,commitment_linked,tx_tag,1,linked_token_bundle_monolithic_32_depth_16,token_policy_bundle,groth16,0.061703614000180096,0.6033760239997719,0.24653668800010564,0.9116163260000576,805,342,True,True,ok,
20260728T123050Z_paper_groth16,2026-07-28T12:48:42.283844+00:00,measured,2,15,26,separate_account_budget_16,separate,account_budget_b16,baseline,unbound,1,local_financial_validity_16,local_financial_validity,groth16,0.019087298000158626,0.29868436700007805,0.2574795529999392,0.5752512180001759,808,3,True,,ok,
20260728T123050Z_paper_groth16,2026-07-28T12:48:42.283844+00:00,measured,2,15,26,separate_account_budget_16,separate,account_budget_b16,baseline,unbound,2,state_transition_and_conservation_16,state_transition_and_conservation,groth16,0.019147193000208063,0.2831001889999243,0.25482472700014114,0.5570721090002735,805,3,True,,ok,
20260728T123050Z_paper_groth16,2026-07-28T12:48:42.283844+00:00,measured,2,15,26,separate_account_budget_16,separate,account_budget_b16,baseline,unbound,3,operating_limit_16,operating_limit,groth16,0.01716074399973877,0.2761499100001856,0.28755902299963054,0.5808696769995549,806,12,True,,ok,
20260728T123050Z_paper_groth16,2026-07-28T12:48:42.283844+00:00,measured,2,15,26,separate_account_budget_16,separate,account_budget_b16,baseline,unbound,4,privacy_budget_16,privacy_budget,groth16,0.024084891000256903,0.31227676100024837,0.2977966869998454,0.6341583390003507,805,11,True,,ok,
20260728T123050Z_paper_groth16,2026-07-28T12:48:42.888165+00:00,measured,2,15,27,account_policy_with_privacy_budget_16,monolithic,account_budget_b16,baseline,shared_witness,1,account_policy_with_privacy_budget_16,account_policy_with_privacy_budget,groth16,0.020687304000148288,0.3148630700002286,0.26811219300043376,0.6036625670008107,804,21,True,,ok,
20260728T123050Z_paper_groth16,2026-07-28T12:48:43.485804+00:00,measured,2,15,28,local_validity_and_operating_limit_64,monolithic,valid_limit_b64,baseline,shared_witness,1,local_validity_and_operating_limit_64,local_validity_and_operating_limit,groth16,0.020781247999821062,0.31413620700004685,0.26209327300011864,0.5970107279999866,805,26,True,,ok,
20260728T123050Z_paper_groth16,2026-07-28T12:48:44.680957+00:00,measured,2,15,29,separate_valid_limit_64,separate,valid_limit_b64,baseline,unbound,1,local_financial_validity_64,local_financial_validity,groth16,0.022317343999930017,0.2925493620000452,0.2577026809999552,0.5725693869999304,801,3,True,,ok,
20260728T123050Z_paper_groth16,2026-07-28T12:48:44.680957+00:00,measured,2,15,29,separate_valid_limit_64,separate,valid_limit_b64,baseline,unbound,2,operating_limit_64,operating_limit,groth16,0.01962508299993715,0.3373173170002701,0.26450561199999356,0.6214480120002008,806,26,True,,ok,
20260728T123050Z_paper_groth16,2026-07-28T12:48:45.258507+00:00,measured,2,15,30,local_validity_and_operating_limit_32,monolithic,valid_limit_b32,baseline,shared_witness,1,local_validity_and_operating_limit_32,local_validity_and_operating_limit,groth16,0.020274417999644356,0.30268035000017335,0.2539351909999823,0.5768899589998,803,16,True,,ok,
20260728T123050Z_paper_groth16,2026-07-28T12:48:45.825980+00:00,measured,2,15,31,privacy_budget_32,monolithic,,,none,1,privacy_budget_32,privacy_budget,groth16,0.019791386000179045,0.2964950069999759,0.25058743399995365,0.5668738270001086,805,16,True,,ok,
20260728T123050Z_paper_groth16,2026-07-28T12:48:46.369318+00:00,measured,2,15,32,state_transition_and_conservation_32,monolithic,,,none,1,state_transition_and_conservation_32,state_transition_and_conservation,groth16,0.01943533799976649,0.2839404579999609,0.23932050300027186,0.5426962989999993,803,3,True,,ok,
20260728T123050Z_paper_groth16,2026-07-28T12:48:47.105408+00:00,measured,2,15,33,token_policy_bundle_32_depth_8,monolithic,token_bundle_b32_d8,baseline,shared_witness,1,token_policy_bundle_32_depth_8,token_policy_bundle,groth16,0.042718406000403775,0.44080834800024604,0.2519514400000844,0.7354781940007342,805,261,True,,ok,
20260728T123050Z_paper_groth16,2026-07-28T12:48:47.652229+00:00,measured,2,15,34,operating_limit_64,monolithic,,,none,1,operating_limit_64,operating_limit,groth16,0.019784918000368634,0.28731748600011997,0.23912114599988854,0.5462235500003771,804,26,True,,ok,
20260728T123050Z_paper_groth16,2026-07-28T12:48:48.237320+00:00,measured,2,15,35,nullifier_correctness_poseidon,monolithic,,,none,1,nullifier_correctness_poseidon,nullifier_correctness,groth16,0.032173960999898554,0.3065873529999408,0.24569419900035427,0.5844555130001936,803,164,True,,ok,
20260728T123050Z_paper_groth16,2026-07-28T12:48:48.902880+00:00,measured,2,15,36,linked_account_budget_monolithic_32,monolithic,account_budget_b32,commitment_linked,tx_tag,1,linked_account_budget_monolithic_32,account_policy_with_privacy_budget,groth16,0.060725290999926074,0.34856747200001337,0.2553739290001431,0.6646666920000825,806,111,True,True,ok,
20260728T123050Z_paper_groth16,2026-07-28T12:48:51.725933+00:00,measured,2,15,37,linked_separate_token_bundle_32_depth_16,separate,token_bundle_b32_d16,commitment_linked,tx_tag,1,linked_token_bundle_membership_32_depth_16,linked_token_bundle_component,groth16,0.05806617700000061,0.5462163389997841,0.2670150970002396,0.8712976130000243,805,342,True,True,ok,
20260728T123050Z_paper_groth16,2026-07-28T12:48:51.725933+00:00,measured,2,15,37,linked_separate_token_bundle_32_depth_16,separate,token_bundle_b32_d16,commitment_linked,tx_tag,2,linked_token_bundle_nullifier_32_depth_16,linked_token_bundle_component,groth16,0.055518087999644194,0.34225988899970616,0.2522171199998411,0.6499950969991914,803,342,True,True,ok,
20260728T123050Z_paper_groth16,2026-07-28T12:48:51.725933+00:00,measured,2,15,37,linked_separate_token_bundle_32_depth_16,separate,token_bundle_b32_d16,commitment_linked,tx_tag,3,linked_token_bundle_validity_32_depth_16,linked_token_bundle_component,groth16,0.05666443600011917,0.3432553200000257,0.2565123859999403,0.6564321420000852,806,342,True,True,ok,
20260728T123050Z_paper_groth16,2026-07-28T12:48:51.725933+00:00,measured,2,15,37,linked_separate_token_bundle_32_depth_16,separate,token_bundle_b32_d16,commitment_linked,tx_tag,4,linked_token_bundle_budget_32_depth_16,linked_token_bundle_component,groth16,0.05564309900000808,0.32577128599996286,0.2594455260000359,0.6408599110000068,807,342,True,True,ok,
20260728T123050Z_paper_groth16,2026-07-28T12:48:52.292019+00:00,measured,2,15,38,privacy_budget_16,monolithic,,,none,1,privacy_budget_16,privacy_budget,groth16,0.019071972999881837,0.28990198200017403,0.2565011870001399,0.5654751420001958,804,11,True,,ok,
20260728T123050Z_paper_groth16,2026-07-28T12:48:52.889097+00:00,measured,2,15,39,account_policy_core_64,monolithic,account_core_b64,baseline,shared_witness,1,account_policy_core_64,account_policy_core,groth16,0.021175050000238116,0.3060160979998727,0.26928915999997116,0.596480308000082,805,26,True,,ok,
20260728T123050Z_paper_groth16,2026-07-28T12:48:53.467517+00:00,measured,2,15,40,operating_limit_32,monolithic,,,none,1,operating_limit_32,operating_limit,groth16,0.01923244199997498,0.3079080789998443,0.25065279399996143,0.5777933149997807,804,16,True,,ok,
20260728T123050Z_paper_groth16,2026-07-28T12:48:55.752960+00:00,measured,2,15,41,separate_account_budget_32,separate,account_budget_b32,baseline,unbound,1,local_financial_validity_32,local_financial_validity,groth16,0.01954685900000186,0.27775564300009137,0.24712145800003782,0.544423960000131,805,3,True,,ok,
20260728T123050Z_paper_groth16,2026-07-28T12:48:55.752960+00:00,measured,2,15,41,separate_account_budget_32,separate,account_budget_b32,baseline,unbound,2,state_transition_and_conservation_32,state_transition_and_conservation,groth16,0.019839810999656038,0.2943815670000731,0.2391484639997543,0.5533698419994835,805,3,True,,ok,
20260728T123050Z_paper_groth16,2026-07-28T12:48:55.752960+00:00,measured,2,15,41,separate_account_budget_32,separate,account_budget_b32,baseline,unbound,3,operating_limit_32,operating_limit,groth16,0.01939184100001512,0.28813100500019573,0.2832956590000322,0.590818505000243,807,16,True,,ok,
20260728T123050Z_paper_groth16,2026-07-28T12:48:55.752960+00:00,measured,2,15,41,separate_account_budget_32,separate,account_budget_b32,baseline,unbound,4,privacy_budget_32,privacy_budget,groth16,0.018941307000204688,0.31206298400002197,0.2637541730000521,0.5947584640002788,807,16,True,,ok,
20260728T123050Z_paper_groth16,2026-07-28T12:48:56.318237+00:00,measured,2,15,42,local_financial_validity_32,monolithic,,,none,1,local_financial_validity_32,local_financial_validity,groth16,0.021808626000165532,0.293538634000015,0.24893454599987308,0.5642818060000536,806,3,True,,ok,
20260728T123050Z_paper_groth16,2026-07-28T12:48:56.900282+00:00,measured,2,15,43,privacy_budget_64,monolithic,,,none,1,privacy_budget_64,privacy_budget,groth16,0.025424537000162672,0.29446171299969137,0.26155617499989603,0.5814424249997501,806,26,True,,ok,
20260728T123050Z_paper_groth16,2026-07-28T12:48:59.190228+00:00,measured,2,15,44,separate_account_budget_64,separate,account_budget_b64,baseline,unbound,1,local_financial_validity_64,local_financial_validity,groth16,0.021404611999969347,0.29172493199985183,0.2671797510001852,0.5803092950000064,805,3,True,,ok,
20260728T123050Z_paper_groth16,2026-07-28T12:48:59.190228+00:00,measured,2,15,44,separate_account_budget_64,separate,account_budget_b64,baseline,unbound,2,state_transition_and_conservation_64,state_transition_and_conservation,groth16,0.022403304999897955,0.2990514070002064,0.25085654199983765,0.572311253999942,804,3,True,,ok,
20260728T123050Z_paper_groth16,2026-07-28T12:48:59.190228+00:00,measured,2,15,44,separate_account_budget_64,separate,account_budget_b64,baseline,unbound,3,operating_limit_64,operating_limit,groth16,0.020174735999717086,0.28814736199956315,0.25628990400036855,0.5646120019996488,808,26,True,,ok,
20260728T123050Z_paper_groth16,2026-07-28T12:48:59.190228+00:00,measured,2,15,44,separate_account_budget_64,separate,account_budget_b64,baseline,unbound,4,privacy_budget_64,privacy_budget,groth16,0.019418942999891442,0.2916114079998806,0.25923549700019066,0.5702658479999627,805,26,True,,ok,
20260728T123050Z_paper_groth16,2026-07-28T12:49:00.941201+00:00,measured,2,15,45,separate_account_core_32,separate,account_core_b32,baseline,unbound,1,local_financial_validity_32,local_financial_validity,groth16,0.020018420000269543,0.294750385000043,0.25193404299989197,0.5667028480002045,807,3,True,,ok,
20260728T123050Z_paper_groth16,2026-07-28T12:49:00.941201+00:00,measured,2,15,45,separate_account_core_32,separate,account_core_b32,baseline,unbound,2,state_transition_and_conservation_32,state_transition_and_conservation,groth16,0.019676264000281662,0.30717776800020147,0.2553678949998357,0.5822219270003188,804,3,True,,ok,
20260728T123050Z_paper_groth16,2026-07-28T12:49:00.941201+00:00,measured,2,15,45,separate_account_core_32,separate,account_core_b32,baseline,unbound,3,operating_limit_32,operating_limit,groth16,0.019926132999898982,0.3120988020000368,0.26833074200021656,0.6003556770001524,806,16,True,,ok,
20260728T123050Z_paper_groth16,2026-07-28T12:49:01.516419+00:00,measured,2,15,46,account_policy_core_16,monolithic,account_core_b16,baseline,shared_witness,1,account_policy_core_16,account_policy_core,groth16,0.021394374999999854,0.28814457200041943,0.26505561600015426,0.5745945630005735,805,12,True,,ok,
20260728T123050Z_paper_groth16,2026-07-28T12:49:02.519515+00:00,measured,2,16,1,token_policy_bundle_32_depth_32,monolithic,token_bundle_b32_d32,baseline,shared_witness,1,token_policy_bundle_32_depth_32,token_policy_bundle,groth16,0.04923223100013274,0.690254307000032,0.26293412199993327,1.002420660000098,805,261,True,,ok,
20260728T123050Z_paper_groth16,2026-07-28T12:49:03.095909+00:00,measured,2,16,2,operating_limit_64,monolithic,,,none,1,operating_limit_64,operating_limit,groth16,0.021494302000064636,0.30786533099990265,0.24643033699976513,0.5757899699997324,804,26,True,,ok,
20260728T123050Z_paper_groth16,2026-07-28T12:49:03.679098+00:00,measured,2,16,3,state_transition_and_conservation_32,monolithic,,,none,1,state_transition_and_conservation_32,state_transition_and_conservation,groth16,0.02108647499971994,0.3112388680001459,0.2501309469998887,0.5824562899997545,806,3,True,,ok,
20260728T123050Z_paper_groth16,2026-07-28T12:49:04.853194+00:00,measured,2,16,4,separate_valid_limit_32,separate,valid_limit_b32,baseline,unbound,1,local_financial_validity_32,local_financial_validity,groth16,0.02107405300012033,0.2922826960002567,0.27116145399986635,0.5845182030002434,808,3,True,,ok,
20260728T123050Z_paper_groth16,2026-07-28T12:49:04.853194+00:00,measured,2,16,4,separate_valid_limit_32,separate,valid_limit_b32,baseline,unbound,2,operating_limit_32,operating_limit,groth16,0.020735656999931962,0.2847088660000736,0.2829838509996989,0.5884283739997045,806,16,True,,ok,
20260728T123050Z_paper_groth16,2026-07-28T12:49:05.498645+00:00,measured,2,16,5,account_policy_core_64,monolithic,account_core_b64,baseline,shared_witness,1,account_policy_core_64,account_policy_core,groth16,0.02760888500006331,0.3449658529998487,0.27212261700015006,0.6446973550000621,807,26,True,,ok,
20260728T123050Z_paper_groth16,2026-07-28T12:49:06.062241+00:00,measured,2,16,6,local_financial_validity_16,monolithic,,,none,1,local_financial_validity_16,local_financial_validity,groth16,0.02098124700023618,0.2871871749998718,0.25480638500039277,0.5629748070005007,803,3,True,,ok,
20260728T123050Z_paper_groth16,2026-07-28T12:49:06.642027+00:00,measured,2,16,7,local_validity_and_operating_limit_64,monolithic,valid_limit_b64,baseline,shared_witness,1,local_validity_and_operating_limit_64,local_validity_and_operating_limit,groth16,0.020885293999981513,0.29731112199988274,0.26084067500005403,0.5790370909999183,806,26,True,,ok,
20260728T123050Z_paper_groth16,2026-07-28T12:49:07.384126+00:00,measured,2,16,8,token_policy_bundle_32_depth_8,monolithic,token_bundle_b32_d8,baseline,shared_witness,1,token_policy_bundle_32_depth_8,token_policy_bundle,groth16,0.04482795300009457,0.44252228400000604,0.2541208189995814,0.741471055999682,808,261,True,,ok,
20260728T123050Z_paper_groth16,2026-07-28T12:49:07.947430+00:00,measured,2,16,9,local_validity_and_operating_limit_16,monolithic,valid_limit_b16,baseline,shared_witness,1,local_validity_and_operating_limit_16,local_validity_and_operating_limit,groth16,0.020076999999673717,0.2902881380000508,0.2523369369996544,0.562702074999379,801,12,True,,ok,
20260728T123050Z_paper_groth16,2026-07-28T12:49:08.541120+00:00,measured,2,16,10,local_financial_validity_32,monolithic,,,none,1,local_financial_validity_32,local_financial_validity,groth16,0.019264640000073996,0.3087411989999964,0.2650691200001347,0.5930749590002051,804,3,True,,ok,
20260728T123050Z_paper_groth16,2026-07-28T12:49:09.098672+00:00,measured,2,16,11,local_validity_and_operating_limit_32,monolithic,valid_limit_b32,baseline,shared_witness,1,local_validity_and_operating_limit_32,local_validity_and_operating_limit,groth16,0.02019445599989922,0.28233828800011906,0.2541894810001395,0.5567222250001578,803,16,True,,ok,
20260728T123050Z_paper_groth16,2026-07-28T12:49:10.000059+00:00,measured,2,16,12,token_policy_bundle_32_depth_16,monolithic,token_bundle_b32_d16,baseline,shared_witness,1,token_policy_bundle_32_depth_16,token_policy_bundle,groth16,0.04581710899992686,0.588266859000214,0.26664041300000463,0.9007243810001455,807,260,True,,ok,
20260728T123050Z_paper_groth16,2026-07-28T12:49:11.141624+00:00,measured,2,16,13,separate_valid_limit_16,separate,valid_limit_b16,baseline,unbound,1,local_financial_validity_16,local_financial_validity,groth16,0.019932892999804608,0.2924594679998336,0.2558455199996388,0.568237880999277,807,3,True,,ok,
20260728T123050Z_paper_groth16,2026-07-28T12:49:11.141624+00:00,measured,2,16,13,separate_valid_limit_16,separate,valid_limit_b16,baseline,unbound,2,operating_limit_16,operating_limit,groth16,0.020712594000087847,0.2824941819999367,0.268883181000092,0.5720899570001166,807,12,True,,ok,
20260728T123050Z_paper_groth16,2026-07-28T12:49:11.735527+00:00,measured,2,16,14,account_policy_core_16,monolithic,account_core_b16,baseline,shared_witness,1,account_policy_core_16,account_policy_core,groth16,0.019986735000202316,0.2911195140000018,0.28218026700005794,0.593286516000262,806,12,True,,ok,
20260728T123050Z_paper_groth16,2026-07-28T12:49:12.554432+00:00,measured,2,16,15,merkle_membership_depth_16,monolithic,,,none,1,merkle_membership_depth_16,merkle_membership,groth16,0.04003526199994667,0.5200374229998488,0.2580142030001298,0.8180868879999252,805,84,True,,ok,
20260728T123050Z_paper_groth16,2026-07-28T12:49:14.854999+00:00,measured,2,16,16,separate_account_budget_64,separate,account_budget_b64,baseline,unbound,1,local_financial_validity_64,local_financial_validity,groth16,0.02282982599990646,0.2891572069997892,0.2516179130002456,0.5636049459999413,806,3,True,,ok,
20260728T123050Z_paper_groth16,2026-07-28T12:49:14.854999+00:00,measured,2,16,16,separate_account_budget_64,separate,account_budget_b64,baseline,unbound,2,state_transition_and_conservation_64,state_transition_and_conservation,groth16,0.021895443000175874,0.28742167099971994,0.26407609800025966,0.5733932120001555,807,3,True,,ok,
20260728T123050Z_paper_groth16,2026-07-28T12:49:14.854999+00:00,measured,2,16,16,separate_account_budget_64,separate,account_budget_b64,baseline,unbound,3,operating_limit_64,operating_limit,groth16,0.01968155700023999,0.30270591200041963,0.2699585870000192,0.5923460560006788,805,26,True,,ok,
20260728T123050Z_paper_groth16,2026-07-28T12:49:14.854999+00:00,measured,2,16,16,separate_account_budget_64,separate,account_budget_b64,baseline,unbound,4,privacy_budget_64,privacy_budget,groth16,0.02116880499988838,0.29209527100010746,0.2556131730002562,0.568877249000252,803,26,True,,ok,
20260728T123050Z_paper_groth16,2026-07-28T12:49:15.411177+00:00,measured,2,16,17,operating_limit_16,monolithic,,,none,1,operating_limit_16,operating_limit,groth16,0.022208159000001615,0.2812835129998348,0.25199982200001614,0.5554914939998525,806,12,True,,ok,
20260728T123050Z_paper_groth16,2026-07-28T12:49:17.170224+00:00,measured,2,16,18,separate_account_core_16,separate,account_core_b16,baseline,unbound,1,local_financial_validity_16,local_financial_validity,groth16,0.020469170000069425,0.2777941919998739,0.25130521200026124,0.5495685740002045,802,3,True,,ok,
20260728T123050Z_paper_groth16,2026-07-28T12:49:17.170224+00:00,measured,2,16,18,separate_account_core_16,separate,account_core_b16,baseline,unbound,2,state_transition_and_conservation_16,state_transition_and_conservation,groth16,0.018685079000078986,0.31215728000006493,0.27225079399977403,0.603093152999918,807,3,True,,ok,
20260728T123050Z_paper_groth16,2026-07-28T12:49:17.170224+00:00,measured,2,16,18,separate_account_core_16,separate,account_core_b16,baseline,unbound,3,operating_limit_16,operating_limit,groth16,0.01998438400005398,0.3070799479996822,0.2776816789996701,0.6047460109994063,802,12,True,,ok,
20260728T123050Z_paper_groth16,2026-07-28T12:49:17.830575+00:00,measured,2,16,19,linked_account_budget_monolithic_32,monolithic,account_budget_b32,commitment_linked,tx_tag,1,linked_account_budget_monolithic_32,account_policy_with_privacy_budget,groth16,0.05763280900009704,0.33881217399994057,0.2629914449998978,0.6594364279999354,804,111,True,True,ok,
20260728T123050Z_paper_groth16,2026-07-28T12:49:20.480935+00:00,measured,2,16,20,separate_token_bundle_32_depth_16,separate,token_bundle_b32_d16,baseline,unbound,1,merkle_membership_depth_16,merkle_membership,groth16,0.03966335499990237,0.5442086400003063,0.2527465960001791,0.8366185910003878,803,84,True,,ok,
20260728T123050Z_paper_groth16,2026-07-28T12:49:20.480935+00:00,measured,2,16,20,separate_token_bundle_32_depth_16,separate,token_bundle_b32_d16,baseline,unbound,2,nullifier_correctness_poseidon,nullifier_correctness,groth16,0.03380415199990239,0.3188031320000846,0.26958297500004846,0.6221902590000354,805,164,True,,ok,
20260728T123050Z_paper_groth16,2026-07-28T12:49:20.480935+00:00,measured,2,16,20,separate_token_bundle_32_depth_16,separate,token_bundle_b32_d16,baseline,unbound,3,local_financial_validity_32,local_financial_validity,groth16,0.02133663599988722,0.29187352500002817,0.2616215969997029,0.5748317579996183,806,3,True,,ok,
20260728T123050Z_paper_groth16,2026-07-28T12:49:20.480935+00:00,measured,2,16,20,separate_token_bundle_32_depth_16,separate,token_bundle_b32_d16,baseline,unbound,4,privacy_budget_32,privacy_budget,groth16,0.02038514900004884,0.316994077000345,0.27708325599996897,0.6144624820003628,803,16,True,,ok,
20260728T123050Z_paper_groth16,2026-07-28T12:49:21.113998+00:00,measured,2,16,21,account_policy_with_privacy_budget_16,monolithic,account_budget_b16,baseline,shared_witness,1,account_policy_with_privacy_budget_16,account_policy_with_privacy_budget,groth16,0.025897795000219048,0.32730022300029304,0.27905826900041575,0.6322562870009278,806,21,True,,ok,
20260728T123050Z_paper_groth16,2026-07-28T12:49:21.722069+00:00,measured,2,16,22,privacy_budget_64,monolithic,,,none,1,privacy_budget_64,privacy_budget,groth16,0.021471255999585992,0.3143836320000446,0.271609344999888,0.6074642329995186,806,26,True,,ok,
20260728T123050Z_paper_groth16,2026-07-28T12:49:24.645485+00:00,measured,2,16,23,linked_separate_token_bundle_32_depth_16,separate,token_bundle_b32_d16,commitment_linked,tx_tag,1,linked_token_bundle_membership_32_depth_16,linked_token_bundle_component,groth16,0.06095729900016522,0.545910713000012,0.2757688420001614,0.8826368540003386,805,342,True,True,ok,
20260728T123050Z_paper_groth16,2026-07-28T12:49:24.645485+00:00,measured,2,16,23,linked_separate_token_bundle_32_depth_16,separate,token_bundle_b32_d16,commitment_linked,tx_tag,2,linked_token_bundle_nullifier_32_depth_16,linked_token_bundle_component,groth16,0.05880563099981373,0.3549314609999783,0.2829076010002609,0.6966446930000529,805,342,True,True,ok,
20260728T123050Z_paper_groth16,2026-07-28T12:49:24.645485+00:00,measured,2,16,23,linked_separate_token_bundle_32_depth_16,separate,token_bundle_b32_d16,commitment_linked,tx_tag,3,linked_token_bundle_validity_32_depth_16,linked_token_bundle_component,groth16,0.06066804299962314,0.34605121300000974,0.28350486499994076,0.6902241209995736,805,342,True,True,ok,
20260728T123050Z_paper_groth16,2026-07-28T12:49:24.645485+00:00,measured,2,16,23,linked_separate_token_bundle_32_depth_16,separate,token_bundle_b32_d16,commitment_linked,tx_tag,4,linked_token_bundle_budget_32_depth_16,linked_token_bundle_component,groth16,0.06002113700014888,0.33226297000010163,0.257003999999597,0.6492881069998475,805,342,True,True,ok,
20260728T123050Z_paper_groth16,2026-07-28T12:49:25.283872+00:00,measured,2,16,24,linked_valid_limit_monolithic_32,monolithic,valid_limit_b32,commitment_linked,tx_tag,1,linked_valid_limit_monolithic_32,local_validity_and_operating_limit,groth16,0.03987026499999047,0.3344721349999418,0.2632367589999376,0.6375791589998698,805,98,True,True,ok,
20260728T123050Z_paper_groth16,2026-07-28T12:49:26.423057+00:00,measured,2,16,25,separate_valid_limit_64,separate,valid_limit_b64,baseline,unbound,1,local_financial_validity_64,local_financial_validity,groth16,0.021814095999616256,0.2931042770001113,0.25410408500010817,0.5690224579998358,804,3,True,,ok,
20260728T123050Z_paper_groth16,2026-07-28T12:49:26.423057+00:00,measured,2,16,25,separate_valid_limit_64,separate,valid_limit_b64,baseline,unbound,2,operating_limit_64,operating_limit,groth16,0.02080106399989745,0.296162624000317,0.251779451999937,0.5687431400001515,807,26,True,,ok,
20260728T123050Z_paper_groth16,2026-07-28T12:49:27.414130+00:00,measured,2,16,26,merkle_membership_depth_32,monolithic,,,none,1,merkle_membership_depth_32,merkle_membership,groth16,0.040831810000327096,0.7011555100002624,0.24840931599965188,0.9903966360002414,807,84,True,,ok,
20260728T123050Z_paper_groth16,2026-07-28T12:49:27.971376+00:00,measured,2,16,27,local_financial_validity_64,monolithic,,,none,1,local_financial_validity_64,local_financial_validity,groth16,0.020093993000045884,0.2880439519999527,0.24850537800011807,0.5566433230001167,807,3,True,,ok,
20260728T123050Z_paper_groth16,2026-07-28T12:49:28.594819+00:00,measured,2,16,28,nullifier_correctness_poseidon,monolithic,,,none,1,nullifier_correctness_poseidon,nullifier_correctness,groth16,0.03216693200010923,0.30275116200027696,0.28791022700033864,0.6228283210007248,805,164,True,,ok,
20260728T123050Z_paper_groth16,2026-07-28T12:49:29.165974+00:00,measured,2,16,29,state_transition_and_conservation_64,monolithic,,,none,1,state_transition_and_conservation_64,state_transition_and_conservation,groth16,0.02058269500003007,0.29698127600022417,0.2528767449998668,0.570440716000121,806,3,True,,ok,
20260728T123050Z_paper_groth16,2026-07-28T12:49:30.440566+00:00,measured,2,16,30,linked_separate_valid_limit_32,separate,valid_limit_b32,commitment_linked,tx_tag,1,linked_valid_limit_validity_32,linked_valid_limit_component,groth16,0.03838059999998222,0.3335582429999704,0.2529808320000484,0.624919675000001,803,98,True,True,ok,
20260728T123050Z_paper_groth16,2026-07-28T12:49:30.440566+00:00,measured,2,16,30,linked_separate_valid_limit_32,separate,valid_limit_b32,commitment_linked,tx_tag,2,linked_valid_limit_limit_32,linked_valid_limit_component,groth16,0.04179843699967023,0.3483378750001975,0.25798587200006295,0.6481221839999307,807,98,True,True,ok,
20260728T123050Z_paper_groth16,2026-07-28T12:49:32.722413+00:00,measured,2,16,31,separate_account_budget_32,separate,account_budget_b32,baseline,unbound,1,local_financial_validity_32,local_financial_validity,groth16,0.020490351999796985,0.30271055200000774,0.2527531270002328,0.5759540310000375,806,3,True,,ok,
20260728T123050Z_paper_groth16,2026-07-28T12:49:32.722413+00:00,measured,2,16,31,separate_account_budget_32,separate,account_budget_b32,baseline,unbound,2,state_transition_and_conservation_32,state_transition_and_conservation,groth16,0.018390956000075676,0.2836920810000265,0.2469847759998629,0.5490678129999651,804,3,True,,ok,
20260728T123050Z_paper_groth16,2026-07-28T12:49:32.722413+00:00,measured,2,16,31,separate_account_budget_32,separate,account_budget_b32,baseline,unbound,3,operating_limit_32,operating_limit,groth16,0.017819006000081572,0.2941844229999333,0.27760404699984065,0.5896074759998555,805,16,True,,ok,
20260728T123050Z_paper_groth16,2026-07-28T12:49:32.722413+00:00,measured,2,16,31,separate_account_budget_32,separate,account_budget_b32,baseline,unbound,4,privacy_budget_32,privacy_budget,groth16,0.01902687200026776,0.2782945250000921,0.26765407499988214,0.564975472000242,808,16,True,,ok,
20260728T123050Z_paper_groth16,2026-07-28T12:49:34.460980+00:00,measured,2,16,32,separate_account_core_64,separate,account_core_b64,baseline,unbound,1,local_financial_validity_64,local_financial_validity,groth16,0.0226955650000491,0.28011012400020263,0.2524089379999168,0.5552146270001685,805,3,True,,ok,
20260728T123050Z_paper_groth16,2026-07-28T12:49:34.460980+00:00,measured,2,16,32,separate_account_core_64,separate,account_core_b64,baseline,unbound,2,state_transition_and_conservation_64,state_transition_and_conservation,groth16,0.021666864000053465,0.3103648440001052,0.26566141300008894,0.5976931210002476,802,3,True,,ok,
20260728T123050Z_paper_groth16,2026-07-28T12:49:34.460980+00:00,measured,2,16,32,separate_account_core_64,separate,account_core_b64,baseline,unbound,3,operating_limit_64,operating_limit,groth16,0.02254099399988263,0.3012616539999726,0.2602087489999576,0.5840113969998129,805,26,True,,ok,
20260728T123050Z_paper_groth16,2026-07-28T12:49:35.069032+00:00,measured,2,16,33,account_policy_with_privacy_budget_64,monolithic,account_budget_b64,baseline,shared_witness,1,account_policy_with_privacy_budget_64,account_policy_with_privacy_budget,groth16,0.022495253999750275,0.312234012999852,0.2726136940000288,0.607342960999631,806,50,True,,ok,
20260728T123050Z_paper_groth16,2026-07-28T12:49:37.399273+00:00,measured,2,16,34,separate_account_budget_16,separate,account_budget_b16,baseline,unbound,1,local_financial_validity_16,local_financial_validity,groth16,0.01943834399980915,0.30466749900006107,0.27847142299970074,0.602577265999571,805,3,True,,ok,
20260728T123050Z_paper_groth16,2026-07-28T12:49:37.399273+00:00,measured,2,16,34,separate_account_budget_16,separate,account_budget_b16,baseline,unbound,2,state_transition_and_conservation_16,state_transition_and_conservation,groth16,0.01844173600011345,0.29818653399979667,0.262273918000119,0.5789021880000291,804,3,True,,ok,
20260728T123050Z_paper_groth16,2026-07-28T12:49:37.399273+00:00,measured,2,16,34,separate_account_budget_16,separate,account_budget_b16,baseline,unbound,3,operating_limit_16,operating_limit,groth16,0.01864195699999982,0.29791954199981774,0.25947645799988095,0.5760379569996985,805,12,True,,ok,
20260728T123050Z_paper_groth16,2026-07-28T12:49:37.399273+00:00,measured,2,16,34,separate_account_budget_16,separate,account_budget_b16,baseline,unbound,4,privacy_budget_16,privacy_budget,groth16,0.01898907999975563,0.29856849099996907,0.25295058699975925,0.570508157999484,805,11,True,,ok,
20260728T123050Z_paper_groth16,2026-07-28T12:49:37.961015+00:00,measured,2,16,35,operating_limit_32,monolithic,,,none,1,operating_limit_32,operating_limit,groth16,0.022059086999888677,0.28882755500035273,0.2502093269999932,0.5610959690002346,805,16,True,,ok,
20260728T123050Z_paper_groth16,2026-07-28T12:49:38.887475+00:00,measured,2,16,36,linked_token_bundle_monolithic_32_depth_16,monolithic,token_bundle_b32_d16,commitment_linked,tx_tag,1,linked_token_bundle_monolithic_32_depth_16,token_policy_bundle,groth16,0.06147429899965573,0.5798555920000581,0.282578915999693,0.9239088069994068,804,342,True,True,ok,
20260728T123050Z_paper_groth16,2026-07-28T12:49:41.605928+00:00,measured,2,16,37,separate_token_bundle_32_depth_32,separate,token_bundle_b32_d32,baseline,unbound,1,merkle_membership_depth_32,merkle_membership,groth16,0.04125038899974243,0.6255394350000643,0.2854777450002075,0.9522675690000142,805,84,True,,ok,
20260728T123050Z_paper_groth16,2026-07-28T12:49:41.605928+00:00,measured,2,16,37,separate_token_bundle_32_depth_32,separate,token_bundle_b32_d32,baseline,unbound,2,nullifier_correctness_poseidon,nullifier_correctness,groth16,0.03176345100018807,0.32126230499989106,0.2654694230000132,0.6184951790000923,804,164,True,,ok,
20260728T123050Z_paper_groth16,2026-07-28T12:49:41.605928+00:00,measured,2,16,37,separate_token_bundle_32_depth_32,separate,token_bundle_b32_d32,baseline,unbound,3,local_financial_validity_32,local_financial_validity,groth16,0.0185422220001783,0.3032857549997061,0.2590464009999778,0.5808743779998622,806,3,True,,ok,
20260728T123050Z_paper_groth16,2026-07-28T12:49:41.605928+00:00,measured,2,16,37,separate_token_bundle_32_depth_32,separate,token_bundle_b32_d32,baseline,unbound,4,privacy_budget_32,privacy_budget,groth16,0.019566997999845626,0.2963397199996507,0.24875161699992532,0.5646583349994216,806,16,True,,ok,
20260728T123050Z_paper_groth16,2026-07-28T12:49:42.340055+00:00,measured,2,16,38,merkle_membership_depth_8,monolithic,,,none,1,merkle_membership_depth_8,merkle_membership,groth16,0.040219512000021496,0.42150864200038995,0.2717440000001261,0.7334721540005376,807,84,True,,ok,
20260728T123050Z_paper_groth16,2026-07-28T12:49:44.043267+00:00,measured,2,16,39,separate_account_core_32,separate,account_core_b32,baseline,unbound,1,local_financial_validity_32,local_financial_validity,groth16,0.020180088999950385,0.282510228999854,0.24478769699999248,0.5474780149997969,804,3,True,,ok,
20260728T123050Z_paper_groth16,2026-07-28T12:49:44.043267+00:00,measured,2,16,39,separate_account_core_32,separate,account_core_b32,baseline,unbound,2,state_transition_and_conservation_32,state_transition_and_conservation,groth16,0.020235730999957013,0.2879230720000123,0.26503342299974975,0.5731922259997191,806,3,True,,ok,
20260728T123050Z_paper_groth16,2026-07-28T12:49:44.043267+00:00,measured,2,16,39,separate_account_core_32,separate,account_core_b32,baseline,unbound,3,operating_limit_32,operating_limit,groth16,0.021608698000363802,0.299835350000194,0.2594673219996366,0.5809113700001944,803,16,True,,ok,
20260728T123050Z_paper_groth16,2026-07-28T12:49:44.592323+00:00,measured,2,16,40,state_transition_and_conservation_16,monolithic,,,none,1,state_transition_and_conservation_16,state_transition_and_conservation,groth16,0.022043290000056004,0.276235464000365,0.25014652099980594,0.548425275000227,805,3,True,,ok,
20260728T123050Z_paper_groth16,2026-07-28T12:49:45.249023+00:00,measured,2,16,41,account_policy_core_32,monolithic,account_core_b32,baseline,shared_witness,1,account_policy_core_32,account_policy_core,groth16,0.020625040999675548,0.3518035950000922,0.2823701530001017,0.6547987889998694,806,16,True,,ok,
20260728T123050Z_paper_groth16,2026-07-28T12:49:45.827643+00:00,measured,2,16,42,privacy_budget_32,monolithic,,,none,1,privacy_budget_32,privacy_budget,groth16,0.02047787099991183,0.29767604599965125,0.25978376600005504,0.5779376829996181,808,16,True,,ok,
20260728T123050Z_paper_groth16,2026-07-28T12:49:48.306285+00:00,measured,2,16,43,separate_token_bundle_32_depth_8,separate,token_bundle_b32_d8,baseline,unbound,1,merkle_membership_depth_8,merkle_membership,groth16,0.0431102219999957,0.44785964299990155,0.2528125460003139,0.7437824110002111,805,84,True,,ok,
20260728T123050Z_paper_groth16,2026-07-28T12:49:48.306285+00:00,measured,2,16,43,separate_token_bundle_32_depth_8,separate,token_bundle_b32_d8,baseline,unbound,2,nullifier_correctness_poseidon,nullifier_correctness,groth16,0.03189040399956866,0.31449891200009006,0.24741035100032605,0.5937996669999848,807,164,True,,ok,
20260728T123050Z_paper_groth16,2026-07-28T12:49:48.306285+00:00,measured,2,16,43,separate_token_bundle_32_depth_8,separate,token_bundle_b32_d8,baseline,unbound,3,local_financial_validity_32,local_financial_validity,groth16,0.019129525999687758,0.2803372909997961,0.2444070369997462,0.54387385399923,804,3,True,,ok,
20260728T123050Z_paper_groth16,2026-07-28T12:49:48.306285+00:00,measured,2,16,43,separate_token_bundle_32_depth_8,separate,token_bundle_b32_d8,baseline,unbound,4,privacy_budget_32,privacy_budget,groth16,0.02054080600009911,0.2811194850000902,0.2933583469998666,0.5950186380000559,803,16,True,,ok,
20260728T123050Z_paper_groth16,2026-07-28T12:49:50.977179+00:00,measured,2,16,44,linked_separate_account_budget_32,separate,account_budget_b32,commitment_linked,tx_tag,1,linked_account_budget_validity_32,linked_account_budget_component,groth16,0.058962752999832446,0.3390992750000805,0.27624233799997455,0.6743043659998875,804,111,True,True,ok,
20260728T123050Z_paper_groth16,2026-07-28T12:49:50.977179+00:00,measured,2,16,44,linked_separate_account_budget_32,separate,account_budget_b32,commitment_linked,tx_tag,2,linked_account_budget_transition_32,linked_account_budget_component,groth16,0.05890972699990016,0.32629438399999344,0.2597489710001355,0.6449530820000291,804,111,True,True,ok,
20260728T123050Z_paper_groth16,2026-07-28T12:49:50.977179+00:00,measured,2,16,44,linked_separate_account_budget_32,separate,account_budget_b32,commitment_linked,tx_tag,3,linked_account_budget_limit_32,linked_account_budget_component,groth16,0.05668878599999516,0.3421221980001974,0.29048186699992584,0.6892928510001184,802,111,True,True,ok,
20260728T123050Z_paper_groth16,2026-07-28T12:49:50.977179+00:00,measured,2,16,44,linked_separate_account_budget_32,separate,account_budget_b32,commitment_linked,tx_tag,4,linked_account_budget_budget_32,linked_account_budget_component,groth16,0.058626883999750135,0.33423848999973416,0.25750270399976216,0.6503680779992465,804,111,True,True,ok,
20260728T123050Z_paper_groth16,2026-07-28T12:49:51.559687+00:00,measured,2,16,45,account_policy_with_privacy_budget_32,monolithic,account_budget_b32,baseline,shared_witness,1,account_policy_with_privacy_budget_32,account_policy_with_privacy_budget,groth16,0.021713081000143575,0.2983088300002237,0.2615227070000401,0.5815446180004074,806,30,True,,ok,
20260728T123050Z_paper_groth16,2026-07-28T12:49:52.134113+00:00,measured,2,16,46,privacy_budget_16,monolithic,,,none,1,privacy_budget_16,privacy_budget,groth16,0.01981188400031897,0.30846241500012184,0.24553086400010216,0.573805163000543,807,11,True,,ok,
20260728T123050Z_paper_groth16,2026-07-28T12:49:53.823347+00:00,measured,2,17,1,separate_account_core_64,separate,account_core_b64,baseline,unbound,1,local_financial_validity_64,local_financial_validity,groth16,0.020289639000111492,0.2879246309998962,0.2494957029998659,0.5577099729998736,805,3,True,,ok,
20260728T123050Z_paper_groth16,2026-07-28T12:49:53.823347+00:00,measured,2,17,1,separate_account_core_64,separate,account_core_b64,baseline,unbound,2,state_transition_and_conservation_64,state_transition_and_conservation,groth16,0.01972693200013964,0.2873220029996446,0.2536033139999745,0.5606522489997587,806,3,True,,ok,
20260728T123050Z_paper_groth16,2026-07-28T12:49:53.823347+00:00,measured,2,17,1,separate_account_core_64,separate,account_core_b64,baseline,unbound,3,operating_limit_64,operating_limit,groth16,0.018747170000096958,0.2842596579998826,0.2662472759998309,0.5692541039998105,808,26,True,,ok,
20260728T123050Z_paper_groth16,2026-07-28T12:49:56.807707+00:00,measured,2,17,2,separate_token_bundle_32_depth_32,separate,token_bundle_b32_d32,baseline,unbound,1,merkle_membership_depth_32,merkle_membership,groth16,0.045704229999955714,0.7443545239998457,0.2832028830002855,1.073261637000087,805,84,True,,ok,
20260728T123050Z_paper_groth16,2026-07-28T12:49:56.807707+00:00,measured,2,17,2,separate_token_bundle_32_depth_32,separate,token_bundle_b32_d32,baseline,unbound,2,nullifier_correctness_poseidon,nullifier_correctness,groth16,0.03342607000013231,0.3498262110001633,0.2847458810001626,0.6679981620004583,803,164,True,,ok,
20260728T123050Z_paper_groth16,2026-07-28T12:49:56.807707+00:00,measured,2,17,2,separate_token_bundle_32_depth_32,separate,token_bundle_b32_d32,baseline,unbound,3,local_financial_validity_32,local_financial_validity,groth16,0.022295137000128307,0.32730327199988096,0.2814637009996659,0.6310621099996752,806,3,True,,ok,
20260728T123050Z_paper_groth16,2026-07-28T12:49:56.807707+00:00,measured,2,17,2,separate_token_bundle_32_depth_32,separate,token_bundle_b32_d32,baseline,unbound,4,privacy_budget_32,privacy_budget,groth16,0.02448410800025158,0.32109134600023026,0.26385992899986377,0.6094353830003456,808,16,True,,ok,
20260728T123050Z_paper_groth16,2026-07-28T12:49:57.713455+00:00,measured,2,17,3,linked_token_bundle_monolithic_32_depth_16,monolithic,token_bundle_b32_d16,commitment_linked,tx_tag,1,linked_token_bundle_monolithic_32_depth_16,token_policy_bundle,groth16,0.06458316499993089,0.5659604960001161,0.27207861499982755,0.9026222759998745,807,342,True,True,ok,
20260728T123050Z_paper_groth16,2026-07-28T12:49:58.298014+00:00,measured,2,17,4,local_validity_and_operating_limit_32,monolithic,valid_limit_b32,baseline,shared_witness,1,local_validity_and_operating_limit_32,local_validity_and_operating_limit,groth16,0.022395976000098017,0.29969770800016704,0.2618703769999229,0.5839640610001879,807,16,True,,ok,
20260728T123050Z_paper_groth16,2026-07-28T12:49:59.113322+00:00,measured,2,17,5,token_policy_bundle_32_depth_16,monolithic,token_bundle_b32_d16,baseline,shared_witness,1,token_policy_bundle_32_depth_16,token_policy_bundle,groth16,0.04397793800035288,0.5298123729999134,0.2406593369996699,0.8144496479999361,806,260,True,,ok,
20260728T123050Z_paper_groth16,2026-07-28T12:50:00.214913+00:00,measured,2,17,6,separate_valid_limit_32,separate,valid_limit_b32,baseline,unbound,1,local_financial_validity_32,local_financial_validity,groth16,0.019952371999806928,0.2824284559997068,0.24907256999995298,0.5514533979994667,803,3,True,,ok,
20260728T123050Z_paper_groth16,2026-07-28T12:50:00.214913+00:00,measured,2,17,6,separate_valid_limit_32,separate,valid_limit_b32,baseline,unbound,2,operating_limit_32,operating_limit,groth16,0.018866928000079497,0.28313650100017185,0.24706581899999946,0.5490692480002508,805,16,True,,ok,
20260728T123050Z_paper_groth16,2026-07-28T12:50:00.774485+00:00,measured,2,17,7,operating_limit_16,monolithic,,,none,1,operating_limit_16,operating_limit,groth16,0.019935789999635745,0.27293941099969743,0.2579815750000307,0.5508567759993639,803,12,True,,ok,
20260728T123050Z_paper_groth16,2026-07-28T12:50:01.419347+00:00,measured,2,17,8,linked_account_budget_monolithic_32,monolithic,account_budget_b32,commitment_linked,tx_tag,1,linked_account_budget_monolithic_32,account_policy_with_privacy_budget,groth16,0.058898430000226654,0.32919782700037103,0.2558556540002428,0.6439519110008405,807,111,True,True,ok,
20260728T123050Z_paper_groth16,2026-07-28T12:50:03.665087+00:00,measured,2,17,9,separate_account_budget_32,separate,account_budget_b32,baseline,unbound,1,local_financial_validity_32,local_financial_validity,groth16,0.019289219000256708,0.2859399970002414,0.2667399340002703,0.5719691500007684,805,3,True,,ok,
20260728T123050Z_paper_groth16,2026-07-28T12:50:03.665087+00:00,measured,2,17,9,separate_account_budget_32,separate,account_budget_b32,baseline,unbound,2,state_transition_and_conservation_32,state_transition_and_conservation,groth16,0.018710449000082008,0.28015860699997575,0.2544372000002113,0.5533062560002691,807,3,True,,ok,
20260728T123050Z_paper_groth16,2026-07-28T12:50:03.665087+00:00,measured,2,17,9,separate_account_budget_32,separate,account_budget_b32,baseline,unbound,3,operating_limit_32,operating_limit,groth16,0.02146354100023018,0.2868874060000053,0.2514217479997569,0.5597726949999924,804,16,True,,ok,
20260728T123050Z_paper_groth16,2026-07-28T12:50:03.665087+00:00,measured,2,17,9,separate_account_budget_32,separate,account_budget_b32,baseline,unbound,4,privacy_budget_32,privacy_budget,groth16,0.018369577000157733,0.29515850600000704,0.245128983000086,0.5586570660002508,807,16,True,,ok,
20260728T123050Z_paper_groth16,2026-07-28T12:50:04.262915+00:00,measured,2,17,10,account_policy_core_64,monolithic,account_core_b64,baseline,shared_witness,1,account_policy_core_64,account_policy_core,groth16,0.02156101699983992,0.3064478119999876,0.2688712949998262,0.5968801239996537,805,26,True,,ok,
20260728T123050Z_paper_groth16,2026-07-28T12:50:04.820624+00:00,measured,2,17,11,local_financial_validity_64,monolithic,,,none,1,local_financial_validity_64,local_financial_validity,groth16,0.02267401599965524,0.29410688500001925,0.24032370600025388,0.5571046069999284,808,3,True,,ok,
20260728T123050Z_paper_groth16,2026-07-28T12:50:05.987139+00:00,measured,2,17,12,separate_valid_limit_64,separate,valid_limit_b64,baseline,unbound,1,local_financial_validity_64,local_financial_validity,groth16,0.02304424800013294,0.27916603700032283,0.25166979000005085,0.5538800750005066,806,3,True,,ok,
20260728T123050Z_paper_groth16,2026-07-28T12:50:05.987139+00:00,measured,2,17,12,separate_valid_limit_64,separate,valid_limit_b64,baseline,unbound,2,operating_limit_64,operating_limit,groth16,0.01949161400034427,0.32235045099969284,0.26969483999982913,0.6115369049998662,804,26,True,,ok,
20260728T123050Z_paper_groth16,2026-07-28T12:50:06.588372+00:00,measured,2,17,13,operating_limit_32,monolithic,,,none,1,operating_limit_32,operating_limit,groth16,0.018759452999802306,0.3202019869995638,0.26165280300028826,0.6006142429996544,808,16,True,,ok,
20260728T123050Z_paper_groth16,2026-07-28T12:50:07.138231+00:00,measured,2,17,14,local_financial_validity_16,monolithic,,,none,1,local_financial_validity_16,local_financial_validity,groth16,0.01998845900016022,0.2853273020000415,0.24394118800000797,0.5492569490002097,806,3,True,,ok,
20260728T123050Z_paper_groth16,2026-07-28T12:50:07.690613+00:00,measured,2,17,15,state_transition_and_conservation_64,monolithic,,,none,1,state_transition_and_conservation_64,state_transition_and_conservation,groth16,0.021996695999860094,0.2857007259999591,0.2439332670001022,0.5516306889999214,804,3,True,,ok,
20260728T123050Z_paper_groth16,2026-07-28T12:50:08.246249+00:00,measured,2,17,16,state_transition_and_conservation_16,monolithic,,,none,1,state_transition_and_conservation_16,state_transition_and_conservation,groth16,0.01902405100008764,0.2877547390003201,0.2482404630000019,0.5550192530004097,803,3,True,,ok,
20260728T123050Z_paper_groth16,2026-07-28T12:50:09.262141+00:00,measured,2,17,17,merkle_membership_depth_32,monolithic,,,none,1,merkle_membership_depth_32,merkle_membership,groth16,0.04466477300002225,0.7102597389998664,0.2602035310001156,1.0151280430000043,806,84,True,,ok,
20260728T123050Z_paper_groth16,2026-07-28T12:50:09.850580+00:00,measured,2,17,18,local_validity_and_operating_limit_64,monolithic,valid_limit_b64,baseline,shared_witness,1,local_validity_and_operating_limit_64,local_validity_and_operating_limit,groth16,0.023723308000171528,0.3025884639996548,0.2615248940001038,0.5878366659999301,807,26,True,,ok,
20260728T123050Z_paper_groth16,2026-07-28T12:50:10.871758+00:00,measured,2,17,19,token_policy_bundle_32_depth_32,monolithic,token_bundle_b32_d32,baseline,shared_witness,1,token_policy_bundle_32_depth_32,token_policy_bundle,groth16,0.051645004999954836,0.6938058509999792,0.2749904610000158,1.0204413169999498,804,261,True,,ok,
20260728T123050Z_paper_groth16,2026-07-28T12:50:11.442749+00:00,measured,2,17,20,state_transition_and_conservation_32,monolithic,,,none,1,state_transition_and_conservation_32,state_transition_and_conservation,groth16,0.01999403199988592,0.2815642040000057,0.2688164719997985,0.5703747079996901,805,3,True,,ok,
20260728T123050Z_paper_groth16,2026-07-28T12:50:12.074478+00:00,measured,2,17,21,operating_limit_64,monolithic,,,none,1,operating_limit_64,operating_limit,groth16,0.023575834999974177,0.3449862879997454,0.26250646199969196,0.6310685849994115,804,26,True,,ok,
20260728T123050Z_paper_groth16,2026-07-28T12:50:12.912111+00:00,measured,2,17,22,merkle_membership_depth_16,monolithic,,,none,1,merkle_membership_depth_16,merkle_membership,groth16,0.0411147519998849,0.5304585659996519,0.2653835830001299,0.8369569009996667,805,84,True,,ok,
20260728T123050Z_paper_groth16,2026-07-28T12:50:13.476263+00:00,measured,2,17,23,privacy_budget_16,monolithic,,,none,1,privacy_budget_16,privacy_budget,groth16,0.021073433000310615,0.26917417799995746,0.27328259000023536,0.5635302010005034,807,11,True,,ok,
20260728T123050Z_paper_groth16,2026-07-28T12:50:14.058815+00:00,measured,2,17,24,account_policy_with_privacy_budget_32,monolithic,account_budget_b32,baseline,shared_witness,1,account_policy_with_privacy_budget_32,account_policy_with_privacy_budget,groth16,0.02010205299984591,0.3070698659998925,0.25471229000004314,0.5818842089997815,807,30,True,,ok,
20260728T123050Z_paper_groth16,2026-07-28T12:50:16.613402+00:00,measured,2,17,25,separate_token_bundle_32_depth_8,separate,token_bundle_b32_d8,baseline,unbound,1,merkle_membership_depth_8,merkle_membership,groth16,0.03828564700006609,0.41064719999985755,0.27388964800002213,0.7228224949999458,802,84,True,,ok,
20260728T123050Z_paper_groth16,2026-07-28T12:50:16.613402+00:00,measured,2,17,25,separate_token_bundle_32_depth_8,separate,token_bundle_b32_d8,baseline,unbound,2,nullifier_correctness_poseidon,nullifier_correctness,groth16,0.03186752799956594,0.33356246399989686,0.2850326069997209,0.6504625989991837,802,164,True,,ok,
20260728T123050Z_paper_groth16,2026-07-28T12:50:16.613402+00:00,measured,2,17,25,separate_token_bundle_32_depth_8,separate,token_bundle_b32_d8,baseline,unbound,3,local_financial_validity_32,local_financial_validity,groth16,0.020330889000433672,0.2828966470001433,0.25236059700000624,0.5555881330005832,806,3,True,,ok,
20260728T123050Z_paper_groth16,2026-07-28T12:50:16.613402+00:00,measured,2,17,25,separate_token_bundle_32_depth_8,separate,token_bundle_b32_d8,baseline,unbound,4,privacy_budget_32,privacy_budget,groth16,0.019959487000051013,0.3176488839999365,0.2851793930003623,0.6227877640003499,803,16,True,,ok,
20260728T123050Z_paper_groth16,2026-07-28T12:50:17.244282+00:00,measured,2,17,26,nullifier_correctness_poseidon,monolithic,,,none,1,nullifier_correctness_poseidon,nullifier_correctness,groth16,0.033848148999823024,0.3277392330001021,0.2686413790002007,0.6302287610001258,803,164,True,,ok,
20260728T123050Z_paper_groth16,2026-07-28T12:50:19.527776+00:00,measured,2,17,27,separate_account_budget_16,separate,account_budget_b16,baseline,unbound,1,local_financial_validity_16,local_financial_validity,groth16,0.019441360000200802,0.2832852790002107,0.2564904299997579,0.5592170690001694,805,3,True,,ok,
20260728T123050Z_paper_groth16,2026-07-28T12:50:19.527776+00:00,measured,2,17,27,separate_account_budget_16,separate,account_budget_b16,baseline,unbound,2,state_transition_and_conservation_16,state_transition_and_conservation,groth16,0.02017075300000215,0.3067710679997617,0.2605716419998316,0.5875134629995955,807,3,True,,ok,
20260728T123050Z_paper_groth16,2026-07-28T12:50:19.527776+00:00,measured,2,17,27,separate_account_budget_16,separate,account_budget_b16,baseline,unbound,3,operating_limit_16,operating_limit,groth16,0.019900027999938175,0.2899832160001097,0.24992125700009638,0.5598045010001442,805,12,True,,ok,
20260728T123050Z_paper_groth16,2026-07-28T12:50:19.527776+00:00,measured,2,17,27,separate_account_budget_16,separate,account_budget_b16,baseline,unbound,4,privacy_budget_16,privacy_budget,groth16,0.017927568999766663,0.2939062940004078,0.26279121600009603,0.5746250790002705,806,11,True,,ok,
20260728T123050Z_paper_groth16,2026-07-28T12:50:20.125293+00:00,measured,2,17,28,privacy_budget_32,monolithic,,,none,1,privacy_budget_32,privacy_budget,groth16,0.021536204000312864,0.30478913300021304,0.27051857400010704,0.5968439110006329,806,16,True,,ok,
20260728T123050Z_paper_groth16,2026-07-28T12:50:20.929034+00:00,measured,2,17,29,token_policy_bundle_32_depth_8,monolithic,token_bundle_b32_d8,baseline,shared_witness,1,token_policy_bundle_32_depth_8,token_policy_bundle,groth16,0.047647102999690105,0.49699856600000203,0.2581625930001792,0.8028082619998713,806,261,True,,ok,
20260728T123050Z_paper_groth16,2026-07-28T12:50:22.681879+00:00,measured,2,17,30,separate_account_core_16,separate,account_core_b16,baseline,unbound,1,local_financial_validity_16,local_financial_validity,groth16,0.02256446700039305,0.3168329239997547,0.2572119759997804,0.5966093669999282,804,3,True,,ok,
20260728T123050Z_paper_groth16,2026-07-28T12:50:22.681879+00:00,measured,2,17,30,separate_account_core_16,separate,account_core_b16,baseline,unbound,2,state_transition_and_conservation_16,state_transition_and_conservation,groth16,0.019854168000165373,0.30227548799985016,0.25419075599984353,0.5763204119998591,804,3,True,,ok,
20260728T123050Z_paper_groth16,2026-07-28T12:50:22.681879+00:00,measured,2,17,30,separate_account_core_16,separate,account_core_b16,baseline,unbound,3,operating_limit_16,operating_limit,groth16,0.01959074599972155,0.28968189899978825,0.2690436329999102,0.57831627799942,802,12,True,,ok,
20260728T123050Z_paper_groth16,2026-07-28T12:50:25.012835+00:00,measured,2,17,31,separate_account_budget_64,separate,account_budget_b64,baseline,unbound,1,local_financial_validity_64,local_financial_validity,groth16,0.027679165999870747,0.29109985500008406,0.24175108200006434,0.5605301030000192,807,3,True,,ok,
20260728T123050Z_paper_groth16,2026-07-28T12:50:25.012835+00:00,measured,2,17,31,separate_account_budget_64,separate,account_budget_b64,baseline,unbound,2,state_transition_and_conservation_64,state_transition_and_conservation,groth16,0.020831598000313534,0.3046820149997984,0.28091849100019317,0.6064321040003051,804,3,True,,ok,
20260728T123050Z_paper_groth16,2026-07-28T12:50:25.012835+00:00,measured,2,17,31,separate_account_budget_64,separate,account_budget_b64,baseline,unbound,3,operating_limit_64,operating_limit,groth16,0.0193857150002259,0.29283846199996333,0.2716481530001147,0.5838723300003039,804,26,True,,ok,
20260728T123050Z_paper_groth16,2026-07-28T12:50:25.012835+00:00,measured,2,17,31,separate_account_budget_64,separate,account_budget_b64,baseline,unbound,4,privacy_budget_64,privacy_budget,groth16,0.019280756000171095,0.3051096429999234,0.25316812600021876,0.5775585250003132,804,26,True,,ok,
20260728T123050Z_paper_groth16,2026-07-28T12:50:25.586288+00:00,measured,2,17,32,local_validity_and_operating_limit_16,monolithic,valid_limit_b16,baseline,shared_witness,1,local_validity_and_operating_limit_16,local_validity_and_operating_limit,groth16,0.020883768999738095,0.28887180599986095,0.2628258919999098,0.5725814669995088,808,12,True,,ok,
20260728T123050Z_paper_groth16,2026-07-28T12:50:26.171952+00:00,measured,2,17,33,privacy_budget_64,monolithic,,,none,1,privacy_budget_64,privacy_budget,groth16,0.02051230699998996,0.3047588720000931,0.2597877050002353,0.5850588840003184,805,26,True,,ok,
20260728T123050Z_paper_groth16,2026-07-28T12:50:26.783507+00:00,measured,2,17,34,account_policy_core_32,monolithic,account_core_b32,baseline,shared_witness,1,account_policy_core_32,account_policy_core,groth16,0.02102583499981847,0.3125996009998744,0.27732520899962765,0.6109506449993205,806,16,True,,ok,
20260728T123050Z_paper_groth16,2026-07-28T12:50:27.370818+00:00,measured,2,17,35,account_policy_core_16,monolithic,account_core_b16,baseline,shared_witness,1,account_policy_core_16,account_policy_core,groth16,0.019336130999818124,0.29539689000012004,0.2719834549998268,0.586716475999765,806,12,True,,ok,
20260728T123050Z_paper_groth16,2026-07-28T12:50:28.515408+00:00,measured,2,17,36,separate_valid_limit_16,separate,valid_limit_b16,baseline,unbound,1,local_financial_validity_16,local_financial_validity,groth16,0.019326971999817033,0.2796330599999237,0.2527828289998979,0.5517428609996387,798,3,True,,ok,
20260728T123050Z_paper_groth16,2026-07-28T12:50:28.515408+00:00,measured,2,17,36,separate_valid_limit_16,separate,valid_limit_b16,baseline,unbound,2,operating_limit_16,operating_limit,groth16,0.021043593999820587,0.3031746669998938,0.2675320839998676,0.591750344999582,805,12,True,,ok,
20260728T123050Z_paper_groth16,2026-07-28T12:50:29.278544+00:00,measured,2,17,37,merkle_membership_depth_8,monolithic,,,none,1,merkle_membership_depth_8,merkle_membership,groth16,0.0386789500003033,0.4508045719999245,0.2729569210000591,0.7624404430002869,805,84,True,,ok,
20260728T123050Z_paper_groth16,2026-07-28T12:50:29.933685+00:00,measured,2,17,38,linked_valid_limit_monolithic_32,monolithic,valid_limit_b32,commitment_linked,tx_tag,1,linked_valid_limit_monolithic_32,local_validity_and_operating_limit,groth16,0.042282236000119156,0.3387045270001181,0.2733409819998087,0.654327745000046,804,98,True,True,ok,
20260728T123050Z_paper_groth16,2026-07-28T12:50:32.557773+00:00,measured,2,17,39,separate_token_bundle_32_depth_16,separate,token_bundle_b32_d16,baseline,unbound,1,merkle_membership_depth_16,merkle_membership,groth16,0.038638926000203355,0.5142020130001583,0.24986254900022686,0.8027034880005885,804,84,True,,ok,
20260728T123050Z_paper_groth16,2026-07-28T12:50:32.557773+00:00,measured,2,17,39,separate_token_bundle_32_depth_16,separate,token_bundle_b32_d16,baseline,unbound,2,nullifier_correctness_poseidon,nullifier_correctness,groth16,0.03004613099983544,0.34429252800009635,0.24895751300027769,0.6232961720002095,808,164,True,,ok,
20260728T123050Z_paper_groth16,2026-07-28T12:50:32.557773+00:00,measured,2,17,39,separate_token_bundle_32_depth_16,separate,token_bundle_b32_d16,baseline,unbound,3,local_financial_validity_32,local_financial_validity,groth16,0.01880368800038923,0.2816708979999021,0.25638178200006223,0.5568563680003535,805,3,True,,ok,
20260728T123050Z_paper_groth16,2026-07-28T12:50:32.557773+00:00,measured,2,17,39,separate_token_bundle_32_depth_16,separate,token_bundle_b32_d16,baseline,unbound,4,privacy_budget_32,privacy_budget,groth16,0.020859894000295753,0.2837403550001909,0.3344932639997751,0.6390935130002617,804,16,True,,ok,
20260728T123050Z_paper_groth16,2026-07-28T12:50:34.374488+00:00,measured,2,17,40,separate_account_core_32,separate,account_core_b32,baseline,unbound,1,local_financial_validity_32,local_financial_validity,groth16,0.02028156400001535,0.3343716030003634,0.2643175139996856,0.6189706810000644,806,3,True,,ok,
20260728T123050Z_paper_groth16,2026-07-28T12:50:34.374488+00:00,measured,2,17,40,separate_account_core_32,separate,account_core_b32,baseline,unbound,2,state_transition_and_conservation_32,state_transition_and_conservation,groth16,0.02073965399995359,0.3112212199998794,0.27171440600022834,0.6036752800000613,803,3,True,,ok,
20260728T123050Z_paper_groth16,2026-07-28T12:50:34.374488+00:00,measured,2,17,40,separate_account_core_32,separate,account_core_b32,baseline,unbound,3,operating_limit_32,operating_limit,groth16,0.018956751999667176,0.3037881400000515,0.26963672199963185,0.5923816139993505,801,16,True,,ok,
20260728T123050Z_paper_groth16,2026-07-28T12:50:37.338642+00:00,measured,2,17,41,linked_separate_token_bundle_32_depth_16,separate,token_bundle_b32_d16,commitment_linked,tx_tag,1,linked_token_bundle_membership_32_depth_16,linked_token_bundle_component,groth16,0.06758849300013026,0.530040335999729,0.2543915700002799,0.8520203990001392,804,342,True,True,ok,
20260728T123050Z_paper_groth16,2026-07-28T12:50:37.338642+00:00,measured,2,17,41,linked_separate_token_bundle_32_depth_16,separate,token_bundle_b32_d16,commitment_linked,tx_tag,2,linked_token_bundle_nullifier_32_depth_16,linked_token_bundle_component,groth16,0.05572464399983801,0.3696627310000622,0.26161175599963826,0.6869991309995385,806,342,True,True,ok,
20260728T123050Z_paper_groth16,2026-07-28T12:50:37.338642+00:00,measured,2,17,41,linked_separate_token_bundle_32_depth_16,separate,token_bundle_b32_d16,commitment_linked,tx_tag,3,linked_token_bundle_validity_32_depth_16,linked_token_bundle_component,groth16,0.05542760099979205,0.3616400480000266,0.27772937199961234,0.694797020999431,806,342,True,True,ok,
20260728T123050Z_paper_groth16,2026-07-28T12:50:37.338642+00:00,measured,2,17,41,linked_separate_token_bundle_32_depth_16,separate,token_bundle_b32_d16,commitment_linked,tx_tag,4,linked_token_bundle_budget_32_depth_16,linked_token_bundle_component,groth16,0.061340452000422374,0.3549788489999628,0.30964574700010417,0.7259650480004893,805,342,True,True,ok,
20260728T123050Z_paper_groth16,2026-07-28T12:50:37.917439+00:00,measured,2,17,42,local_financial_validity_32,monolithic,,,none,1,local_financial_validity_32,local_financial_validity,groth16,0.021790454999973008,0.30105599899980007,0.25532896000004257,0.5781754139998156,806,3,True,,ok,
20260728T123050Z_paper_groth16,2026-07-28T12:50:39.178690+00:00,measured,2,17,43,linked_separate_valid_limit_32,separate,valid_limit_b32,commitment_linked,tx_tag,1,linked_valid_limit_validity_32,linked_valid_limit_component,groth16,0.03961607900009767,0.32908998299990344,0.2553653959998883,0.6240714579998894,803,98,True,True,ok,
20260728T123050Z_paper_groth16,2026-07-28T12:50:39.178690+00:00,measured,2,17,43,linked_separate_valid_limit_32,separate,valid_limit_b32,commitment_linked,tx_tag,2,linked_valid_limit_limit_32,linked_valid_limit_component,groth16,0.0439669130000766,0.3417780480003785,0.2499247830000968,0.6356697440005519,808,98,True,True,ok,
20260728T123050Z_paper_groth16,2026-07-28T12:50:39.744310+00:00,measured,2,17,44,account_policy_with_privacy_budget_16,monolithic,account_budget_b16,baseline,shared_witness,1,account_policy_with_privacy_budget_16,account_policy_with_privacy_budget,groth16,0.020167594999747962,0.2949549150002895,0.2499081619998833,0.5650306719999207,806,21,True,,ok,
20260728T123050Z_paper_groth16,2026-07-28T12:50:40.342233+00:00,measured,2,17,45,account_policy_with_privacy_budget_64,monolithic,account_budget_b64,baseline,shared_witness,1,account_policy_with_privacy_budget_64,account_policy_with_privacy_budget,groth16,0.021436105000248062,0.3094973590000336,0.26638173600031223,0.5973152000005939,805,50,True,,ok,
20260728T123050Z_paper_groth16,2026-07-28T12:50:43.126520+00:00,measured,2,17,46,linked_separate_account_budget_32,separate,account_budget_b32,commitment_linked,tx_tag,1,linked_account_budget_validity_32,linked_account_budget_component,groth16,0.05753559300001143,0.3498966960000871,0.2576272030000837,0.6650594920001822,806,111,True,True,ok,
20260728T123050Z_paper_groth16,2026-07-28T12:50:43.126520+00:00,measured,2,17,46,linked_separate_account_budget_32,separate,account_budget_b32,commitment_linked,tx_tag,2,linked_account_budget_transition_32,linked_account_budget_component,groth16,0.0579230399998778,0.3465549259999534,0.2690285909998238,0.673506556999655,799,111,True,True,ok,
20260728T123050Z_paper_groth16,2026-07-28T12:50:43.126520+00:00,measured,2,17,46,linked_separate_account_budget_32,separate,account_budget_b32,commitment_linked,tx_tag,3,linked_account_budget_limit_32,linked_account_budget_component,groth16,0.05898782599979313,0.35139031400012755,0.29054673300015565,0.7009248730000763,805,111,True,True,ok,
20260728T123050Z_paper_groth16,2026-07-28T12:50:43.126520+00:00,measured,2,17,46,linked_separate_account_budget_32,separate,account_budget_b32,commitment_linked,tx_tag,4,linked_account_budget_budget_32,linked_account_budget_component,groth16,0.06272747599996364,0.40175645699991946,0.27693488400018396,0.7414188170000671,806,111,True,True,ok,
20260728T123050Z_paper_groth16,2026-07-28T12:50:45.344314+00:00,measured,2,18,1,separate_account_budget_16,separate,account_budget_b16,baseline,unbound,1,local_financial_validity_16,local_financial_validity,groth16,0.020411064000199985,0.2826797519996944,0.2542709439999271,0.5573617599998215,801,3,True,,ok,
20260728T123050Z_paper_groth16,2026-07-28T12:50:45.344314+00:00,measured,2,18,1,separate_account_budget_16,separate,account_budget_b16,baseline,unbound,2,state_transition_and_conservation_16,state_transition_and_conservation,groth16,0.019125422999877628,0.2941480290000982,0.23754178799981673,0.5508152399997925,806,3,True,,ok,
20260728T123050Z_paper_groth16,2026-07-28T12:50:45.344314+00:00,measured,2,18,1,separate_account_budget_16,separate,account_budget_b16,baseline,unbound,3,operating_limit_16,operating_limit,groth16,0.019201394999981858,0.28034572499973365,0.24597773799996503,0.5455248579996805,805,12,True,,ok,
20260728T123050Z_paper_groth16,2026-07-28T12:50:45.344314+00:00,measured,2,18,1,separate_account_budget_16,separate,account_budget_b16,baseline,unbound,4,privacy_budget_16,privacy_budget,groth16,0.021483280999746057,0.28322709299982307,0.2572232070001519,0.561933580999721,807,11,True,,ok,
20260728T123050Z_paper_groth16,2026-07-28T12:50:46.053203+00:00,measured,2,18,2,merkle_membership_depth_8,monolithic,,,none,1,merkle_membership_depth_8,merkle_membership,groth16,0.038945908000187046,0.422198300999753,0.2468451660001847,0.7079893750001247,803,84,True,,ok,
20260728T123050Z_paper_groth16,2026-07-28T12:50:46.791222+00:00,measured,2,18,3,token_policy_bundle_32_depth_8,monolithic,token_bundle_b32_d8,baseline,shared_witness,1,token_policy_bundle_32_depth_8,token_policy_bundle,groth16,0.043369051000354375,0.4380891939999856,0.25590953100027036,0.7373677760006103,807,261,True,,ok,
20260728T123050Z_paper_groth16,2026-07-28T12:50:47.375714+00:00,measured,2,18,4,account_policy_with_privacy_budget_16,monolithic,account_budget_b16,baseline,shared_witness,1,account_policy_with_privacy_budget_16,account_policy_with_privacy_budget,groth16,0.01938315200004581,0.2987418880002224,0.26576362900004824,0.5838886690003164,804,21,True,,ok,
20260728T123050Z_paper_groth16,2026-07-28T12:50:47.985793+00:00,measured,2,18,5,account_policy_with_privacy_budget_64,monolithic,account_budget_b64,baseline,shared_witness,1,account_policy_with_privacy_budget_64,account_policy_with_privacy_budget,groth16,0.024876562999907037,0.31311611000000994,0.27145980299974326,0.6094524759996602,804,50,True,,ok,
20260728T123050Z_paper_groth16,2026-07-28T12:50:49.756960+00:00,measured,2,18,6,separate_account_core_32,separate,account_core_b32,baseline,unbound,1,local_financial_validity_32,local_financial_validity,groth16,0.021743198999956803,0.31771112500018717,0.25874107800018464,0.5981954020003286,807,3,True,,ok,
20260728T123050Z_paper_groth16,2026-07-28T12:50:49.756960+00:00,measured,2,18,6,separate_account_core_32,separate,account_core_b32,baseline,unbound,2,state_transition_and_conservation_32,state_transition_and_conservation,groth16,0.024095011000099475,0.3063060729996323,0.25765813499992873,0.5880592189996605,803,3,True,,ok,
20260728T123050Z_paper_groth16,2026-07-28T12:50:49.756960+00:00,measured,2,18,6,separate_account_core_32,separate,account_core_b32,baseline,unbound,3,operating_limit_32,operating_limit,groth16,0.01974625599996216,0.2917753330002597,0.27176902500013966,0.5832906140003615,800,16,True,,ok,
20260728T123050Z_paper_groth16,2026-07-28T12:50:50.340249+00:00,measured,2,18,7,operating_limit_64,monolithic,,,none,1,operating_limit_64,operating_limit,groth16,0.022341247999975167,0.2910825149997436,0.26919060099999115,0.5826143639997099,809,26,True,,ok,
20260728T123050Z_paper_groth16,2026-07-28T12:50:50.900950+00:00,measured,2,18,8,state_transition_and_conservation_16,monolithic,,,none,1,state_transition_and_conservation_16,state_transition_and_conservation,groth16,0.021904275999986567,0.2792339650000031,0.25895011400007206,0.5600883550000617,804,3,True,,ok,
20260728T123050Z_paper_groth16,2026-07-28T12:50:51.510959+00:00,measured,2,18,9,state_transition_and_conservation_64,monolithic,,,none,1,state_transition_and_conservation_64,state_transition_and_conservation,groth16,0.02435640199973932,0.31735610599980646,0.259386263000124,0.6010987709996698,807,3,True,,ok,
20260728T123050Z_paper_groth16,2026-07-28T12:50:52.103189+00:00,measured,2,18,10,local_validity_and_operating_limit_16,monolithic,valid_limit_b16,baseline,shared_witness,1,local_validity_and_operating_limit_16,local_validity_and_operating_limit,groth16,0.024470356999700016,0.3139389950001714,0.25291531499988196,0.5913246669997534,807,12,True,,ok,
20260728T123050Z_paper_groth16,2026-07-28T12:50:53.378895+00:00,measured,2,18,11,linked_separate_valid_limit_32,separate,valid_limit_b32,commitment_linked,tx_tag,1,linked_valid_limit_validity_32,linked_valid_limit_component,groth16,0.045056784999815136,0.3583160780003709,0.24580741499994474,0.6491802780001308,804,98,True,True,ok,
20260728T123050Z_paper_groth16,2026-07-28T12:50:53.378895+00:00,measured,2,18,11,linked_separate_valid_limit_32,separate,valid_limit_b32,commitment_linked,tx_tag,2,linked_valid_limit_limit_32,linked_valid_limit_component,groth16,0.037411689999771625,0.334150862000115,0.25346151899975666,0.6250240709996433,806,98,True,True,ok,
20260728T123050Z_paper_groth16,2026-07-28T12:50:55.713290+00:00,measured,2,18,12,separate_account_budget_32,separate,account_budget_b32,baseline,unbound,1,local_financial_validity_32,local_financial_validity,groth16,0.020069023999894853,0.2753332409997711,0.2712080960000094,0.5666103609996753,805,3,True,,ok,
20260728T123050Z_paper_groth16,2026-07-28T12:50:55.713290+00:00,measured,2,18,12,separate_account_budget_32,separate,account_budget_b32,baseline,unbound,2,state_transition_and_conservation_32,state_transition_and_conservation,groth16,0.022260103999997227,0.3229576929998075,0.2552273100000093,0.600445106999814,806,3,True,,ok,
20260728T123050Z_paper_groth16,2026-07-28T12:50:55.713290+00:00,measured,2,18,12,separate_account_budget_32,separate,account_budget_b32,baseline,unbound,3,operating_limit_32,operating_limit,groth16,0.01947142300014093,0.2856147920001604,0.2922618400002648,0.5973480550005661,806,16,True,,ok,
20260728T123050Z_paper_groth16,2026-07-28T12:50:55.713290+00:00,measured,2,18,12,separate_account_budget_32,separate,account_budget_b32,baseline,unbound,4,privacy_budget_32,privacy_budget,groth16,0.020407731999966927,0.2962016879996554,0.2508962189999693,0.5675056389995916,806,16,True,,ok,
20260728T123050Z_paper_groth16,2026-07-28T12:50:56.314674+00:00,measured,2,18,13,local_financial_validity_32,monolithic,,,none,1,local_financial_validity_32,local_financial_validity,groth16,0.02028463099986766,0.31931100400015566,0.2611435800004074,0.6007392150004307,804,3,True,,ok,
20260728T123050Z_paper_groth16,2026-07-28T12:50:56.900040+00:00,measured,2,18,14,operating_limit_16,monolithic,,,none,1,operating_limit_16,operating_limit,groth16,0.019713667999894824,0.3006447030002164,0.26440297199997076,0.584761343000082,805,12,True,,ok,
20260728T123050Z_paper_groth16,2026-07-28T12:50:59.806888+00:00,measured,2,18,15,linked_separate_token_bundle_32_depth_16,separate,token_bundle_b32_d16,commitment_linked,tx_tag,1,linked_token_bundle_membership_32_depth_16,linked_token_bundle_component,groth16,0.05850675100009539,0.5643761000001177,0.27767550399994434,0.9005583550001575,803,342,True,True,ok,
20260728T123050Z_paper_groth16,2026-07-28T12:50:59.806888+00:00,measured,2,18,15,linked_separate_token_bundle_32_depth_16,separate,token_bundle_b32_d16,commitment_linked,tx_tag,2,linked_token_bundle_nullifier_32_depth_16,linked_token_bundle_component,groth16,0.05982737000022098,0.35801852799977496,0.2610686960001658,0.6789145940001617,802,342,True,True,ok,
20260728T123050Z_paper_groth16,2026-07-28T12:50:59.806888+00:00,measured,2,18,15,linked_separate_token_bundle_32_depth_16,separate,token_bundle_b32_d16,commitment_linked,tx_tag,3,linked_token_bundle_validity_32_depth_16,linked_token_bundle_component,groth16,0.05673806200002218,0.32955661200003306,0.25699641799974415,0.6432910919997994,805,342,True,True,ok,
20260728T123050Z_paper_groth16,2026-07-28T12:50:59.806888+00:00,measured,2,18,15,linked_separate_token_bundle_32_depth_16,separate,token_bundle_b32_d16,commitment_linked,tx_tag,4,linked_token_bundle_budget_32_depth_16,linked_token_bundle_component,groth16,0.053858709999985876,0.35982119800019063,0.26639694400000735,0.6800768520001839,802,342,True,True,ok,
20260728T123050Z_paper_groth16,2026-07-28T12:51:02.544071+00:00,measured,2,18,16,separate_token_bundle_32_depth_16,separate,token_bundle_b32_d16,baseline,unbound,1,merkle_membership_depth_16,merkle_membership,groth16,0.04293811599973196,0.5238216630000352,0.24842043899980126,0.8151802179995684,807,84,True,,ok,
20260728T123050Z_paper_groth16,2026-07-28T12:51:02.544071+00:00,measured,2,18,16,separate_token_bundle_32_depth_16,separate,token_bundle_b32_d16,baseline,unbound,2,nullifier_correctness_poseidon,nullifier_correctness,groth16,0.031138362999627134,0.306415589000153,0.321207971000149,0.6587619229999291,805,164,True,,ok,
20260728T123050Z_paper_groth16,2026-07-28T12:51:02.544071+00:00,measured,2,18,16,separate_token_bundle_32_depth_16,separate,token_bundle_b32_d16,baseline,unbound,3,local_financial_validity_32,local_financial_validity,groth16,0.019725236000340374,0.2863855290001993,0.27450850199966226,0.5806192670002019,807,3,True,,ok,
20260728T123050Z_paper_groth16,2026-07-28T12:51:02.544071+00:00,measured,2,18,16,separate_token_bundle_32_depth_16,separate,token_bundle_b32_d16,baseline,unbound,4,privacy_budget_32,privacy_budget,groth16,0.018751532999885967,0.3259320739998657,0.33520174900013444,0.6798853559998861,803,16,True,,ok,
20260728T123050Z_paper_groth16,2026-07-28T12:51:03.135142+00:00,measured,2,18,17,account_policy_core_32,monolithic,account_core_b32,baseline,shared_witness,1,account_policy_core_32,account_policy_core,groth16,0.021908566000092833,0.29268366499991316,0.2758249019998402,0.5904171329998462,805,16,True,,ok,
20260728T123050Z_paper_groth16,2026-07-28T12:51:05.491778+00:00,measured,2,18,18,separate_account_budget_64,separate,account_budget_b64,baseline,unbound,1,local_financial_validity_64,local_financial_validity,groth16,0.021265443999709532,0.3182949709998866,0.2566628370000217,0.5962232519996178,804,3,True,,ok,
20260728T123050Z_paper_groth16,2026-07-28T12:51:05.491778+00:00,measured,2,18,18,separate_account_budget_64,separate,account_budget_b64,baseline,unbound,2,state_transition_and_conservation_64,state_transition_and_conservation,groth16,0.023185492000266095,0.29620017000024745,0.2538954560000093,0.5732811180005228,803,3,True,,ok,
20260728T123050Z_paper_groth16,2026-07-28T12:51:05.491778+00:00,measured,2,18,18,separate_account_budget_64,separate,account_budget_b64,baseline,unbound,3,operating_limit_64,operating_limit,groth16,0.020761548999871593,0.29390741899987916,0.2744242710000435,0.5890932389997943,807,26,True,,ok,
20260728T123050Z_paper_groth16,2026-07-28T12:51:05.491778+00:00,measured,2,18,18,separate_account_budget_64,separate,account_budget_b64,baseline,unbound,4,privacy_budget_64,privacy_budget,groth16,0.022569969000414858,0.30818618400007836,0.2651929970002129,0.5959491500007061,805,26,True,,ok,
20260728T123050Z_paper_groth16,2026-07-28T12:51:06.083502+00:00,measured,2,18,19,operating_limit_32,monolithic,,,none,1,operating_limit_32,operating_limit,groth16,0.022275690999776998,0.3022510730002068,0.2665554400000474,0.5910822040000312,801,16,True,,ok,
20260728T123050Z_paper_groth16,2026-07-28T12:51:06.710317+00:00,measured,2,18,20,local_validity_and_operating_limit_64,monolithic,valid_limit_b64,baseline,shared_witness,1,local_validity_and_operating_limit_64,local_validity_and_operating_limit,groth16,0.01978542599999855,0.34930142000030173,0.2571168129998114,0.6262036590001117,807,26,True,,ok,
20260728T123050Z_paper_groth16,2026-07-28T12:51:07.290219+00:00,measured,2,18,21,local_financial_validity_16,monolithic,,,none,1,local_financial_validity_16,local_financial_validity,groth16,0.021431544000279246,0.2962528969997038,0.26161473700040005,0.5792991780003831,801,3,True,,ok,
20260728T123050Z_paper_groth16,2026-07-28T12:51:08.451759+00:00,measured,2,18,22,separate_valid_limit_16,separate,valid_limit_b16,baseline,unbound,1,local_financial_validity_16,local_financial_validity,groth16,0.021413266000308795,0.30407540099986363,0.27018590099987705,0.5956745680000495,808,3,True,,ok,
20260728T123050Z_paper_groth16,2026-07-28T12:51:08.451759+00:00,measured,2,18,22,separate_valid_limit_16,separate,valid_limit_b16,baseline,unbound,2,operating_limit_16,operating_limit,groth16,0.01850560699995185,0.2876186409998809,0.25842695100027413,0.5645511990001069,805,12,True,,ok,
20260728T123050Z_paper_groth16,2026-07-28T12:51:09.355223+00:00,measured,2,18,23,linked_token_bundle_monolithic_32_depth_16,monolithic,token_bundle_b32_d16,commitment_linked,tx_tag,1,linked_token_bundle_monolithic_32_depth_16,token_policy_bundle,groth16,0.05690841500017996,0.5898708280001301,0.25402688999975,0.9008061330000601,805,342,True,True,ok,
20260728T123050Z_paper_groth16,2026-07-28T12:51:10.588738+00:00,measured,2,18,24,separate_valid_limit_64,separate,valid_limit_b64,baseline,unbound,1,local_financial_validity_64,local_financial_validity,groth16,0.020503594999809138,0.33054601799995,0.28784650100033105,0.6388961140000902,806,3,True,,ok,
20260728T123050Z_paper_groth16,2026-07-28T12:51:10.588738+00:00,measured,2,18,24,separate_valid_limit_64,separate,valid_limit_b64,baseline,unbound,2,operating_limit_64,operating_limit,groth16,0.019599753999955283,0.3169128700001238,0.2570276050000757,0.5935402290001548,806,26,True,,ok,
20260728T123050Z_paper_groth16,2026-07-28T12:51:13.077957+00:00,measured,2,18,25,separate_token_bundle_32_depth_8,separate,token_bundle_b32_d8,baseline,unbound,1,merkle_membership_depth_8,merkle_membership,groth16,0.03952313599984336,0.41374690100019507,0.25800535000007585,0.7112753870001143,805,84,True,,ok,
20260728T123050Z_paper_groth16,2026-07-28T12:51:13.077957+00:00,measured,2,18,25,separate_token_bundle_32_depth_8,separate,token_bundle_b32_d8,baseline,unbound,2,nullifier_correctness_poseidon,nullifier_correctness,groth16,0.031741519999741286,0.30435655599967504,0.27077036499986207,0.6068684409992784,805,164,True,,ok,
20260728T123050Z_paper_groth16,2026-07-28T12:51:13.077957+00:00,measured,2,18,25,separate_token_bundle_32_depth_8,separate,token_bundle_b32_d8,baseline,unbound,3,local_financial_validity_32,local_financial_validity,groth16,0.019513236999955552,0.31014529399999446,0.24708051099969452,0.5767390419996445,805,3,True,,ok,
20260728T123050Z_paper_groth16,2026-07-28T12:51:13.077957+00:00,measured,2,18,25,separate_token_bundle_32_depth_8,separate,token_bundle_b32_d8,baseline,unbound,4,privacy_budget_32,privacy_budget,groth16,0.020612119999896095,0.30492425100010223,0.2665845259998605,0.5921208969998588,805,16,True,,ok,
20260728T123050Z_paper_groth16,2026-07-28T12:51:13.724375+00:00,measured,2,18,26,state_transition_and_conservation_32,monolithic,,,none,1,state_transition_and_conservation_32,state_transition_and_conservation,groth16,0.021166806000110228,0.31947390799996356,0.3051297789997989,0.6457704929998727,804,3,True,,ok,
20260728T123050Z_paper_groth16,2026-07-28T12:51:14.646241+00:00,measured,2,18,27,token_policy_bundle_32_depth_16,monolithic,token_bundle_b32_d16,baseline,shared_witness,1,token_policy_bundle_32_depth_16,token_policy_bundle,groth16,0.048460621000231185,0.5766576099999838,0.2960048189997906,0.9211230500000056,803,260,True,,ok,
20260728T123050Z_paper_groth16,2026-07-28T12:51:15.292305+00:00,measured,2,18,28,local_validity_and_operating_limit_32,monolithic,valid_limit_b32,baseline,shared_witness,1,local_validity_and_operating_limit_32,local_validity_and_operating_limit,groth16,0.02248660299983385,0.3324085140002353,0.2904150730000765,0.6453101900001457,804,16,True,,ok,
20260728T123050Z_paper_groth16,2026-07-28T12:51:18.156318+00:00,measured,2,18,29,separate_token_bundle_32_depth_32,separate,token_bundle_b32_d32,baseline,unbound,1,merkle_membership_depth_32,merkle_membership,groth16,0.045993795999947906,0.704327918999752,0.27121193199991467,1.0215336469996146,807,84,True,,ok,
20260728T123050Z_paper_groth16,2026-07-28T12:51:18.156318+00:00,measured,2,18,29,separate_token_bundle_32_depth_32,separate,token_bundle_b32_d32,baseline,unbound,2,nullifier_correctness_poseidon,nullifier_correctness,groth16,0.03855830100019375,0.34764475800011496,0.287984902000062,0.6741879610003707,807,164,True,,ok,
20260728T123050Z_paper_groth16,2026-07-28T12:51:18.156318+00:00,measured,2,18,29,separate_token_bundle_32_depth_32,separate,token_bundle_b32_d32,baseline,unbound,3,local_financial_validity_32,local_financial_validity,groth16,0.01885808499991981,0.3234778859996368,0.26904332399999475,0.6113792949995513,804,3,True,,ok,
20260728T123050Z_paper_groth16,2026-07-28T12:51:18.156318+00:00,measured,2,18,29,separate_token_bundle_32_depth_32,separate,token_bundle_b32_d32,baseline,unbound,4,privacy_budget_32,privacy_budget,groth16,0.02133059100015089,0.2883472339999571,0.24469281399979081,0.5543706389998988,806,16,True,,ok,
20260728T123050Z_paper_groth16,2026-07-28T12:51:18.710432+00:00,measured,2,18,30,account_policy_core_64,monolithic,account_core_b64,baseline,shared_witness,1,account_policy_core_64,account_policy_core,groth16,0.020980259999760165,0.2905630029999884,0.24192655600018043,0.553469818999929,803,26,True,,ok,
20260728T123050Z_paper_groth16,2026-07-28T12:51:20.425642+00:00,measured,2,18,31,separate_account_core_64,separate,account_core_b64,baseline,unbound,1,local_financial_validity_64,local_financial_validity,groth16,0.021205596999607224,0.3103814350001812,0.2643334720000894,0.5959205039998778,804,3,True,,ok,
20260728T123050Z_paper_groth16,2026-07-28T12:51:20.425642+00:00,measured,2,18,31,separate_account_core_64,separate,account_core_b64,baseline,unbound,2,state_transition_and_conservation_64,state_transition_and_conservation,groth16,0.01996053299990308,0.2936345399998572,0.2527277009999125,0.5663227739996728,804,3,True,,ok,
20260728T123050Z_paper_groth16,2026-07-28T12:51:20.425642+00:00,measured,2,18,31,separate_account_core_64,separate,account_core_b64,baseline,unbound,3,operating_limit_64,operating_limit,groth16,0.020202983999752178,0.2868029830001433,0.2443307889998323,0.5513367559997278,803,26,True,,ok,
20260728T123050Z_paper_groth16,2026-07-28T12:51:21.007078+00:00,measured,2,18,32,local_financial_validity_64,monolithic,,,none,1,local_financial_validity_64,local_financial_validity,groth16,0.020726995000131865,0.30409342800021477,0.2559845979999409,0.5808050210002875,806,3,True,,ok,
20260728T123050Z_paper_groth16,2026-07-28T12:51:21.858576+00:00,measured,2,18,33,merkle_membership_depth_16,monolithic,,,none,1,merkle_membership_depth_16,merkle_membership,groth16,0.037793345999943995,0.5192812119998962,0.28539543099986986,0.84246998899971,804,84,True,,ok,
20260728T123050Z_paper_groth16,2026-07-28T12:51:22.432302+00:00,measured,2,18,34,account_policy_core_16,monolithic,account_core_b16,baseline,shared_witness,1,account_policy_core_16,account_policy_core,groth16,0.02322412399962559,0.29861751299995376,0.2512154930000179,0.5730571299995972,802,12,True,,ok,
20260728T123050Z_paper_groth16,2026-07-28T12:51:23.039240+00:00,measured,2,18,35,nullifier_correctness_poseidon,monolithic,,,none,1,nullifier_correctness_poseidon,nullifier_correctness,groth16,0.0320414160000837,0.30208358599975327,0.272198397000011,0.606323398999848,803,164,True,,ok,
20260728T123050Z_paper_groth16,2026-07-28T12:51:23.621356+00:00,measured,2,18,36,privacy_budget_32,monolithic,,,none,1,privacy_budget_32,privacy_budget,groth16,0.021130593000179942,0.30484723099971234,0.25545513699989897,0.5814329609997912,806,16,True,,ok,
20260728T123050Z_paper_groth16,2026-07-28T12:51:24.763605+00:00,measured,2,18,37,separate_valid_limit_32,separate,valid_limit_b32,baseline,unbound,1,local_financial_validity_32,local_financial_validity,groth16,0.019060650000028545,0.29803605399956723,0.25214433700011796,0.5692410409997137,804,3,True,,ok,
20260728T123050Z_paper_groth16,2026-07-28T12:51:24.763605+00:00,measured,2,18,37,separate_valid_limit_32,separate,valid_limit_b32,baseline,unbound,2,operating_limit_32,operating_limit,groth16,0.018824169999788865,0.2893327040001168,0.2635094160000335,0.5716662899999392,804,16,True,,ok,
20260728T123050Z_paper_groth16,2026-07-28T12:51:25.429883+00:00,measured,2,18,38,linked_account_budget_monolithic_32,monolithic,account_budget_b32,commitment_linked,tx_tag,1,linked_account_budget_monolithic_32,account_policy_with_privacy_budget,groth16,0.059217418000116595,0.3498080169997593,0.2562865380000403,0.6653119729999162,806,111,True,True,ok,
20260728T123050Z_paper_groth16,2026-07-28T12:51:26.424481+00:00,measured,2,18,39,merkle_membership_depth_32,monolithic,,,none,1,merkle_membership_depth_32,merkle_membership,groth16,0.04004277700005332,0.71352183099998,0.2403962989997126,0.9939609069997459,802,84,True,,ok,
20260728T123050Z_paper_groth16,2026-07-28T12:51:28.118674+00:00,measured,2,18,40,separate_account_core_16,separate,account_core_b16,baseline,unbound,1,local_financial_validity_16,local_financial_validity,groth16,0.018273189999945316,0.27766782200023954,0.2654576609998003,0.5613986729999851,806,3,True,,ok,
20260728T123050Z_paper_groth16,2026-07-28T12:51:28.118674+00:00,measured,2,18,40,separate_account_core_16,separate,account_core_b16,baseline,unbound,2,state_transition_and_conservation_16,state_transition_and_conservation,groth16,0.019213007999951515,0.282724663999943,0.24322516599977462,0.5451628379996691,805,3,True,,ok,
20260728T123050Z_paper_groth16,2026-07-28T12:51:28.118674+00:00,measured,2,18,40,separate_account_core_16,separate,account_core_b16,baseline,unbound,3,operating_limit_16,operating_limit,groth16,0.0187505459998647,0.2894718779998584,0.27782147400012036,0.5860438979998435,804,12,True,,ok,
20260728T123050Z_paper_groth16,2026-07-28T12:51:28.726365+00:00,measured,2,18,41,linked_valid_limit_monolithic_32,monolithic,valid_limit_b32,commitment_linked,tx_tag,1,linked_valid_limit_monolithic_32,local_validity_and_operating_limit,groth16,0.038280891999875166,0.324760150000202,0.24381605400003536,0.6068570960001125,806,98,True,True,ok,
20260728T123050Z_paper_groth16,2026-07-28T12:51:29.301944+00:00,measured,2,18,42,account_policy_with_privacy_budget_32,monolithic,account_budget_b32,baseline,shared_witness,1,account_policy_with_privacy_budget_32,account_policy_with_privacy_budget,groth16,0.019646162999833905,0.3074612430000343,0.24787761100014905,0.5749850170000173,806,30,True,,ok,
20260728T123050Z_paper_groth16,2026-07-28T12:51:29.888585+00:00,measured,2,18,43,privacy_budget_64,monolithic,,,none,1,privacy_budget_64,privacy_budget,groth16,0.019976770999619475,0.2947399360000418,0.27127196300034484,0.5859886700000061,807,26,True,,ok,
20260728T123050Z_paper_groth16,2026-07-28T12:51:30.460916+00:00,measured,2,18,44,privacy_budget_16,monolithic,,,none,1,privacy_budget_16,privacy_budget,groth16,0.02227594800024235,0.2780845060001411,0.2713217909999912,0.5716822450003747,807,11,True,,ok,
20260728T123050Z_paper_groth16,2026-07-28T12:51:33.076789+00:00,measured,2,18,45,linked_separate_account_budget_32,separate,account_budget_b32,commitment_linked,tx_tag,1,linked_account_budget_validity_32,linked_account_budget_component,groth16,0.05751255099994523,0.33748570199986716,0.2656127979998928,0.6606110509997052,805,111,True,True,ok,
20260728T123050Z_paper_groth16,2026-07-28T12:51:33.076789+00:00,measured,2,18,45,linked_separate_account_budget_32,separate,account_budget_b32,commitment_linked,tx_tag,2,linked_account_budget_transition_32,linked_account_budget_component,groth16,0.055971451999994315,0.3334291050000502,0.2624162960000831,0.6518168530001276,807,111,True,True,ok,
20260728T123050Z_paper_groth16,2026-07-28T12:51:33.076789+00:00,measured,2,18,45,linked_separate_account_budget_32,separate,account_budget_b32,commitment_linked,tx_tag,3,linked_account_budget_limit_32,linked_account_budget_component,groth16,0.05695743200021752,0.3455025260000184,0.25440578200004893,0.6568657400002849,805,111,True,True,ok,
20260728T123050Z_paper_groth16,2026-07-28T12:51:33.076789+00:00,measured,2,18,45,linked_separate_account_budget_32,separate,account_budget_b32,commitment_linked,tx_tag,4,linked_account_budget_budget_32,linked_account_budget_component,groth16,0.055889068999931624,0.3316772440002751,0.2559696060002352,0.6435359190004419,808,111,True,True,ok,
20260728T123050Z_paper_groth16,2026-07-28T12:51:34.052944+00:00,measured,2,18,46,token_policy_bundle_32_depth_32,monolithic,token_bundle_b32_d32,baseline,shared_witness,1,token_policy_bundle_32_depth_32,token_policy_bundle,groth16,0.04635314899996956,0.6614403339999626,0.2676207770000474,0.9754142599999795,803,261,True,,ok,
20260728T123050Z_paper_groth16,2026-07-28T12:51:34.639539+00:00,measured,2,19,1,local_validity_and_operating_limit_16,monolithic,valid_limit_b16,baseline,shared_witness,1,local_validity_and_operating_limit_16,local_validity_and_operating_limit,groth16,0.02181360000031418,0.3087437230001342,0.2553693889999522,0.5859267120004006,804,12,True,,ok,
20260728T123050Z_paper_groth16,2026-07-28T12:51:35.803593+00:00,measured,2,19,2,separate_valid_limit_64,separate,valid_limit_b64,baseline,unbound,1,local_financial_validity_64,local_financial_validity,groth16,0.020940944999892963,0.3030628559999968,0.2513427320000119,0.5753465329999017,803,3,True,,ok,
20260728T123050Z_paper_groth16,2026-07-28T12:51:35.803593+00:00,measured,2,19,2,separate_valid_limit_64,separate,valid_limit_b64,baseline,unbound,2,operating_limit_64,operating_limit,groth16,0.019654375000300206,0.3028519090003101,0.2650816069999564,0.5875878910005667,806,26,True,,ok,
20260728T123050Z_paper_groth16,2026-07-28T12:51:36.349301+00:00,measured,2,19,3,operating_limit_32,monolithic,,,none,1,operating_limit_32,operating_limit,groth16,0.019159009999839327,0.2802300590001323,0.24564637899993613,0.5450354479999078,805,16,True,,ok,
20260728T123050Z_paper_groth16,2026-07-28T12:51:36.938633+00:00,measured,2,19,4,account_policy_core_16,monolithic,account_core_b16,baseline,shared_witness,1,account_policy_core_16,account_policy_core,groth16,0.020343211999716004,0.2986653150001075,0.2697107179997147,0.5887192449995382,804,12,True,,ok,
20260728T123050Z_paper_groth16,2026-07-28T12:51:37.506718+00:00,measured,2,19,5,privacy_budget_64,monolithic,,,none,1,privacy_budget_64,privacy_budget,groth16,0.020555579999836482,0.296581277000314,0.2503440769996814,0.5674809339998319,800,26,True,,ok,
20260728T123050Z_paper_groth16,2026-07-28T12:51:39.766675+00:00,measured,2,19,6,separate_account_budget_16,separate,account_budget_b16,baseline,unbound,1,local_financial_validity_16,local_financial_validity,groth16,0.019465518000288284,0.30527974699998595,0.26509900400014885,0.5898442690004231,805,3,True,,ok,
20260728T123050Z_paper_groth16,2026-07-28T12:51:39.766675+00:00,measured,2,19,6,separate_account_budget_16,separate,account_budget_b16,baseline,unbound,2,state_transition_and_conservation_16,state_transition_and_conservation,groth16,0.019713034999767842,0.2790376030002335,0.23323757300022407,0.5319882110002254,805,3,True,,ok,
20260728T123050Z_paper_groth16,2026-07-28T12:51:39.766675+00:00,measured,2,19,6,separate_account_budget_16,separate,account_budget_b16,baseline,unbound,3,operating_limit_16,operating_limit,groth16,0.019421423000039795,0.28182362100005776,0.2518379419998382,0.5530829859999358,807,12,True,,ok,
20260728T123050Z_paper_groth16,2026-07-28T12:51:39.766675+00:00,measured,2,19,6,separate_account_budget_16,separate,account_budget_b16,baseline,unbound,4,privacy_budget_16,privacy_budget,groth16,0.019898245000149473,0.29308060000039404,0.26986208500011344,0.582840930000657,804,11,True,,ok,
20260728T123050Z_paper_groth16,2026-07-28T12:51:40.790363+00:00,measured,2,19,7,merkle_membership_depth_32,monolithic,,,none,1,merkle_membership_depth_32,merkle_membership,groth16,0.04222753099975307,0.719835052000235,0.26092378300018026,1.0229863660001683,805,84,True,,ok,
20260728T123050Z_paper_groth16,2026-07-28T12:51:43.145999+00:00,measured,2,19,8,separate_account_budget_64,separate,account_budget_b64,baseline,unbound,1,local_financial_validity_64,local_financial_validity,groth16,0.02058312700000897,0.2932433759997366,0.2631234430000404,0.576949945999786,807,3,True,,ok,
20260728T123050Z_paper_groth16,2026-07-28T12:51:43.145999+00:00,measured,2,19,8,separate_account_budget_64,separate,account_budget_b64,baseline,unbound,2,state_transition_and_conservation_64,state_transition_and_conservation,groth16,0.021663624000211712,0.3067281379999258,0.2557636540000203,0.5841554160001579,804,3,True,,ok,
20260728T123050Z_paper_groth16,2026-07-28T12:51:43.145999+00:00,measured,2,19,8,separate_account_budget_64,separate,account_budget_b64,baseline,unbound,3,operating_limit_64,operating_limit,groth16,0.019181858000138163,0.30297744600011356,0.26596794199986107,0.5881272460001128,805,26,True,,ok,
20260728T123050Z_paper_groth16,2026-07-28T12:51:43.145999+00:00,measured,2,19,8,separate_account_budget_64,separate,account_budget_b64,baseline,unbound,4,privacy_budget_64,privacy_budget,groth16,0.021284127999933844,0.3114399310002227,0.27129261599975507,0.6040166749999116,803,26,True,,ok,
20260728T123050Z_paper_groth16,2026-07-28T12:51:43.715064+00:00,measured,2,19,9,local_financial_validity_32,monolithic,,,none,1,local_financial_validity_32,local_financial_validity,groth16,0.020551989000068716,0.2967848700000104,0.25102640100021745,0.5683632600002966,808,3,True,,ok,
20260728T123050Z_paper_groth16,2026-07-28T12:51:44.337009+00:00,measured,2,19,10,nullifier_correctness_poseidon,monolithic,,,none,1,nullifier_correctness_poseidon,nullifier_correctness,groth16,0.03275305200031653,0.31736184300007153,0.27123220200019205,0.6213470970005801,805,164,True,,ok,
20260728T123050Z_paper_groth16,2026-07-28T12:51:44.909434+00:00,measured,2,19,11,state_transition_and_conservation_16,monolithic,,,none,1,state_transition_and_conservation_16,state_transition_and_conservation,groth16,0.01860323500022787,0.28322992200037334,0.26985385399984807,0.5716870110004493,804,3,True,,ok,
20260728T123050Z_paper_groth16,2026-07-28T12:51:45.540340+00:00,measured,2,19,12,local_validity_and_operating_limit_64,monolithic,valid_limit_b64,baseline,shared_witness,1,local_validity_and_operating_limit_64,local_validity_and_operating_limit,groth16,0.022283654999682767,0.3506333440000162,0.25734611000007135,0.6302631089997703,806,26,True,,ok,
20260728T123050Z_paper_groth16,2026-07-28T12:51:47.272556+00:00,measured,2,19,13,separate_account_core_16,separate,account_core_b16,baseline,unbound,1,local_financial_validity_16,local_financial_validity,groth16,0.02010768599984658,0.28455415500002346,0.2621397170000819,0.5668015579999519,804,3,True,,ok,
20260728T123050Z_paper_groth16,2026-07-28T12:51:47.272556+00:00,measured,2,19,13,separate_account_core_16,separate,account_core_b16,baseline,unbound,2,state_transition_and_conservation_16,state_transition_and_conservation,groth16,0.020436363000044366,0.2786234299996977,0.2648968389999027,0.5639566319996447,805,3,True,,ok,
20260728T123050Z_paper_groth16,2026-07-28T12:51:47.272556+00:00,measured,2,19,13,separate_account_core_16,separate,account_core_b16,baseline,unbound,3,operating_limit_16,operating_limit,groth16,0.019317538999985118,0.30620332499984215,0.27426651900032084,0.5997873830001481,805,12,True,,ok,
20260728T123050Z_paper_groth16,2026-07-28T12:51:49.987634+00:00,measured,2,19,14,linked_separate_account_budget_32,separate,account_budget_b32,commitment_linked,tx_tag,1,linked_account_budget_validity_32,linked_account_budget_component,groth16,0.05948592400000052,0.3567894820002948,0.2760271960000864,0.6923026020003817,804,111,True,True,ok,
20260728T123050Z_paper_groth16,2026-07-28T12:51:49.987634+00:00,measured,2,19,14,linked_separate_account_budget_32,separate,account_budget_b32,commitment_linked,tx_tag,2,linked_account_budget_transition_32,linked_account_budget_component,groth16,0.05769682999971337,0.36578612800030896,0.2503350550000505,0.6738180130000728,802,111,True,True,ok,
20260728T123050Z_paper_groth16,2026-07-28T12:51:49.987634+00:00,measured,2,19,14,linked_separate_account_budget_32,separate,account_budget_b32,commitment_linked,tx_tag,3,linked_account_budget_limit_32,linked_account_budget_component,groth16,0.055967208000311075,0.3567860939997445,0.26142936700034625,0.6741826690004018,803,111,True,True,ok,
20260728T123050Z_paper_groth16,2026-07-28T12:51:49.987634+00:00,measured,2,19,14,linked_separate_account_budget_32,separate,account_budget_b32,commitment_linked,tx_tag,4,linked_account_budget_budget_32,linked_account_budget_component,groth16,0.058436582000013004,0.3535675769999216,0.25960318299985374,0.6716073419997883,805,111,True,True,ok,
20260728T123050Z_paper_groth16,2026-07-28T12:51:50.546369+00:00,measured,2,19,15,state_transition_and_conservation_32,monolithic,,,none,1,state_transition_and_conservation_32,state_transition_and_conservation,groth16,0.0211139230000299,0.28949289799993494,0.24746592400015288,0.5580727450001177,805,3,True,,ok,
20260728T123050Z_paper_groth16,2026-07-28T12:51:53.434088+00:00,measured,2,19,16,linked_separate_token_bundle_32_depth_16,separate,token_bundle_b32_d16,commitment_linked,tx_tag,1,linked_token_bundle_membership_32_depth_16,linked_token_bundle_component,groth16,0.06337167299989233,0.5628481009998723,0.25761474000000817,0.8838345139997728,806,342,True,True,ok,
20260728T123050Z_paper_groth16,2026-07-28T12:51:53.434088+00:00,measured,2,19,16,linked_separate_token_bundle_32_depth_16,separate,token_bundle_b32_d16,commitment_linked,tx_tag,2,linked_token_bundle_nullifier_32_depth_16,linked_token_bundle_component,groth16,0.057724087000224245,0.34004145100016103,0.24955105499975616,0.6473165930001414,807,342,True,True,ok,
20260728T123050Z_paper_groth16,2026-07-28T12:51:53.434088+00:00,measured,2,19,16,linked_separate_token_bundle_32_depth_16,separate,token_bundle_b32_d16,commitment_linked,tx_tag,3,linked_token_bundle_validity_32_depth_16,linked_token_bundle_component,groth16,0.057894928000223445,0.3389555220001057,0.2719152919999033,0.6687657420002324,807,342,True,True,ok,
20260728T123050Z_paper_groth16,2026-07-28T12:51:53.434088+00:00,measured,2,19,16,linked_separate_token_bundle_32_depth_16,separate,token_bundle_b32_d16,commitment_linked,tx_tag,4,linked_token_bundle_budget_32_depth_16,linked_token_bundle_component,groth16,0.060993704000338766,0.3420834489998015,0.2803412789999129,0.6834184320000531,807,342,True,True,ok,
20260728T123050Z_paper_groth16,2026-07-28T12:51:54.041131+00:00,measured,2,19,17,operating_limit_16,monolithic,,,none,1,operating_limit_16,operating_limit,groth16,0.021391354999650503,0.31753667099974336,0.26748356899997816,0.606411594999372,807,12,True,,ok,
20260728T123050Z_paper_groth16,2026-07-28T12:51:54.637094+00:00,measured,2,19,18,state_transition_and_conservation_64,monolithic,,,none,1,state_transition_and_conservation_64,state_transition_and_conservation,groth16,0.021504464999907213,0.3026876630001425,0.27096534899965263,0.5951574769997023,807,3,True,,ok,
20260728T123050Z_paper_groth16,2026-07-28T12:51:55.239802+00:00,measured,2,19,19,local_financial_validity_64,monolithic,,,none,1,local_financial_validity_64,local_financial_validity,groth16,0.02202050899995811,0.3157932700000856,0.2642636649998167,0.6020774439998604,803,3,True,,ok,
20260728T123050Z_paper_groth16,2026-07-28T12:51:56.093804+00:00,measured,2,19,20,merkle_membership_depth_16,monolithic,,,none,1,merkle_membership_depth_16,merkle_membership,groth16,0.039365614999951504,0.5413623280001048,0.27264448900041316,0.8533724320004694,806,84,True,,ok,
20260728T123050Z_paper_groth16,2026-07-28T12:51:56.746530+00:00,measured,2,19,21,linked_account_budget_monolithic_32,monolithic,account_budget_b32,commitment_linked,tx_tag,1,linked_account_budget_monolithic_32,account_policy_with_privacy_budget,groth16,0.056609741000102076,0.3333349160002399,0.26155223700015995,0.6514968940005019,805,111,True,True,ok,
20260728T123050Z_paper_groth16,2026-07-28T12:51:58.582654+00:00,measured,2,19,22,separate_account_core_64,separate,account_core_b64,baseline,unbound,1,local_financial_validity_64,local_financial_validity,groth16,0.020496583000294777,0.3050607059999493,0.2713362530002996,0.5968935420005437,805,3,True,,ok,
20260728T123050Z_paper_groth16,2026-07-28T12:51:58.582654+00:00,measured,2,19,22,separate_account_core_64,separate,account_core_b64,baseline,unbound,2,state_transition_and_conservation_64,state_transition_and_conservation,groth16,0.018891273999997793,0.32808361099978356,0.27111612500038973,0.6180910100001711,805,3,True,,ok,
20260728T123050Z_paper_groth16,2026-07-28T12:51:58.582654+00:00,measured,2,19,22,separate_account_core_64,separate,account_core_b64,baseline,unbound,3,operating_limit_64,operating_limit,groth16,0.0223707629997989,0.31564250800010996,0.2815474999997605,0.6195607709996693,807,26,True,,ok,
20260728T123050Z_paper_groth16,2026-07-28T12:51:59.750523+00:00,measured,2,19,23,separate_valid_limit_32,separate,valid_limit_b32,baseline,unbound,1,local_financial_validity_32,local_financial_validity,groth16,0.021874719000152254,0.3280907139996998,0.24147566000010556,0.5914410929999576,804,3,True,,ok,
20260728T123050Z_paper_groth16,2026-07-28T12:51:59.750523+00:00,measured,2,19,23,separate_valid_limit_32,separate,valid_limit_b32,baseline,unbound,2,operating_limit_32,operating_limit,groth16,0.018457203000252775,0.30419610299986743,0.25264725399983945,0.5753005599999597,803,16,True,,ok,
20260728T123050Z_paper_groth16,2026-07-28T12:52:00.598912+00:00,measured,2,19,24,token_policy_bundle_32_depth_16,monolithic,token_bundle_b32_d16,baseline,shared_witness,1,token_policy_bundle_32_depth_16,token_policy_bundle,groth16,0.047407724000095186,0.5400872750001326,0.2602530389999629,0.8477480380001907,807,260,True,,ok,
20260728T123050Z_paper_groth16,2026-07-28T12:52:01.168123+00:00,measured,2,19,25,account_policy_core_64,monolithic,account_core_b64,baseline,shared_witness,1,account_policy_core_64,account_policy_core,groth16,0.022097819999999047,0.29805584500036275,0.24844484599998395,0.5685985110003458,806,26,True,,ok,
20260728T123050Z_paper_groth16,2026-07-28T12:52:01.729641+00:00,measured,2,19,26,operating_limit_64,monolithic,,,none,1,operating_limit_64,operating_limit,groth16,0.02159265599993887,0.2938809970000875,0.2454229220002162,0.5608965750002426,806,26,True,,ok,
20260728T123050Z_paper_groth16,2026-07-28T12:52:02.282049+00:00,measured,2,19,27,local_financial_validity_16,monolithic,,,none,1,local_financial_validity_16,local_financial_validity,groth16,0.020451589000003878,0.2798295379998308,0.2514959839995754,0.5517771109994101,805,3,True,,ok,
20260728T123050Z_paper_groth16,2026-07-28T12:52:05.064410+00:00,measured,2,19,28,separate_token_bundle_32_depth_32,separate,token_bundle_b32_d32,baseline,unbound,1,merkle_membership_depth_32,merkle_membership,groth16,0.0430136949998996,0.6931415879998895,0.2506195289997777,0.9867748119995667,804,84,True,,ok,
20260728T123050Z_paper_groth16,2026-07-28T12:52:05.064410+00:00,measured,2,19,28,separate_token_bundle_32_depth_32,separate,token_bundle_b32_d32,baseline,unbound,2,nullifier_correctness_poseidon,nullifier_correctness,groth16,0.03177454700016824,0.33154192399979365,0.2783316729996841,0.641648143999646,806,164,True,,ok,
20260728T123050Z_paper_groth16,2026-07-28T12:52:05.064410+00:00,measured,2,19,28,separate_token_bundle_32_depth_32,separate,token_bundle_b32_d32,baseline,unbound,3,local_financial_validity_32,local_financial_validity,groth16,0.018938277999950515,0.2835096359999625,0.24364508799999385,0.5460930019999068,805,3,True,,ok,
20260728T123050Z_paper_groth16,2026-07-28T12:52:05.064410+00:00,measured,2,19,28,separate_token_bundle_32_depth_32,separate,token_bundle_b32_d32,baseline,unbound,4,privacy_budget_32,privacy_budget,groth16,0.02192115699972419,0.2956487740002558,0.2877663970002686,0.6053363280002486,808,16,True,,ok,
20260728T123050Z_paper_groth16,2026-07-28T12:52:05.897979+00:00,measured,2,19,29,linked_token_bundle_monolithic_32_depth_16,monolithic,token_bundle_b32_d16,commitment_linked,tx_tag,1,linked_token_bundle_monolithic_32_depth_16,token_policy_bundle,groth16,0.06092989900025714,0.5179192990003685,0.25217775300006906,0.8310269510006947,806,342,True,True,ok,
20260728T123050Z_paper_groth16,2026-07-28T12:52:06.598815+00:00,measured,2,19,30,merkle_membership_depth_8,monolithic,,,none,1,merkle_membership_depth_8,merkle_membership,groth16,0.039322789999914676,0.3956517339997845,0.26528233199996976,0.7002568559996689,809,84,True,,ok,
20260728T123050Z_paper_groth16,2026-07-28T12:52:07.555501+00:00,measured,2,19,31,token_policy_bundle_32_depth_32,monolithic,token_bundle_b32_d32,baseline,shared_witness,1,token_policy_bundle_32_depth_32,token_policy_bundle,groth16,0.04925618800007214,0.6413741989999835,0.26539193700000396,0.9560223240000596,806,261,True,,ok,
20260728T123050Z_paper_groth16,2026-07-28T12:52:08.182451+00:00,measured,2,19,32,linked_valid_limit_monolithic_32,monolithic,valid_limit_b32,commitment_linked,tx_tag,1,linked_valid_limit_monolithic_32,local_validity_and_operating_limit,groth16,0.039035968000007415,0.33115649899991695,0.2559400270001788,0.6261324940001032,806,98,True,True,ok,
20260728T123050Z_paper_groth16,2026-07-28T12:52:08.774115+00:00,measured,2,19,33,account_policy_with_privacy_budget_64,monolithic,account_budget_b64,baseline,shared_witness,1,account_policy_with_privacy_budget_64,account_policy_with_privacy_budget,groth16,0.02281602599987309,0.3156492729999627,0.25262344099974143,0.5910887399995772,806,50,True,,ok,
20260728T123050Z_paper_groth16,2026-07-28T12:52:09.530431+00:00,measured,2,19,34,token_policy_bundle_32_depth_8,monolithic,token_bundle_b32_d8,baseline,shared_witness,1,token_policy_bundle_32_depth_8,token_policy_bundle,groth16,0.04378702400026668,0.4452915169999869,0.26661367099995914,0.7556922120002127,803,261,True,,ok,
20260728T123050Z_paper_groth16,2026-07-28T12:52:10.091067+00:00,measured,2,19,35,account_policy_with_privacy_budget_16,monolithic,account_budget_b16,baseline,shared_witness,1,account_policy_with_privacy_budget_16,account_policy_with_privacy_budget,groth16,0.021912788999998156,0.28266633799967167,0.25529083599985825,0.5598699629995281,807,21,True,,ok,
20260728T123050Z_paper_groth16,2026-07-28T12:52:11.215998+00:00,measured,2,19,36,separate_valid_limit_16,separate,valid_limit_b16,baseline,unbound,1,local_financial_validity_16,local_financial_validity,groth16,0.019872008000220376,0.2850620340000205,0.25814236799988066,0.5630764100001215,803,3,True,,ok,
20260728T123050Z_paper_groth16,2026-07-28T12:52:11.215998+00:00,measured,2,19,36,separate_valid_limit_16,separate,valid_limit_b16,baseline,unbound,2,operating_limit_16,operating_limit,groth16,0.0210866630000055,0.2697253480000654,0.2698762429999988,0.5606882540000697,806,12,True,,ok,
20260728T123050Z_paper_groth16,2026-07-28T12:52:11.797412+00:00,measured,2,19,37,account_policy_with_privacy_budget_32,monolithic,account_budget_b32,baseline,shared_witness,1,account_policy_with_privacy_budget_32,account_policy_with_privacy_budget,groth16,0.021291685000051075,0.29555684599972665,0.2639263309997659,0.5807748619995436,801,30,True,,ok,
20260728T123050Z_paper_groth16,2026-07-28T12:52:12.356207+00:00,measured,2,19,38,local_validity_and_operating_limit_32,monolithic,valid_limit_b32,baseline,shared_witness,1,local_validity_and_operating_limit_32,local_validity_and_operating_limit,groth16,0.024191646999952354,0.2866232559999844,0.24735314399958952,0.5581680469995263,804,16,True,,ok,
20260728T123050Z_paper_groth16,2026-07-28T12:52:12.925934+00:00,measured,2,19,39,privacy_budget_16,monolithic,,,none,1,privacy_budget_16,privacy_budget,groth16,0.02057482700001856,0.2848146649998853,0.26341101400021216,0.568800506000116,804,11,True,,ok,
20260728T123050Z_paper_groth16,2026-07-28T12:52:14.617727+00:00,measured,2,19,40,separate_account_core_32,separate,account_core_b32,baseline,unbound,1,local_financial_validity_32,local_financial_validity,groth16,0.021847672000149032,0.2771994359995915,0.2574022859998877,0.5564493939996282,807,3,True,,ok,
20260728T123050Z_paper_groth16,2026-07-28T12:52:14.617727+00:00,measured,2,19,40,separate_account_core_32,separate,account_core_b32,baseline,unbound,2,state_transition_and_conservation_32,state_transition_and_conservation,groth16,0.018612810999911744,0.29830460099992706,0.2540887049999583,0.5710061169997971,804,3,True,,ok,
20260728T123050Z_paper_groth16,2026-07-28T12:52:14.617727+00:00,measured,2,19,40,separate_account_core_32,separate,account_core_b32,baseline,unbound,3,operating_limit_32,operating_limit,groth16,0.019392374999824824,0.2745015229997989,0.26846437799986234,0.5623582759994861,804,16,True,,ok,
20260728T123050Z_paper_groth16,2026-07-28T12:52:17.160288+00:00,measured,2,19,41,separate_token_bundle_32_depth_16,separate,token_bundle_b32_d16,baseline,unbound,1,merkle_membership_depth_16,merkle_membership,groth16,0.03890925399991829,0.5230244730000777,0.2586129589999473,0.8205466859999433,802,84,True,,ok,
20260728T123050Z_paper_groth16,2026-07-28T12:52:17.160288+00:00,measured,2,19,41,separate_token_bundle_32_depth_16,separate,token_bundle_b32_d16,baseline,unbound,2,nullifier_correctness_poseidon,nullifier_correctness,groth16,0.029815929000051256,0.31663933600020755,0.262023094000142,0.6084783590004008,805,164,True,,ok,
20260728T123050Z_paper_groth16,2026-07-28T12:52:17.160288+00:00,measured,2,19,41,separate_token_bundle_32_depth_16,separate,token_bundle_b32_d16,baseline,unbound,3,local_financial_validity_32,local_financial_validity,groth16,0.019373395000002347,0.2757410929998514,0.25231644699988465,0.5474309349997384,807,3,True,,ok,
20260728T123050Z_paper_groth16,2026-07-28T12:52:17.160288+00:00,measured,2,19,41,separate_token_bundle_32_depth_16,separate,token_bundle_b32_d16,baseline,unbound,4,privacy_budget_32,privacy_budget,groth16,0.021945468000012625,0.2869876879999538,0.25493978899976355,0.56387294499973,804,16,True,,ok,
20260728T123050Z_paper_groth16,2026-07-28T12:52:19.497816+00:00,measured,2,19,42,separate_account_budget_32,separate,account_budget_b32,baseline,unbound,1,local_financial_validity_32,local_financial_validity,groth16,0.020904803999655996,0.29461513900014324,0.24920222799983094,0.5647221709996302,803,3,True,,ok,
20260728T123050Z_paper_groth16,2026-07-28T12:52:19.497816+00:00,measured,2,19,42,separate_account_budget_32,separate,account_budget_b32,baseline,unbound,2,state_transition_and_conservation_32,state_transition_and_conservation,groth16,0.01998438000009628,0.2944874729996627,0.2836293119999027,0.5981011649996617,807,3,True,,ok,
20260728T123050Z_paper_groth16,2026-07-28T12:52:19.497816+00:00,measured,2,19,42,separate_account_budget_32,separate,account_budget_b32,baseline,unbound,3,operating_limit_32,operating_limit,groth16,0.020319841999935306,0.30019042900039494,0.27279474199986,0.5933050130001902,806,16,True,,ok,
20260728T123050Z_paper_groth16,2026-07-28T12:52:19.497816+00:00,measured,2,19,42,separate_account_budget_32,separate,account_budget_b32,baseline,unbound,4,privacy_budget_32,privacy_budget,groth16,0.023234007000155543,0.2997387840000556,0.25625020500001483,0.579222996000226,806,16,True,,ok,
20260728T123050Z_paper_groth16,2026-07-28T12:52:20.054722+00:00,measured,2,19,43,account_policy_core_32,monolithic,account_core_b32,baseline,shared_witness,1,account_policy_core_32,account_policy_core,groth16,0.022946708999825205,0.28715150400012135,0.24609773200018026,0.5561959450001268,805,16,True,,ok,
20260728T123050Z_paper_groth16,2026-07-28T12:52:22.491888+00:00,measured,2,19,44,separate_token_bundle_32_depth_8,separate,token_bundle_b32_d8,baseline,unbound,1,merkle_membership_depth_8,merkle_membership,groth16,0.04215351299990289,0.4255429140002889,0.26185081199992055,0.7295472390001123,809,84,True,,ok,
20260728T123050Z_paper_groth16,2026-07-28T12:52:22.491888+00:00,measured,2,19,44,separate_token_bundle_32_depth_8,separate,token_bundle_b32_d8,baseline,unbound,2,nullifier_correctness_poseidon,nullifier_correctness,groth16,0.033995536000020365,0.3060829110004306,0.25290681299975404,0.592985260000205,805,164,True,,ok,
20260728T123050Z_paper_groth16,2026-07-28T12:52:22.491888+00:00,measured,2,19,44,separate_token_bundle_32_depth_8,separate,token_bundle_b32_d8,baseline,unbound,3,local_financial_validity_32,local_financial_validity,groth16,0.02007701399998041,0.28134403400008523,0.24836475700021765,0.5497858050002833,805,3,True,,ok,
20260728T123050Z_paper_groth16,2026-07-28T12:52:22.491888+00:00,measured,2,19,44,separate_token_bundle_32_depth_8,separate,token_bundle_b32_d8,baseline,unbound,4,privacy_budget_32,privacy_budget,groth16,0.01846892300000036,0.2933274519996303,0.2507511520002481,0.5625475269998788,804,16,True,,ok,
20260728T123050Z_paper_groth16,2026-07-28T12:52:23.083311+00:00,measured,2,19,45,privacy_budget_32,monolithic,,,none,1,privacy_budget_32,privacy_budget,groth16,0.021834325999861903,0.31214686000021175,0.2567833250000149,0.5907645110000885,804,16,True,,ok,
20260728T123050Z_paper_groth16,2026-07-28T12:52:24.342259+00:00,measured,2,19,46,linked_separate_valid_limit_32,separate,valid_limit_b32,commitment_linked,tx_tag,1,linked_valid_limit_validity_32,linked_valid_limit_component,groth16,0.03932101899999907,0.33095743200010475,0.26107308800010287,0.6313515390002067,807,98,True,True,ok,
20260728T123050Z_paper_groth16,2026-07-28T12:52:24.342259+00:00,measured,2,19,46,linked_separate_valid_limit_32,separate,valid_limit_b32,commitment_linked,tx_tag,2,linked_valid_limit_limit_32,linked_valid_limit_component,groth16,0.03876229799971043,0.3393055380001897,0.2479837110004155,0.6260515470003156,805,98,True,True,ok,
20260728T123050Z_paper_groth16,2026-07-28T12:52:25.465258+00:00,measured,2,20,1,separate_valid_limit_32,separate,valid_limit_b32,baseline,unbound,1,local_financial_validity_32,local_financial_validity,groth16,0.01951765700005126,0.2774738630000684,0.2501741410001159,0.5471656610002356,807,3,True,,ok,
20260728T123050Z_paper_groth16,2026-07-28T12:52:25.465258+00:00,measured,2,20,1,separate_valid_limit_32,separate,valid_limit_b32,baseline,unbound,2,operating_limit_32,operating_limit,groth16,0.021057386999927985,0.2902092620001895,0.26342787700014014,0.5746945260002576,805,16,True,,ok,
20260728T123050Z_paper_groth16,2026-07-28T12:52:26.033422+00:00,measured,2,20,2,local_validity_and_operating_limit_32,monolithic,valid_limit_b32,baseline,shared_witness,1,local_validity_and_operating_limit_32,local_validity_and_operating_limit,groth16,0.019595947000198066,0.29125268100005997,0.2566799269998228,0.5675285550000808,807,16,True,,ok,
20260728T123050Z_paper_groth16,2026-07-28T12:52:26.860186+00:00,measured,2,20,3,merkle_membership_depth_16,monolithic,,,none,1,merkle_membership_depth_16,merkle_membership,groth16,0.042205561000173475,0.5312230399999862,0.2527029569996557,0.8261315579998154,803,84,True,,ok,
20260728T123050Z_paper_groth16,2026-07-28T12:52:28.578559+00:00,measured,2,20,4,separate_account_core_64,separate,account_core_b64,baseline,unbound,1,local_financial_validity_64,local_financial_validity,groth16,0.02879474500014112,0.28876114100012273,0.2556295690001207,0.5731854550003845,805,3,True,,ok,
20260728T123050Z_paper_groth16,2026-07-28T12:52:28.578559+00:00,measured,2,20,4,separate_account_core_64,separate,account_core_b64,baseline,unbound,2,state_transition_and_conservation_64,state_transition_and_conservation,groth16,0.021506288000182394,0.29853264900020804,0.24583746100006465,0.5658763980004551,804,3,True,,ok,
20260728T123050Z_paper_groth16,2026-07-28T12:52:28.578559+00:00,measured,2,20,4,separate_account_core_64,separate,account_core_b64,baseline,unbound,3,operating_limit_64,operating_limit,groth16,0.018391754999811383,0.2985156139998253,0.26081214799978625,0.5777195169994229,805,26,True,,ok,
20260728T123050Z_paper_groth16,2026-07-28T12:52:29.133649+00:00,measured,2,20,5,state_transition_and_conservation_32,monolithic,,,none,1,state_transition_and_conservation_32,state_transition_and_conservation,groth16,0.021557303000008687,0.2858015369997702,0.24708951100001286,0.5544483509997917,805,3,True,,ok,
20260728T123050Z_paper_groth16,2026-07-28T12:52:29.739120+00:00,measured,2,20,6,nullifier_correctness_poseidon,monolithic,,,none,1,nullifier_correctness_poseidon,nullifier_correctness,groth16,0.03261409200013077,0.31808451400002014,0.25415354200004003,0.6048521480001909,802,164,True,,ok,
20260728T123050Z_paper_groth16,2026-07-28T12:52:30.323037+00:00,measured,2,20,7,account_policy_with_privacy_budget_32,monolithic,account_budget_b32,baseline,shared_witness,1,account_policy_with_privacy_budget_32,account_policy_with_privacy_budget,groth16,0.02086647400028596,0.31390085899965925,0.24852203000000372,0.5832893629999489,806,30,True,,ok,
20260728T123050Z_paper_groth16,2026-07-28T12:52:30.882138+00:00,measured,2,20,8,local_financial_validity_16,monolithic,,,none,1,local_financial_validity_16,local_financial_validity,groth16,0.01929414899996118,0.2924065669999436,0.2468048160003491,0.5585055320002539,805,3,True,,ok,
20260728T123050Z_paper_groth16,2026-07-28T12:52:33.103601+00:00,measured,2,20,9,separate_account_budget_32,separate,account_budget_b32,baseline,unbound,1,local_financial_validity_32,local_financial_validity,groth16,0.01932485799989081,0.27943352300007973,0.24148461400000087,0.5402429949999714,807,3,True,,ok,
20260728T123050Z_paper_groth16,2026-07-28T12:52:33.103601+00:00,measured,2,20,9,separate_account_budget_32,separate,account_budget_b32,baseline,unbound,2,state_transition_and_conservation_32,state_transition_and_conservation,groth16,0.018478363000212994,0.2813749590000043,0.24714396899980784,0.5469972910000251,806,3,True,,ok,
20260728T123050Z_paper_groth16,2026-07-28T12:52:33.103601+00:00,measured,2,20,9,separate_account_budget_32,separate,account_budget_b32,baseline,unbound,3,operating_limit_32,operating_limit,groth16,0.019858501000271644,0.28483294500028933,0.25783112099998107,0.562522567000542,804,16,True,,ok,
20260728T123050Z_paper_groth16,2026-07-28T12:52:33.103601+00:00,measured,2,20,9,separate_account_budget_32,separate,account_budget_b32,baseline,unbound,4,privacy_budget_32,privacy_budget,groth16,0.018397985999854427,0.29480336599999646,0.2564334959997723,0.5696348479996232,805,16,True,,ok,
20260728T123050Z_paper_groth16,2026-07-28T12:52:33.647563+00:00,measured,2,20,10,privacy_budget_16,monolithic,,,none,1,privacy_budget_16,privacy_budget,groth16,0.02095215500003178,0.28396255999996356,0.23840425699972911,0.5433189719997245,804,11,True,,ok,
20260728T123050Z_paper_groth16,2026-07-28T12:52:36.471695+00:00,measured,2,20,11,linked_separate_token_bundle_32_depth_16,separate,token_bundle_b32_d16,commitment_linked,tx_tag,1,linked_token_bundle_membership_32_depth_16,linked_token_bundle_component,groth16,0.059635024999806774,0.5426655820001542,0.25134961000003386,0.8536502169999949,804,342,True,True,ok,
20260728T123050Z_paper_groth16,2026-07-28T12:52:36.471695+00:00,measured,2,20,11,linked_separate_token_bundle_32_depth_16,separate,token_bundle_b32_d16,commitment_linked,tx_tag,2,linked_token_bundle_nullifier_32_depth_16,linked_token_bundle_component,groth16,0.060813541000243276,0.33325388200000816,0.2548008829999162,0.6488683060001676,807,342,True,True,ok,
20260728T123050Z_paper_groth16,2026-07-28T12:52:36.471695+00:00,measured,2,20,11,linked_separate_token_bundle_32_depth_16,separate,token_bundle_b32_d16,commitment_linked,tx_tag,3,linked_token_bundle_validity_32_depth_16,linked_token_bundle_component,groth16,0.05746846900001401,0.343933307000043,0.2668267349999951,0.6682285110000521,802,342,True,True,ok,
20260728T123050Z_paper_groth16,2026-07-28T12:52:36.471695+00:00,measured,2,20,11,linked_separate_token_bundle_32_depth_16,separate,token_bundle_b32_d16,commitment_linked,tx_tag,4,linked_token_bundle_budget_32_depth_16,linked_token_bundle_component,groth16,0.05535064500008957,0.32380870099996173,0.26978174999976545,0.6489410959998168,804,342,True,True,ok,
20260728T123050Z_paper_groth16,2026-07-28T12:52:37.588652+00:00,measured,2,20,12,separate_valid_limit_64,separate,valid_limit_b64,baseline,unbound,1,local_financial_validity_64,local_financial_validity,groth16,0.02066837900019891,0.29257337700028074,0.24839591800036942,0.5616376740008491,807,3,True,,ok,
20260728T123050Z_paper_groth16,2026-07-28T12:52:37.588652+00:00,measured,2,20,12,separate_valid_limit_64,separate,valid_limit_b64,baseline,unbound,2,operating_limit_64,operating_limit,groth16,0.019041573999857064,0.28982654499986893,0.24534481699993194,0.5542129359996579,803,26,True,,ok,
20260728T123050Z_paper_groth16,2026-07-28T12:52:38.160796+00:00,measured,2,20,13,privacy_budget_32,monolithic,,,none,1,privacy_budget_32,privacy_budget,groth16,0.021376514000166935,0.2922257969999009,0.2575677199997699,0.5711700309998378,807,16,True,,ok,
20260728T123050Z_paper_groth16,2026-07-28T12:52:38.869340+00:00,measured,2,20,14,merkle_membership_depth_8,monolithic,,,none,1,merkle_membership_depth_8,merkle_membership,groth16,0.040306840000084776,0.41863947100000587,0.24889956000015445,0.7078458710002451,802,84,True,,ok,
20260728T123050Z_paper_groth16,2026-07-28T12:52:39.467806+00:00,measured,2,20,15,account_policy_core_64,monolithic,account_core_b64,baseline,shared_witness,1,account_policy_core_64,account_policy_core,groth16,0.019611325999903784,0.3182949900001404,0.25994870999966224,0.5978550259997064,802,26,True,,ok,
20260728T123050Z_paper_groth16,2026-07-28T12:52:40.339578+00:00,measured,2,20,16,linked_token_bundle_monolithic_32_depth_16,monolithic,token_bundle_b32_d16,commitment_linked,tx_tag,1,linked_token_bundle_monolithic_32_depth_16,token_policy_bundle,groth16,0.06430344699992929,0.5627721679998103,0.24242208299983758,0.8694976979995772,807,342,True,True,ok,
20260728T123050Z_paper_groth16,2026-07-28T12:52:40.898399+00:00,measured,2,20,17,operating_limit_32,monolithic,,,none,1,operating_limit_32,operating_limit,groth16,0.024435176999759278,0.2856567119997635,0.24818996700014395,0.5582818559996667,806,16,True,,ok,
20260728T123050Z_paper_groth16,2026-07-28T12:52:43.671706+00:00,measured,2,20,18,separate_token_bundle_32_depth_32,separate,token_bundle_b32_d32,baseline,unbound,1,merkle_membership_depth_32,merkle_membership,groth16,0.0434036700003162,0.6885948839999401,0.28178261499988366,1.01378116900014,807,84,True,,ok,
20260728T123050Z_paper_groth16,2026-07-28T12:52:43.671706+00:00,measured,2,20,18,separate_token_bundle_32_depth_32,separate,token_bundle_b32_d32,baseline,unbound,2,nullifier_correctness_poseidon,nullifier_correctness,groth16,0.03437281099968459,0.3282704250000279,0.2521026759995948,0.6147459119993073,805,164,True,,ok,
20260728T123050Z_paper_groth16,2026-07-28T12:52:43.671706+00:00,measured,2,20,18,separate_token_bundle_32_depth_32,separate,token_bundle_b32_d32,baseline,unbound,3,local_financial_validity_32,local_financial_validity,groth16,0.018785790000038105,0.28269099900035144,0.24699664099989604,0.5484734300002856,801,3,True,,ok,
20260728T123050Z_paper_groth16,2026-07-28T12:52:43.671706+00:00,measured,2,20,18,separate_token_bundle_32_depth_32,separate,token_bundle_b32_d32,baseline,unbound,4,privacy_budget_32,privacy_budget,groth16,0.01838269100016987,0.29749650899975677,0.2780313739999656,0.5939105739998922,803,16,True,,ok,
20260728T123050Z_paper_groth16,2026-07-28T12:52:46.131114+00:00,measured,2,20,19,separate_token_bundle_32_depth_8,separate,token_bundle_b32_d8,baseline,unbound,1,merkle_membership_depth_8,merkle_membership,groth16,0.039303818000007595,0.4312870649996512,0.25924366199978977,0.7298345449994486,806,84,True,,ok,
20260728T123050Z_paper_groth16,2026-07-28T12:52:46.131114+00:00,measured,2,20,19,separate_token_bundle_32_depth_8,separate,token_bundle_b32_d8,baseline,unbound,2,nullifier_correctness_poseidon,nullifier_correctness,groth16,0.029716909000399028,0.3054119640000863,0.2728908919998503,0.6080197650003356,804,164,True,,ok,
20260728T123050Z_paper_groth16,2026-07-28T12:52:46.131114+00:00,measured,2,20,19,separate_token_bundle_32_depth_8,separate,token_bundle_b32_d8,baseline,unbound,3,local_financial_validity_32,local_financial_validity,groth16,0.022549542999968253,0.2788946229998146,0.24988245199983794,0.5513266179996208,806,3,True,,ok,
20260728T123050Z_paper_groth16,2026-07-28T12:52:46.131114+00:00,measured,2,20,19,separate_token_bundle_32_depth_8,separate,token_bundle_b32_d8,baseline,unbound,4,privacy_budget_32,privacy_budget,groth16,0.02104595100036022,0.283034268999927,0.263732402000187,0.5678126220004742,804,16,True,,ok,
20260728T123050Z_paper_groth16,2026-07-28T12:52:46.685003+00:00,measured,2,20,20,local_financial_validity_32,monolithic,,,none,1,local_financial_validity_32,local_financial_validity,groth16,0.02099921999979415,0.2846444669999073,0.24762281699986488,0.5532665039995663,808,3,True,,ok,
20260728T123050Z_paper_groth16,2026-07-28T12:52:47.247418+00:00,measured,2,20,21,local_validity_and_operating_limit_16,monolithic,valid_limit_b16,baseline,shared_witness,1,local_validity_and_operating_limit_16,local_validity_and_operating_limit,groth16,0.0193392560004213,0.29258907700022974,0.249825446000159,0.56175377900081,806,12,True,,ok,
20260728T123050Z_paper_groth16,2026-07-28T12:52:49.475150+00:00,measured,2,20,22,separate_account_budget_16,separate,account_budget_b16,baseline,unbound,1,local_financial_validity_16,local_financial_validity,groth16,0.021132162999947468,0.2765627779999704,0.24321748399961507,0.540912424999533,804,3,True,,ok,
20260728T123050Z_paper_groth16,2026-07-28T12:52:49.475150+00:00,measured,2,20,22,separate_account_budget_16,separate,account_budget_b16,baseline,unbound,2,state_transition_and_conservation_16,state_transition_and_conservation,groth16,0.01851027799966687,0.2855584280000585,0.24686060500016538,0.5509293109998907,804,3,True,,ok,
20260728T123050Z_paper_groth16,2026-07-28T12:52:49.475150+00:00,measured,2,20,22,separate_account_budget_16,separate,account_budget_b16,baseline,unbound,3,operating_limit_16,operating_limit,groth16,0.018914547999884235,0.29442533499968704,0.25896255799989376,0.572302440999465,805,12,True,,ok,
20260728T123050Z_paper_groth16,2026-07-28T12:52:49.475150+00:00,measured,2,20,22,separate_account_budget_16,separate,account_budget_b16,baseline,unbound,4,privacy_budget_16,privacy_budget,groth16,0.017664309000338108,0.2882646329999261,0.2554411180003626,0.5613700600006268,808,11,True,,ok,
20260728T123050Z_paper_groth16,2026-07-28T12:52:50.054169+00:00,measured,2,20,23,operating_limit_16,monolithic,,,none,1,operating_limit_16,operating_limit,groth16,0.02262291999977606,0.2911001280003802,0.26464297700022144,0.5783660250003777,804,12,True,,ok,
20260728T123050Z_paper_groth16,2026-07-28T12:52:50.671956+00:00,measured,2,20,24,linked_valid_limit_monolithic_32,monolithic,valid_limit_b32,commitment_linked,tx_tag,1,linked_valid_limit_monolithic_32,local_validity_and_operating_limit,groth16,0.039565561000017624,0.323223574000167,0.2541439699998591,0.6169331050000437,807,98,True,True,ok,
20260728T123050Z_paper_groth16,2026-07-28T12:52:51.258231+00:00,measured,2,20,25,local_validity_and_operating_limit_64,monolithic,valid_limit_b64,baseline,shared_witness,1,local_validity_and_operating_limit_64,local_validity_and_operating_limit,groth16,0.023752994000005856,0.29293909000034546,0.2689833459999136,0.5856754300002649,804,26,True,,ok,
20260728T123050Z_paper_groth16,2026-07-28T12:52:51.833605+00:00,measured,2,20,26,privacy_budget_64,monolithic,,,none,1,privacy_budget_64,privacy_budget,groth16,0.020240504999947007,0.29921862700030033,0.2553018409998913,0.5747609730001386,808,26,True,,ok,
20260728T123050Z_paper_groth16,2026-07-28T12:52:52.418350+00:00,measured,2,20,27,account_policy_core_32,monolithic,account_core_b32,baseline,shared_witness,1,account_policy_core_32,account_policy_core,groth16,0.021728017999976146,0.2941386610000336,0.2682595390001552,0.584126218000165,805,16,True,,ok,
20260728T123050Z_paper_groth16,2026-07-28T12:52:53.207876+00:00,measured,2,20,28,token_policy_bundle_32_depth_8,monolithic,token_bundle_b32_d8,baseline,shared_witness,1,token_policy_bundle_32_depth_8,token_policy_bundle,groth16,0.04497315800017532,0.46160023900029046,0.2823085820000415,0.7888819790005073,804,261,True,,ok,
20260728T123050Z_paper_groth16,2026-07-28T12:52:55.797966+00:00,measured,2,20,29,linked_separate_account_budget_32,separate,account_budget_b32,commitment_linked,tx_tag,1,linked_account_budget_validity_32,linked_account_budget_component,groth16,0.058171172000129445,0.3374827699999514,0.25467997100031425,0.6503339130003951,800,111,True,True,ok,
20260728T123050Z_paper_groth16,2026-07-28T12:52:55.797966+00:00,measured,2,20,29,linked_separate_account_budget_32,separate,account_budget_b32,commitment_linked,tx_tag,2,linked_account_budget_transition_32,linked_account_budget_component,groth16,0.0577261860003091,0.3237268759999097,0.25904478999973435,0.6404978519999531,802,111,True,True,ok,
20260728T123050Z_paper_groth16,2026-07-28T12:52:55.797966+00:00,measured,2,20,29,linked_separate_account_budget_32,separate,account_budget_b32,commitment_linked,tx_tag,3,linked_account_budget_limit_32,linked_account_budget_component,groth16,0.05640669199965487,0.3267446760000894,0.25577113800000006,0.6389225059997443,806,111,True,True,ok,
20260728T123050Z_paper_groth16,2026-07-28T12:52:55.797966+00:00,measured,2,20,29,linked_separate_account_budget_32,separate,account_budget_b32,commitment_linked,tx_tag,4,linked_account_budget_budget_32,linked_account_budget_component,groth16,0.058999584000048344,0.33655112499991446,0.2616371449998951,0.6571878539998579,807,111,True,True,ok,
20260728T123050Z_paper_groth16,2026-07-28T12:52:58.058989+00:00,measured,2,20,30,separate_account_budget_64,separate,account_budget_b64,baseline,unbound,1,local_financial_validity_64,local_financial_validity,groth16,0.0221155499998531,0.2877109850001034,0.2577200760001688,0.5675466110001253,804,3,True,,ok,
20260728T123050Z_paper_groth16,2026-07-28T12:52:58.058989+00:00,measured,2,20,30,separate_account_budget_64,separate,account_budget_b64,baseline,unbound,2,state_transition_and_conservation_64,state_transition_and_conservation,groth16,0.019565739999961806,0.29695894299993597,0.2508030819999476,0.5673277649998454,803,3,True,,ok,
20260728T123050Z_paper_groth16,2026-07-28T12:52:58.058989+00:00,measured,2,20,30,separate_account_budget_64,separate,account_budget_b64,baseline,unbound,3,operating_limit_64,operating_limit,groth16,0.019543432999853394,0.2889337209999212,0.24574662400027592,0.5542237780000505,803,26,True,,ok,
20260728T123050Z_paper_groth16,2026-07-28T12:52:58.058989+00:00,measured,2,20,30,separate_account_budget_64,separate,account_budget_b64,baseline,unbound,4,privacy_budget_64,privacy_budget,groth16,0.020735649000016565,0.30000043599966375,0.24907826199978444,0.5698143469994648,805,26,True,,ok,
20260728T123050Z_paper_groth16,2026-07-28T12:52:59.756453+00:00,measured,2,20,31,separate_account_core_16,separate,account_core_b16,baseline,unbound,1,local_financial_validity_16,local_financial_validity,groth16,0.021332533000077092,0.281598627999756,0.24649088399974062,0.5494220449995737,803,3,True,,ok,
20260728T123050Z_paper_groth16,2026-07-28T12:52:59.756453+00:00,measured,2,20,31,separate_account_core_16,separate,account_core_b16,baseline,unbound,2,state_transition_and_conservation_16,state_transition_and_conservation,groth16,0.01931848699996408,0.3141090310000436,0.2670866520002164,0.6005141700002241,803,3,True,,ok,
20260728T123050Z_paper_groth16,2026-07-28T12:52:59.756453+00:00,measured,2,20,31,separate_account_core_16,separate,account_core_b16,baseline,unbound,3,operating_limit_16,operating_limit,groth16,0.018532307999976183,0.27785651600015626,0.24947455900019122,0.5458633830003237,803,12,True,,ok,
20260728T123050Z_paper_groth16,2026-07-28T12:53:00.429718+00:00,measured,2,20,32,linked_account_budget_monolithic_32,monolithic,account_budget_b32,commitment_linked,tx_tag,1,linked_account_budget_monolithic_32,account_policy_with_privacy_budget,groth16,0.05916338600036397,0.3446702310002365,0.26852218299973174,0.6723558000003322,803,111,True,True,ok,
20260728T123050Z_paper_groth16,2026-07-28T12:53:01.536189+00:00,measured,2,20,33,separate_valid_limit_16,separate,valid_limit_b16,baseline,unbound,1,local_financial_validity_16,local_financial_validity,groth16,0.019797171999925922,0.2923510650002754,0.24281572100017002,0.5549639580003713,804,3,True,,ok,
20260728T123050Z_paper_groth16,2026-07-28T12:53:01.536189+00:00,measured,2,20,33,separate_valid_limit_16,separate,valid_limit_b16,baseline,unbound,2,operating_limit_16,operating_limit,groth16,0.019484898999962752,0.2895797159999347,0.24130790000026536,0.5503725150001628,804,12,True,,ok,
20260728T123050Z_paper_groth16,2026-07-28T12:53:02.086024+00:00,measured,2,20,34,state_transition_and_conservation_16,monolithic,,,none,1,state_transition_and_conservation_16,state_transition_and_conservation,groth16,0.020097466000152053,0.2800589560001754,0.24904212699993877,0.5491985490002662,804,3,True,,ok,
20260728T123050Z_paper_groth16,2026-07-28T12:53:02.663187+00:00,measured,2,20,35,account_policy_with_privacy_budget_64,monolithic,account_budget_b64,baseline,shared_witness,1,account_policy_with_privacy_budget_64,account_policy_with_privacy_budget,groth16,0.023329051000018808,0.30080714999985503,0.2524090519996207,0.5765452529994946,805,50,True,,ok,
20260728T123050Z_paper_groth16,2026-07-28T12:53:05.161321+00:00,measured,2,20,36,separate_token_bundle_32_depth_16,separate,token_bundle_b32_d16,baseline,unbound,1,merkle_membership_depth_16,merkle_membership,groth16,0.04102343700014899,0.5086290350000127,0.28264667300027213,0.8322991450004338,804,84,True,,ok,
20260728T123050Z_paper_groth16,2026-07-28T12:53:05.161321+00:00,measured,2,20,36,separate_token_bundle_32_depth_16,separate,token_bundle_b32_d16,baseline,unbound,2,nullifier_correctness_poseidon,nullifier_correctness,groth16,0.030933215000004566,0.30059772800041173,0.25035177300014766,0.581882716000564,804,164,True,,ok,
20260728T123050Z_paper_groth16,2026-07-28T12:53:05.161321+00:00,measured,2,20,36,separate_token_bundle_32_depth_16,separate,token_bundle_b32_d16,baseline,unbound,3,local_financial_validity_32,local_financial_validity,groth16,0.01978415399980804,0.27091639800028133,0.2419778309999856,0.532678383000075,806,3,True,,ok,
20260728T123050Z_paper_groth16,2026-07-28T12:53:05.161321+00:00,measured,2,20,36,separate_token_bundle_32_depth_16,separate,token_bundle_b32_d16,baseline,unbound,4,privacy_budget_32,privacy_budget,groth16,0.019510908000029303,0.27749503299992284,0.25209979300007035,0.5491057340000225,805,16,True,,ok,
20260728T123050Z_paper_groth16,2026-07-28T12:53:05.715936+00:00,measured,2,20,37,local_financial_validity_64,monolithic,,,none,1,local_financial_validity_64,local_financial_validity,groth16,0.021969988999899215,0.2773332570000093,0.25468645000000834,0.5539896959999169,808,3,True,,ok,
20260728T123050Z_paper_groth16,2026-07-28T12:53:06.947915+00:00,measured,2,20,38,linked_separate_valid_limit_32,separate,valid_limit_b32,commitment_linked,tx_tag,1,linked_valid_limit_validity_32,linked_valid_limit_component,groth16,0.038847475000238774,0.333358386999862,0.24021132999996553,0.6124171920000663,806,98,True,True,ok,
20260728T123050Z_paper_groth16,2026-07-28T12:53:06.947915+00:00,measured,2,20,38,linked_separate_valid_limit_32,separate,valid_limit_b32,commitment_linked,tx_tag,2,linked_valid_limit_limit_32,linked_valid_limit_component,groth16,0.036221326000031695,0.32752530900006604,0.2541291929996987,0.6178758279997965,804,98,True,True,ok,
20260728T123050Z_paper_groth16,2026-07-28T12:53:07.536412+00:00,measured,2,20,39,account_policy_core_16,monolithic,account_core_b16,baseline,shared_witness,1,account_policy_core_16,account_policy_core,groth16,0.022469768000064505,0.28604318499992587,0.27939197399973636,0.5879049269997267,805,12,True,,ok,
20260728T123050Z_paper_groth16,2026-07-28T12:53:08.101337+00:00,measured,2,20,40,operating_limit_64,monolithic,,,none,1,operating_limit_64,operating_limit,groth16,0.022212211999885767,0.29877269200005685,0.24330165699984718,0.5642865609997898,803,26,True,,ok,
20260728T123050Z_paper_groth16,2026-07-28T12:53:09.078525+00:00,measured,2,20,41,token_policy_bundle_32_depth_32,monolithic,token_bundle_b32_d32,baseline,shared_witness,1,token_policy_bundle_32_depth_32,token_policy_bundle,groth16,0.05017514299970571,0.6688619070000641,0.257469183000012,0.9765062329997818,807,261,True,,ok,
20260728T123050Z_paper_groth16,2026-07-28T12:53:09.864731+00:00,measured,2,20,42,token_policy_bundle_32_depth_16,monolithic,token_bundle_b32_d16,baseline,shared_witness,1,token_policy_bundle_32_depth_16,token_policy_bundle,groth16,0.04368469900009586,0.47694682900009866,0.26494140400018296,0.7855729320003775,806,260,True,,ok,
20260728T123050Z_paper_groth16,2026-07-28T12:53:11.535576+00:00,measured,2,20,43,separate_account_core_32,separate,account_core_b32,baseline,unbound,1,local_financial_validity_32,local_financial_validity,groth16,0.01996057699989251,0.28055276799977946,0.23921003300029042,0.5397233779999624,805,3,True,,ok,
20260728T123050Z_paper_groth16,2026-07-28T12:53:11.535576+00:00,measured,2,20,43,separate_account_core_32,separate,account_core_b32,baseline,unbound,2,state_transition_and_conservation_32,state_transition_and_conservation,groth16,0.018973650000134512,0.29419312400023045,0.25461480900003153,0.5677815830003965,804,3,True,,ok,
20260728T123050Z_paper_groth16,2026-07-28T12:53:11.535576+00:00,measured,2,20,43,separate_account_core_32,separate,account_core_b32,baseline,unbound,3,operating_limit_32,operating_limit,groth16,0.020152293000137433,0.2856092100000751,0.25596127400012847,0.561722777000341,805,16,True,,ok,
20260728T123050Z_paper_groth16,2026-07-28T12:53:12.095722+00:00,measured,2,20,44,account_policy_with_privacy_budget_16,monolithic,account_budget_b16,baseline,shared_witness,1,account_policy_with_privacy_budget_16,account_policy_with_privacy_budget,groth16,0.020820656000068993,0.29502952300026664,0.24364956799990978,0.5594997470002454,802,21,True,,ok,
20260728T123050Z_paper_groth16,2026-07-28T12:53:13.068124+00:00,measured,2,20,45,merkle_membership_depth_32,monolithic,,,none,1,merkle_membership_depth_32,merkle_membership,groth16,0.04169872399961605,0.6751757160000125,0.2548517949999223,0.9717262349995508,803,84,True,,ok,
20260728T123050Z_paper_groth16,2026-07-28T12:53:13.635428+00:00,measured,2,20,46,state_transition_and_conservation_64,monolithic,,,none,1,state_transition_and_conservation_64,state_transition_and_conservation,groth16,0.02172145200029263,0.2917929059999551,0.253187847999925,0.5667022060001727,801,3,True,,ok,
20260728T123050Z_paper_groth16,2026-07-28T12:53:14.222049+00:00,measured,3,21,1,local_validity_and_operating_limit_32,monolithic,valid_limit_b32,baseline,shared_witness,1,local_validity_and_operating_limit_32,local_validity_and_operating_limit,groth16,0.020161172000371153,0.3061411319999934,0.2596821249999266,0.5859844290002911,807,16,True,,ok,
20260728T123050Z_paper_groth16,2026-07-28T12:53:14.815804+00:00,measured,3,21,2,operating_limit_64,monolithic,,,none,1,operating_limit_64,operating_limit,groth16,0.018585313000130554,0.3062565939999331,0.26831696399995053,0.5931588710000142,805,26,True,,ok,
20260728T123050Z_paper_groth16,2026-07-28T12:53:17.590377+00:00,measured,3,21,3,linked_separate_token_bundle_32_depth_16,separate,token_bundle_b32_d16,commitment_linked,tx_tag,1,linked_token_bundle_membership_32_depth_16,linked_token_bundle_component,groth16,0.06704647900005511,0.511396762000004,0.2477313439999307,0.8261745849999897,806,342,True,True,ok,
20260728T123050Z_paper_groth16,2026-07-28T12:53:17.590377+00:00,measured,3,21,3,linked_separate_token_bundle_32_depth_16,separate,token_bundle_b32_d16,commitment_linked,tx_tag,2,linked_token_bundle_nullifier_32_depth_16,linked_token_bundle_component,groth16,0.058086240999728034,0.3255235769997853,0.25844671899994864,0.642056536999462,806,342,True,True,ok,
20260728T123050Z_paper_groth16,2026-07-28T12:53:17.590377+00:00,measured,3,21,3,linked_separate_token_bundle_32_depth_16,separate,token_bundle_b32_d16,commitment_linked,tx_tag,3,linked_token_bundle_validity_32_depth_16,linked_token_bundle_component,groth16,0.05732434399988051,0.3313143039999886,0.2569714619999104,0.6456101099997795,804,342,True,True,ok,
20260728T123050Z_paper_groth16,2026-07-28T12:53:17.590377+00:00,measured,3,21,3,linked_separate_token_bundle_32_depth_16,separate,token_bundle_b32_d16,commitment_linked,tx_tag,4,linked_token_bundle_budget_32_depth_16,linked_token_bundle_component,groth16,0.0564767609998853,0.33827727200014124,0.26161913199985065,0.6563731649998772,805,342,True,True,ok,
20260728T123050Z_paper_groth16,2026-07-28T12:53:18.145596+00:00,measured,3,21,4,state_transition_and_conservation_32,monolithic,,,none,1,state_transition_and_conservation_32,state_transition_and_conservation,groth16,0.02027867900005731,0.2837362509999366,0.25060119999989183,0.5546161299998857,803,3,True,,ok,
20260728T123050Z_paper_groth16,2026-07-28T12:53:20.782008+00:00,measured,3,21,5,separate_token_bundle_32_depth_32,separate,token_bundle_b32_d32,baseline,unbound,1,merkle_membership_depth_32,merkle_membership,groth16,0.040567552000084106,0.621067303000018,0.26060732500036465,0.9222421800004668,805,84,True,,ok,
20260728T123050Z_paper_groth16,2026-07-28T12:53:20.782008+00:00,measured,3,21,5,separate_token_bundle_32_depth_32,separate,token_bundle_b32_d32,baseline,unbound,2,nullifier_correctness_poseidon,nullifier_correctness,groth16,0.032496270000137883,0.31192204700028014,0.24959130600018398,0.594009623000602,809,164,True,,ok,
20260728T123050Z_paper_groth16,2026-07-28T12:53:20.782008+00:00,measured,3,21,5,separate_token_bundle_32_depth_32,separate,token_bundle_b32_d32,baseline,unbound,3,local_financial_validity_32,local_financial_validity,groth16,0.01875814499999251,0.2867387050000616,0.24464998900020873,0.5501468390002628,805,3,True,,ok,
20260728T123050Z_paper_groth16,2026-07-28T12:53:20.782008+00:00,measured,3,21,5,separate_token_bundle_32_depth_32,separate,token_bundle_b32_d32,baseline,unbound,4,privacy_budget_32,privacy_budget,groth16,0.02159672599964324,0.30081264899990856,0.2454311759997836,0.5678405509993354,806,16,True,,ok,
20260728T123050Z_paper_groth16,2026-07-28T12:53:21.521074+00:00,measured,3,21,6,token_policy_bundle_32_depth_8,monolithic,token_bundle_b32_d8,baseline,shared_witness,1,token_policy_bundle_32_depth_8,token_policy_bundle,groth16,0.044976417000270885,0.42622289200016894,0.2672147230000519,0.7384140320004917,807,261,True,,ok,
20260728T123050Z_paper_groth16,2026-07-28T12:53:22.102966+00:00,measured,3,21,7,privacy_budget_16,monolithic,,,none,1,privacy_budget_16,privacy_budget,groth16,0.02061261500011824,0.3018451319999258,0.2587745289997656,0.5812322759998096,805,11,True,,ok,
20260728T123050Z_paper_groth16,2026-07-28T12:53:22.657097+00:00,measured,3,21,8,local_financial_validity_16,monolithic,,,none,1,local_financial_validity_16,local_financial_validity,groth16,0.019954793000124482,0.2831562239998675,0.250373013999706,0.553484030999698,800,3,True,,ok,
20260728T123050Z_paper_groth16,2026-07-28T12:53:23.600898+00:00,measured,3,21,9,token_policy_bundle_32_depth_32,monolithic,token_bundle_b32_d32,baseline,shared_witness,1,token_policy_bundle_32_depth_32,token_policy_bundle,groth16,0.048147206000066944,0.6496696100002737,0.2452480070001002,0.9430648230004408,805,261,True,,ok,
20260728T123050Z_paper_groth16,2026-07-28T12:53:24.180498+00:00,measured,3,21,10,account_policy_core_16,monolithic,account_core_b16,baseline,shared_witness,1,account_policy_core_16,account_policy_core,groth16,0.021754791000148543,0.28998561799971867,0.2671804750002593,0.5789208840001265,807,12,True,,ok,
20260728T123050Z_paper_groth16,2026-07-28T12:53:24.755909+00:00,measured,3,21,11,privacy_budget_64,monolithic,,,none,1,privacy_budget_64,privacy_budget,groth16,0.022603080999942904,0.29862062800020794,0.25354145200026323,0.5747651610004141,803,26,True,,ok,
20260728T123050Z_paper_groth16,2026-07-28T12:53:25.346792+00:00,measured,3,21,12,local_validity_and_operating_limit_64,monolithic,valid_limit_b64,baseline,shared_witness,1,local_validity_and_operating_limit_64,local_validity_and_operating_limit,groth16,0.021259857000131888,0.30214292100026796,0.26687319400025444,0.5902759720006543,804,26,True,,ok,
20260728T123050Z_paper_groth16,2026-07-28T12:53:25.958885+00:00,measured,3,21,13,account_policy_core_64,monolithic,account_core_b64,baseline,shared_witness,1,account_policy_core_64,account_policy_core,groth16,0.021346447999803786,0.32608173599965085,0.26402780899979916,0.6114559929992538,803,26,True,,ok,
20260728T123050Z_paper_groth16,2026-07-28T12:53:26.528741+00:00,measured,3,21,14,local_financial_validity_64,monolithic,,,none,1,local_financial_validity_64,local_financial_validity,groth16,0.02206400700015365,0.2947058649997416,0.25247124099996654,0.5692411129998618,802,3,True,,ok,
20260728T123050Z_paper_groth16,2026-07-28T12:53:28.230892+00:00,measured,3,21,15,separate_account_core_32,separate,account_core_b32,baseline,unbound,1,local_financial_validity_32,local_financial_validity,groth16,0.021145853999769315,0.28181981599982464,0.2660501580003256,0.5690158279999196,803,3,True,,ok,
20260728T123050Z_paper_groth16,2026-07-28T12:53:28.230892+00:00,measured,3,21,15,separate_account_core_32,separate,account_core_b32,baseline,unbound,2,state_transition_and_conservation_32,state_transition_and_conservation,groth16,0.018954417999793804,0.2994997189998685,0.24564723999992566,0.564101376999588,804,3,True,,ok,
20260728T123050Z_paper_groth16,2026-07-28T12:53:28.230892+00:00,measured,3,21,15,separate_account_core_32,separate,account_core_b32,baseline,unbound,3,operating_limit_32,operating_limit,groth16,0.020707012000002578,0.30902887100000953,0.23766834600019138,0.5674042290002035,804,16,True,,ok,
20260728T123050Z_paper_groth16,2026-07-28T12:53:29.083657+00:00,measured,3,21,16,linked_token_bundle_monolithic_32_depth_16,monolithic,token_bundle_b32_d16,commitment_linked,tx_tag,1,linked_token_bundle_monolithic_32_depth_16,token_policy_bundle,groth16,0.061291097000321315,0.5336995870002283,0.25550167199980933,0.850492356000359,805,342,True,True,ok,
20260728T123050Z_paper_groth16,2026-07-28T12:53:30.004311+00:00,measured,3,21,17,merkle_membership_depth_32,monolithic,,,none,1,merkle_membership_depth_32,merkle_membership,groth16,0.04276315499964767,0.6346017999999276,0.24262872000008429,0.9199936749996596,802,84,True,,ok,
20260728T123050Z_paper_groth16,2026-07-28T12:53:30.555241+00:00,measured,3,21,18,privacy_budget_32,monolithic,,,none,1,privacy_budget_32,privacy_budget,groth16,0.019825645000310033,0.2862807769997744,0.2442024560000391,0.5503088780001235,806,16,True,,ok,
20260728T123050Z_paper_groth16,2026-07-28T12:53:31.213641+00:00,measured,3,21,19,linked_account_budget_monolithic_32,monolithic,account_budget_b32,commitment_linked,tx_tag,1,linked_account_budget_monolithic_32,account_policy_with_privacy_budget,groth16,0.057740019999982906,0.34472915800006376,0.25465339799984577,0.6571225759998924,805,111,True,True,ok,
20260728T123050Z_paper_groth16,2026-07-28T12:53:32.353667+00:00,measured,3,21,20,separate_valid_limit_64,separate,valid_limit_b64,baseline,unbound,1,local_financial_validity_64,local_financial_validity,groth16,0.02032383200003096,0.2966748839999127,0.26418181300005017,0.5811805289999938,804,3,True,,ok,
20260728T123050Z_paper_groth16,2026-07-28T12:53:32.353667+00:00,measured,3,21,20,separate_valid_limit_64,separate,valid_limit_b64,baseline,unbound,2,operating_limit_64,operating_limit,groth16,0.018174419999922975,0.28805294800031334,0.25152683800024533,0.5577542060004816,807,26,True,,ok,
20260728T123050Z_paper_groth16,2026-07-28T12:53:34.019432+00:00,measured,3,21,21,separate_account_core_16,separate,account_core_b16,baseline,unbound,1,local_financial_validity_16,local_financial_validity,groth16,0.020796451000023808,0.28308160400001725,0.24445939399993222,0.5483374489999733,803,3,True,,ok,
20260728T123050Z_paper_groth16,2026-07-28T12:53:34.019432+00:00,measured,3,21,21,separate_account_core_16,separate,account_core_b16,baseline,unbound,2,state_transition_and_conservation_16,state_transition_and_conservation,groth16,0.020493127000008826,0.27892010300001857,0.26582187499980137,0.5652351049998288,803,3,True,,ok,
20260728T123050Z_paper_groth16,2026-07-28T12:53:34.019432+00:00,measured,3,21,21,separate_account_core_16,separate,account_core_b16,baseline,unbound,3,operating_limit_16,operating_limit,groth16,0.017299283999818726,0.27688956500014683,0.2564301540000997,0.5506190030000653,805,12,True,,ok,
20260728T123050Z_paper_groth16,2026-07-28T12:53:35.276411+00:00,measured,3,21,22,linked_separate_valid_limit_32,separate,valid_limit_b32,commitment_linked,tx_tag,1,linked_valid_limit_validity_32,linked_valid_limit_component,groth16,0.03994525500002055,0.3272814599999947,0.2672343410004032,0.6344610560004185,803,98,True,True,ok,
20260728T123050Z_paper_groth16,2026-07-28T12:53:35.276411+00:00,measured,3,21,22,linked_separate_valid_limit_32,separate,valid_limit_b32,commitment_linked,tx_tag,2,linked_valid_limit_limit_32,linked_valid_limit_component,groth16,0.0371015399996395,0.3248834609998994,0.25900053600025785,0.6209855369997968,803,98,True,True,ok,
20260728T123050Z_paper_groth16,2026-07-28T12:53:37.711815+00:00,measured,3,21,23,separate_token_bundle_32_depth_8,separate,token_bundle_b32_d8,baseline,unbound,1,merkle_membership_depth_8,merkle_membership,groth16,0.040632808999816916,0.3966800630000762,0.2614694519998011,0.6987823239996942,807,84,True,,ok,
20260728T123050Z_paper_groth16,2026-07-28T12:53:37.711815+00:00,measured,3,21,23,separate_token_bundle_32_depth_8,separate,token_bundle_b32_d8,baseline,unbound,2,nullifier_correctness_poseidon,nullifier_correctness,groth16,0.032000639999751,0.31532160200004,0.2531405889999405,0.6004628309997315,805,164,True,,ok,
20260728T123050Z_paper_groth16,2026-07-28T12:53:37.711815+00:00,measured,3,21,23,separate_token_bundle_32_depth_8,separate,token_bundle_b32_d8,baseline,unbound,3,local_financial_validity_32,local_financial_validity,groth16,0.018066660999920714,0.28646909400004006,0.2560286409998298,0.5605643959997906,804,3,True,,ok,
20260728T123050Z_paper_groth16,2026-07-28T12:53:37.711815+00:00,measured,3,21,23,separate_token_bundle_32_depth_8,separate,token_bundle_b32_d8,baseline,unbound,4,privacy_budget_32,privacy_budget,groth16,0.018587524999929883,0.2896807179999996,0.2648821540001336,0.5731503970000631,803,16,True,,ok,
20260728T123050Z_paper_groth16,2026-07-28T12:53:40.274470+00:00,measured,3,21,24,linked_separate_account_budget_32,separate,account_budget_b32,commitment_linked,tx_tag,1,linked_account_budget_validity_32,linked_account_budget_component,groth16,0.05808760199988683,0.3208531730001596,0.2583374239998193,0.6372781989998657,807,111,True,True,ok,
20260728T123050Z_paper_groth16,2026-07-28T12:53:40.274470+00:00,measured,3,21,24,linked_separate_account_budget_32,separate,account_budget_b32,commitment_linked,tx_tag,2,linked_account_budget_transition_32,linked_account_budget_component,groth16,0.055948820000139676,0.32415390000005573,0.25104141200017693,0.6311441320003723,802,111,True,True,ok,
20260728T123050Z_paper_groth16,2026-07-28T12:53:40.274470+00:00,measured,3,21,24,linked_separate_account_budget_32,separate,account_budget_b32,commitment_linked,tx_tag,3,linked_account_budget_limit_32,linked_account_budget_component,groth16,0.05673042999978861,0.3403895639999064,0.26054296100028296,0.657662954999978,803,111,True,True,ok,
20260728T123050Z_paper_groth16,2026-07-28T12:53:40.274470+00:00,measured,3,21,24,linked_separate_account_budget_32,separate,account_budget_b32,commitment_linked,tx_tag,4,linked_account_budget_budget_32,linked_account_budget_component,groth16,0.05852666400005546,0.3206824469998537,0.2543470719997458,0.633556182999655,805,111,True,True,ok,
20260728T123050Z_paper_groth16,2026-07-28T12:53:42.787962+00:00,measured,3,21,25,separate_token_bundle_32_depth_16,separate,token_bundle_b32_d16,baseline,unbound,1,merkle_membership_depth_16,merkle_membership,groth16,0.03988243599997077,0.48897715399971275,0.24532063800006654,0.7741802279997501,806,84,True,,ok,
20260728T123050Z_paper_groth16,2026-07-28T12:53:42.787962+00:00,measured,3,21,25,separate_token_bundle_32_depth_16,separate,token_bundle_b32_d16,baseline,unbound,2,nullifier_correctness_poseidon,nullifier_correctness,groth16,0.0327594450000106,0.2971997370000281,0.28004090400008863,0.6100000860001273,805,164,True,,ok,
20260728T123050Z_paper_groth16,2026-07-28T12:53:42.787962+00:00,measured,3,21,25,separate_token_bundle_32_depth_16,separate,token_bundle_b32_d16,baseline,unbound,3,local_financial_validity_32,local_financial_validity,groth16,0.0200659529996301,0.299348235999787,0.24839854700030628,0.5678127359997234,806,3,True,,ok,
20260728T123050Z_paper_groth16,2026-07-28T12:53:42.787962+00:00,measured,3,21,25,separate_token_bundle_32_depth_16,separate,token_bundle_b32_d16,baseline,unbound,4,privacy_budget_32,privacy_budget,groth16,0.021341453999866644,0.28930423600013455,0.24870316299984552,0.5593488529998467,808,16,True,,ok,
20260728T123050Z_paper_groth16,2026-07-28T12:53:43.387732+00:00,measured,3,21,26,nullifier_correctness_poseidon,monolithic,,,none,1,nullifier_correctness_poseidon,nullifier_correctness,groth16,0.033289500000137195,0.31197791000022335,0.25385052100000394,0.5991179310003645,803,164,True,,ok,
20260728T123050Z_paper_groth16,2026-07-28T12:53:43.943506+00:00,measured,3,21,27,local_validity_and_operating_limit_16,monolithic,valid_limit_b16,baseline,shared_witness,1,local_validity_and_operating_limit_16,local_validity_and_operating_limit,groth16,0.020911989000069298,0.293580651999946,0.24070010600007663,0.5551927470000919,807,12,True,,ok,
20260728T123050Z_paper_groth16,2026-07-28T12:53:44.505802+00:00,measured,3,21,28,account_policy_with_privacy_budget_32,monolithic,account_budget_b32,baseline,shared_witness,1,account_policy_with_privacy_budget_32,account_policy_with_privacy_budget,groth16,0.021681431000160956,0.2912259899999299,0.24876132899998993,0.5616687500000808,800,30,True,,ok,
20260728T123050Z_paper_groth16,2026-07-28T12:53:46.766331+00:00,measured,3,21,29,separate_account_budget_32,separate,account_budget_b32,baseline,unbound,1,local_financial_validity_32,local_financial_validity,groth16,0.021311568000328407,0.2873456110000916,0.25667211299969495,0.565329292000115,804,3,True,,ok,
20260728T123050Z_paper_groth16,2026-07-28T12:53:46.766331+00:00,measured,3,21,29,separate_account_budget_32,separate,account_budget_b32,baseline,unbound,2,state_transition_and_conservation_32,state_transition_and_conservation,groth16,0.0182803640000202,0.3139504210002997,0.247496874999797,0.5797276600001169,804,3,True,,ok,
20260728T123050Z_paper_groth16,2026-07-28T12:53:46.766331+00:00,measured,3,21,29,separate_account_budget_32,separate,account_budget_b32,baseline,unbound,3,operating_limit_32,operating_limit,groth16,0.019593284000166022,0.2751716560001114,0.2614620110002761,0.5562269510005535,805,16,True,,ok,
20260728T123050Z_paper_groth16,2026-07-28T12:53:46.766331+00:00,measured,3,21,29,separate_account_budget_32,separate,account_budget_b32,baseline,unbound,4,privacy_budget_32,privacy_budget,groth16,0.01819482999962929,0.2856543769999007,0.25332171199988807,0.5571709189994181,803,16,True,,ok,
20260728T123050Z_paper_groth16,2026-07-28T12:53:47.393376+00:00,measured,3,21,30,linked_valid_limit_monolithic_32,monolithic,valid_limit_b32,commitment_linked,tx_tag,1,linked_valid_limit_monolithic_32,local_validity_and_operating_limit,groth16,0.04060730599985618,0.3315263730000879,0.25404132200037566,0.6261750010003198,806,98,True,True,ok,
20260728T123050Z_paper_groth16,2026-07-28T12:53:47.985662+00:00,measured,3,21,31,state_transition_and_conservation_16,monolithic,,,none,1,state_transition_and_conservation_16,state_transition_and_conservation,groth16,0.019997323000097822,0.3006438560000788,0.2710831309996138,0.5917243099997904,803,3,True,,ok,
20260728T123050Z_paper_groth16,2026-07-28T12:53:50.230463+00:00,measured,3,21,32,separate_account_budget_64,separate,account_budget_b64,baseline,unbound,1,local_financial_validity_64,local_financial_validity,groth16,0.021043623999958072,0.278933077000147,0.24373479499990935,0.5437114960000144,806,3,True,,ok,
20260728T123050Z_paper_groth16,2026-07-28T12:53:50.230463+00:00,measured,3,21,32,separate_account_budget_64,separate,account_budget_b64,baseline,unbound,2,state_transition_and_conservation_64,state_transition_and_conservation,groth16,0.022560236000117584,0.2908176050000293,0.2497985999998491,0.563176440999996,807,3,True,,ok,
20260728T123050Z_paper_groth16,2026-07-28T12:53:50.230463+00:00,measured,3,21,32,separate_account_budget_64,separate,account_budget_b64,baseline,unbound,3,operating_limit_64,operating_limit,groth16,0.020189288999972632,0.28752057299971057,0.26423207200014076,0.571941933999824,805,26,True,,ok,
20260728T123050Z_paper_groth16,2026-07-28T12:53:50.230463+00:00,measured,3,21,32,separate_account_budget_64,separate,account_budget_b64,baseline,unbound,4,privacy_budget_64,privacy_budget,groth16,0.020197964000089996,0.2939311660002204,0.24974008000026515,0.5638692100005755,802,26,True,,ok,
20260728T123050Z_paper_groth16,2026-07-28T12:53:50.823686+00:00,measured,3,21,33,account_policy_core_32,monolithic,account_core_b32,baseline,shared_witness,1,account_policy_core_32,account_policy_core,groth16,0.021066541999971378,0.30020522099994196,0.27128090899987,0.5925526719997833,807,16,True,,ok,
20260728T123050Z_paper_groth16,2026-07-28T12:53:51.653774+00:00,measured,3,21,34,token_policy_bundle_32_depth_16,monolithic,token_bundle_b32_d16,baseline,shared_witness,1,token_policy_bundle_32_depth_16,token_policy_bundle,groth16,0.0453272609997839,0.5323183090004022,0.2517579919999662,0.8294035620001523,804,260,True,,ok,
20260728T123050Z_paper_groth16,2026-07-28T12:53:52.234021+00:00,measured,3,21,35,account_policy_with_privacy_budget_64,monolithic,account_budget_b64,baseline,shared_witness,1,account_policy_with_privacy_budget_64,account_policy_with_privacy_budget,groth16,0.020292664999942644,0.3006532479998896,0.24979861700012407,0.5707445299999563,807,50,True,,ok,
20260728T123050Z_paper_groth16,2026-07-28T12:53:52.776422+00:00,measured,3,21,36,local_financial_validity_32,monolithic,,,none,1,local_financial_validity_32,local_financial_validity,groth16,0.018504511000173807,0.27889654699993116,0.24440379299994675,0.5418048510000517,803,3,True,,ok,
20260728T123050Z_paper_groth16,2026-07-28T12:53:53.887181+00:00,measured,3,21,37,separate_valid_limit_16,separate,valid_limit_b16,baseline,unbound,1,local_financial_validity_16,local_financial_validity,groth16,0.020687672999883944,0.2722506259997317,0.2532131590000972,0.5461514579997129,804,3,True,,ok,
20260728T123050Z_paper_groth16,2026-07-28T12:53:53.887181+00:00,measured,3,21,37,separate_valid_limit_16,separate,valid_limit_b16,baseline,unbound,2,operating_limit_16,operating_limit,groth16,0.020830717000080767,0.274554925999837,0.2681377550002253,0.5635233980001431,802,12,True,,ok,
20260728T123050Z_paper_groth16,2026-07-28T12:53:54.467903+00:00,measured,3,21,38,operating_limit_32,monolithic,,,none,1,operating_limit_32,operating_limit,groth16,0.02118389599991133,0.3021653810001226,0.25674479500003144,0.5800940720000654,807,16,True,,ok,
20260728T123050Z_paper_groth16,2026-07-28T12:53:55.623921+00:00,measured,3,21,39,separate_valid_limit_32,separate,valid_limit_b32,baseline,unbound,1,local_financial_validity_32,local_financial_validity,groth16,0.020596670000031736,0.2842172250002477,0.25064641499966456,0.555460309999944,802,3,True,,ok,
20260728T123050Z_paper_groth16,2026-07-28T12:53:55.623921+00:00,measured,3,21,39,separate_valid_limit_32,separate,valid_limit_b32,baseline,unbound,2,operating_limit_32,operating_limit,groth16,0.019207234000077733,0.3082186929996169,0.27199635000033595,0.5994222770000306,807,16,True,,ok,
20260728T123050Z_paper_groth16,2026-07-28T12:53:56.440148+00:00,measured,3,21,40,merkle_membership_depth_16,monolithic,,,none,1,merkle_membership_depth_16,merkle_membership,groth16,0.0404174340001191,0.5139087190000282,0.26120959199988647,0.8155357450000338,806,84,True,,ok,
20260728T123050Z_paper_groth16,2026-07-28T12:53:57.028134+00:00,measured,3,21,41,state_transition_and_conservation_64,monolithic,,,none,1,state_transition_and_conservation_64,state_transition_and_conservation,groth16,0.02277626999966742,0.3154987230000188,0.24908198599996467,0.5873569789996509,805,3,True,,ok,
20260728T123050Z_paper_groth16,2026-07-28T12:53:57.587322+00:00,measured,3,21,42,operating_limit_16,monolithic,,,none,1,operating_limit_16,operating_limit,groth16,0.019065421000050264,0.286918624000009,0.25246796100009306,0.5584520060001523,804,12,True,,ok,
20260728T123050Z_paper_groth16,2026-07-28T12:53:59.347254+00:00,measured,3,21,43,separate_account_core_64,separate,account_core_b64,baseline,unbound,1,local_financial_validity_64,local_financial_validity,groth16,0.021930450000127166,0.3057064790000368,0.2468586499999219,0.5744955790000859,805,3,True,,ok,
20260728T123050Z_paper_groth16,2026-07-28T12:53:59.347254+00:00,measured,3,21,43,separate_account_core_64,separate,account_core_b64,baseline,unbound,2,state_transition_and_conservation_64,state_transition_and_conservation,groth16,0.0248938959998668,0.3033881530000144,0.259294074999616,0.5875761239994972,806,3,True,,ok,
20260728T123050Z_paper_groth16,2026-07-28T12:53:59.347254+00:00,measured,3,21,43,separate_account_core_64,separate,account_core_b64,baseline,unbound,3,operating_limit_64,operating_limit,groth16,0.023612151000179438,0.30491220100020655,0.2676870659997803,0.5962114180001663,805,26,True,,ok,
20260728T123050Z_paper_groth16,2026-07-28T12:54:01.582953+00:00,measured,3,21,44,separate_account_budget_16,separate,account_budget_b16,baseline,unbound,1,local_financial_validity_16,local_financial_validity,groth16,0.0205712259999018,0.2825854980001168,0.2573147789998984,0.560471502999917,805,3,True,,ok,
20260728T123050Z_paper_groth16,2026-07-28T12:54:01.582953+00:00,measured,3,21,44,separate_account_budget_16,separate,account_budget_b16,baseline,unbound,2,state_transition_and_conservation_16,state_transition_and_conservation,groth16,0.018260259999806294,0.28180690599992886,0.2545886879997852,0.5546558539995203,806,3,True,,ok,
20260728T123050Z_paper_groth16,2026-07-28T12:54:01.582953+00:00,measured,3,21,44,separate_account_budget_16,separate,account_budget_b16,baseline,unbound,3,operating_limit_16,operating_limit,groth16,0.0189014849997875,0.28107528200007437,0.2547461989997828,0.5547229659996447,807,12,True,,ok,
20260728T123050Z_paper_groth16,2026-07-28T12:54:01.582953+00:00,measured,3,21,44,separate_account_budget_16,separate,account_budget_b16,baseline,unbound,4,privacy_budget_16,privacy_budget,groth16,0.021434494999994058,0.28101304900019386,0.2612734479998835,0.5637209920000714,804,11,True,,ok,
20260728T123050Z_paper_groth16,2026-07-28T12:54:02.153276+00:00,measured,3,21,45,account_policy_with_privacy_budget_16,monolithic,account_budget_b16,baseline,shared_witness,1,account_policy_with_privacy_budget_16,account_policy_with_privacy_budget,groth16,0.02131016900011673,0.29144794500007265,0.2568978959998276,0.569656010000017,805,21,True,,ok,
20260728T123050Z_paper_groth16,2026-07-28T12:54:02.902952+00:00,measured,3,21,46,merkle_membership_depth_8,monolithic,,,none,1,merkle_membership_depth_8,merkle_membership,groth16,0.040133135999894876,0.44884274099968025,0.2600921200000812,0.7490679969996563,804,84,True,,ok,
20260728T123050Z_paper_groth16,2026-07-28T12:54:03.454448+00:00,measured,3,22,1,local_financial_validity_16,monolithic,,,none,1,local_financial_validity_16,local_financial_validity,groth16,0.021446755999932066,0.2835969880002267,0.245835557999726,0.5508793019998848,806,3,True,,ok,
20260728T123050Z_paper_groth16,2026-07-28T12:54:05.731886+00:00,measured,3,22,2,separate_account_budget_64,separate,account_budget_b64,baseline,unbound,1,local_financial_validity_64,local_financial_validity,groth16,0.02349771100034559,0.2868352410000625,0.26213321400018685,0.572466166000595,804,3,True,,ok,
20260728T123050Z_paper_groth16,2026-07-28T12:54:05.731886+00:00,measured,3,22,2,separate_account_budget_64,separate,account_budget_b64,baseline,unbound,2,state_transition_and_conservation_64,state_transition_and_conservation,groth16,0.020697045999895636,0.2965671179999845,0.23901647899992895,0.5562806429998091,807,3,True,,ok,
20260728T123050Z_paper_groth16,2026-07-28T12:54:05.731886+00:00,measured,3,22,2,separate_account_budget_64,separate,account_budget_b64,baseline,unbound,3,operating_limit_64,operating_limit,groth16,0.019706255000073725,0.2848914800001694,0.2603278130000035,0.5649255480002466,806,26,True,,ok,
20260728T123050Z_paper_groth16,2026-07-28T12:54:05.731886+00:00,measured,3,22,2,separate_account_budget_64,separate,account_budget_b64,baseline,unbound,4,privacy_budget_64,privacy_budget,groth16,0.021268826999857993,0.2916881529999955,0.26865414499980034,0.5816111249996538,806,26,True,,ok,
20260728T123050Z_paper_groth16,2026-07-28T12:54:06.850905+00:00,measured,3,22,3,separate_valid_limit_32,separate,valid_limit_b32,baseline,unbound,1,local_financial_validity_32,local_financial_validity,groth16,0.019488345999889134,0.28658615399990595,0.23692462799999703,0.5429991279997921,803,3,True,,ok,
20260728T123050Z_paper_groth16,2026-07-28T12:54:06.850905+00:00,measured,3,22,3,separate_valid_limit_32,separate,valid_limit_b32,baseline,unbound,2,operating_limit_32,operating_limit,groth16,0.021461455000007845,0.302474274999895,0.25094406299967886,0.5748797929995817,805,16,True,,ok,
20260728T123050Z_paper_groth16,2026-07-28T12:54:07.689334+00:00,measured,3,22,4,token_policy_bundle_32_depth_16,monolithic,token_bundle_b32_d16,baseline,shared_witness,1,token_policy_bundle_32_depth_16,token_policy_bundle,groth16,0.04697364899993772,0.5332942220002224,0.24856345099988175,0.8288313220000418,804,260,True,,ok,
20260728T123050Z_paper_groth16,2026-07-28T12:54:08.663632+00:00,measured,3,22,5,token_policy_bundle_32_depth_32,monolithic,token_bundle_b32_d32,baseline,shared_witness,1,token_policy_bundle_32_depth_32,token_policy_bundle,groth16,0.04674156300006871,0.6570095530000799,0.26914899700022943,0.972900113000378,803,261,True,,ok,
20260728T123050Z_paper_groth16,2026-07-28T12:54:09.250011+00:00,measured,3,22,6,nullifier_correctness_poseidon,monolithic,,,none,1,nullifier_correctness_poseidon,nullifier_correctness,groth16,0.03248334899990368,0.3122224130001996,0.2410658950002471,0.5857716570003504,804,164,True,,ok,
20260728T123050Z_paper_groth16,2026-07-28T12:54:09.798002+00:00,measured,3,22,7,local_financial_validity_32,monolithic,,,none,1,local_financial_validity_32,local_financial_validity,groth16,0.018505197999729717,0.2888769989999673,0.2399592900001153,0.5473414869998123,802,3,True,,ok,
20260728T123050Z_paper_groth16,2026-07-28T12:54:10.430525+00:00,measured,3,22,8,account_policy_with_privacy_budget_64,monolithic,account_budget_b64,baseline,shared_witness,1,account_policy_with_privacy_budget_64,account_policy_with_privacy_budget,groth16,0.02598607300024014,0.3388222409998889,0.2670565970001917,0.6318649110003207,807,50,True,,ok,
20260728T123050Z_paper_groth16,2026-07-28T12:54:11.283728+00:00,measured,3,22,9,linked_token_bundle_monolithic_32_depth_16,monolithic,token_bundle_b32_d16,commitment_linked,tx_tag,1,linked_token_bundle_monolithic_32_depth_16,token_policy_bundle,groth16,0.062317749000158074,0.5371511230000579,0.2509471619996475,0.8504160339998634,806,342,True,True,ok,
20260728T123050Z_paper_groth16,2026-07-28T12:54:12.394576+00:00,measured,3,22,10,separate_valid_limit_16,separate,valid_limit_b16,baseline,unbound,1,local_financial_validity_16,local_financial_validity,groth16,0.019344731000273896,0.28657027799999923,0.24154331699992326,0.5474583260001964,807,3,True,,ok,
20260728T123050Z_paper_groth16,2026-07-28T12:54:12.394576+00:00,measured,3,22,10,separate_valid_limit_16,separate,valid_limit_b16,baseline,unbound,2,operating_limit_16,operating_limit,groth16,0.018216768999991473,0.29022677900002236,0.25384649899979195,0.5622900469998058,806,12,True,,ok,
20260728T123050Z_paper_groth16,2026-07-28T12:54:13.000817+00:00,measured,3,22,11,local_validity_and_operating_limit_16,monolithic,valid_limit_b16,baseline,shared_witness,1,local_validity_and_operating_limit_16,local_validity_and_operating_limit,groth16,0.01965778199974011,0.3099152889999459,0.27605052800026897,0.605623598999955,805,12,True,,ok,
20260728T123050Z_paper_groth16,2026-07-28T12:54:13.570509+00:00,measured,3,22,12,operating_limit_32,monolithic,,,none,1,operating_limit_32,operating_limit,groth16,0.019771082999795908,0.29094868799984397,0.25834465000025375,0.5690644209998936,805,16,True,,ok,
20260728T123050Z_paper_groth16,2026-07-28T12:54:16.118190+00:00,measured,3,22,13,linked_separate_account_budget_32,separate,account_budget_b32,commitment_linked,tx_tag,1,linked_account_budget_validity_32,linked_account_budget_component,groth16,0.05780660300024465,0.32398308399979214,0.2526610510003593,0.6344507380003961,803,111,True,True,ok,
20260728T123050Z_paper_groth16,2026-07-28T12:54:16.118190+00:00,measured,3,22,13,linked_separate_account_budget_32,separate,account_budget_b32,commitment_linked,tx_tag,2,linked_account_budget_transition_32,linked_account_budget_component,groth16,0.05667854900002567,0.34455406799997945,0.24358519999987038,0.6448178169998755,808,111,True,True,ok,
20260728T123050Z_paper_groth16,2026-07-28T12:54:16.118190+00:00,measured,3,22,13,linked_separate_account_budget_32,separate,account_budget_b32,commitment_linked,tx_tag,3,linked_account_budget_limit_32,linked_account_budget_component,groth16,0.05577719300026729,0.32615028600002915,0.2462479529999655,0.6281754320002619,806,111,True,True,ok,
20260728T123050Z_paper_groth16,2026-07-28T12:54:16.118190+00:00,measured,3,22,13,linked_separate_account_budget_32,separate,account_budget_b32,commitment_linked,tx_tag,4,linked_account_budget_budget_32,linked_account_budget_component,groth16,0.056443643999955384,0.32622039600028074,0.2540738650000094,0.6367379050002455,805,111,True,True,ok,
20260728T123050Z_paper_groth16,2026-07-28T12:54:17.798357+00:00,measured,3,22,14,separate_account_core_16,separate,account_core_b16,baseline,unbound,1,local_financial_validity_16,local_financial_validity,groth16,0.0196316750002552,0.28545612900006745,0.25480851300017093,0.5598963170004936,804,3,True,,ok,
20260728T123050Z_paper_groth16,2026-07-28T12:54:17.798357+00:00,measured,3,22,14,separate_account_core_16,separate,account_core_b16,baseline,unbound,2,state_transition_and_conservation_16,state_transition_and_conservation,groth16,0.02056465300029231,0.27566969999998037,0.25671013500004847,0.5529444880003211,804,3,True,,ok,
20260728T123050Z_paper_groth16,2026-07-28T12:54:17.798357+00:00,measured,3,22,14,separate_account_core_16,separate,account_core_b16,baseline,unbound,3,operating_limit_16,operating_limit,groth16,0.017125093000231573,0.29292608700006895,0.24678119700001844,0.556832377000319,806,12,True,,ok,
20260728T123050Z_paper_groth16,2026-07-28T12:54:18.450729+00:00,measured,3,22,15,linked_account_budget_monolithic_32,monolithic,account_budget_b32,commitment_linked,tx_tag,1,linked_account_budget_monolithic_32,account_policy_with_privacy_budget,groth16,0.05892273600011322,0.34277641400012726,0.24944485200012423,0.6511440020003647,805,111,True,True,ok,
20260728T123050Z_paper_groth16,2026-07-28T12:54:19.019840+00:00,measured,3,22,16,privacy_budget_16,monolithic,,,none,1,privacy_budget_16,privacy_budget,groth16,0.019655927999792766,0.29612219199998435,0.25275574599982065,0.5685338659995978,806,11,True,,ok,
20260728T123050Z_paper_groth16,2026-07-28T12:54:19.590596+00:00,measured,3,22,17,local_financial_validity_64,monolithic,,,none,1,local_financial_validity_64,local_financial_validity,groth16,0.022612525999647914,0.2952205530000356,0.25232386200013934,0.5701569409998228,805,3,True,,ok,
20260728T123050Z_paper_groth16,2026-07-28T12:54:21.321749+00:00,measured,3,22,18,separate_account_core_32,separate,account_core_b32,baseline,unbound,1,local_financial_validity_32,local_financial_validity,groth16,0.02308561900008499,0.2841053360002661,0.26701096299984783,0.5742019180001989,801,3,True,,ok,
20260728T123050Z_paper_groth16,2026-07-28T12:54:21.321749+00:00,measured,3,22,18,separate_account_core_32,separate,account_core_b32,baseline,unbound,2,state_transition_and_conservation_32,state_transition_and_conservation,groth16,0.018820500999936485,0.3202078099998289,0.2544472039999164,0.5934755149996818,805,3,True,,ok,
20260728T123050Z_paper_groth16,2026-07-28T12:54:21.321749+00:00,measured,3,22,18,separate_account_core_32,separate,account_core_b32,baseline,unbound,3,operating_limit_32,operating_limit,groth16,0.018987072000072658,0.2886085400000411,0.25394886200001565,0.5615444740001294,805,16,True,,ok,
20260728T123050Z_paper_groth16,2026-07-28T12:54:23.547346+00:00,measured,3,22,19,separate_account_budget_32,separate,account_budget_b32,baseline,unbound,1,local_financial_validity_32,local_financial_validity,groth16,0.022174379999796656,0.2825343000004068,0.2628941739999391,0.5676028540001425,804,3,True,,ok,
20260728T123050Z_paper_groth16,2026-07-28T12:54:23.547346+00:00,measured,3,22,19,separate_account_budget_32,separate,account_budget_b32,baseline,unbound,2,state_transition_and_conservation_32,state_transition_and_conservation,groth16,0.018855364000046393,0.29183806500032006,0.2420968559999892,0.5527902850003557,802,3,True,,ok,
20260728T123050Z_paper_groth16,2026-07-28T12:54:23.547346+00:00,measured,3,22,19,separate_account_budget_32,separate,account_budget_b32,baseline,unbound,3,operating_limit_32,operating_limit,groth16,0.018633270999998786,0.28742787300006967,0.24878614499994,0.5548472890000085,807,16,True,,ok,
20260728T123050Z_paper_groth16,2026-07-28T12:54:23.547346+00:00,measured,3,22,19,separate_account_budget_32,separate,account_budget_b32,baseline,unbound,4,privacy_budget_32,privacy_budget,groth16,0.019480138999824703,0.2780805489996965,0.25064308299988625,0.5482037709994074,805,16,True,,ok,
20260728T123050Z_paper_groth16,2026-07-28T12:54:24.100595+00:00,measured,3,22,20,account_policy_with_privacy_budget_16,monolithic,account_budget_b16,baseline,shared_witness,1,account_policy_with_privacy_budget_16,account_policy_with_privacy_budget,groth16,0.01892188600004374,0.2847407449999082,0.24866625899994688,0.5523288899998988,801,21,True,,ok,
20260728T123050Z_paper_groth16,2026-07-28T12:54:26.841665+00:00,measured,3,22,21,separate_token_bundle_32_depth_32,separate,token_bundle_b32_d32,baseline,unbound,1,merkle_membership_depth_32,merkle_membership,groth16,0.04112195200013957,0.7399376490002396,0.26404549100016084,1.04510509200054,805,84,True,,ok,
20260728T123050Z_paper_groth16,2026-07-28T12:54:26.841665+00:00,measured,3,22,21,separate_token_bundle_32_depth_32,separate,token_bundle_b32_d32,baseline,unbound,2,nullifier_correctness_poseidon,nullifier_correctness,groth16,0.03188062599974728,0.3005536400000892,0.24648999600003663,0.5789242619998731,805,164,True,,ok,
20260728T123050Z_paper_groth16,2026-07-28T12:54:26.841665+00:00,measured,3,22,21,separate_token_bundle_32_depth_32,separate,token_bundle_b32_d32,baseline,unbound,3,local_financial_validity_32,local_financial_validity,groth16,0.020023494000270148,0.2815779690004092,0.2463557809996928,0.5479572440003722,804,3,True,,ok,
20260728T123050Z_paper_groth16,2026-07-28T12:54:26.841665+00:00,measured,3,22,21,separate_token_bundle_32_depth_32,separate,token_bundle_b32_d32,baseline,unbound,4,privacy_budget_32,privacy_budget,groth16,0.020140441999956238,0.2915604220002024,0.2551309100003891,0.5668317740005477,808,16,True,,ok,
20260728T123050Z_paper_groth16,2026-07-28T12:54:27.403021+00:00,measured,3,22,22,operating_limit_64,monolithic,,,none,1,operating_limit_64,operating_limit,groth16,0.021153969999886613,0.29250720700019883,0.2470079060003627,0.5606690830004482,808,26,True,,ok,
20260728T123050Z_paper_groth16,2026-07-28T12:54:30.221728+00:00,measured,3,22,23,linked_separate_token_bundle_32_depth_16,separate,token_bundle_b32_d16,commitment_linked,tx_tag,1,linked_token_bundle_membership_32_depth_16,linked_token_bundle_component,groth16,0.06207840699971712,0.5272955499999625,0.25368726300030175,0.8430612199999814,805,342,True,True,ok,
20260728T123050Z_paper_groth16,2026-07-28T12:54:30.221728+00:00,measured,3,22,23,linked_separate_token_bundle_32_depth_16,separate,token_bundle_b32_d16,commitment_linked,tx_tag,2,linked_token_bundle_nullifier_32_depth_16,linked_token_bundle_component,groth16,0.057867102999807685,0.34058802699973967,0.2678511750000325,0.6663063049995799,805,342,True,True,ok,
20260728T123050Z_paper_groth16,2026-07-28T12:54:30.221728+00:00,measured,3,22,23,linked_separate_token_bundle_32_depth_16,separate,token_bundle_b32_d16,commitment_linked,tx_tag,3,linked_token_bundle_validity_32_depth_16,linked_token_bundle_component,groth16,0.06463428799997928,0.3325199639998573,0.2514786550000281,0.6486329069998646,806,342,True,True,ok,
20260728T123050Z_paper_groth16,2026-07-28T12:54:30.221728+00:00,measured,3,22,23,linked_separate_token_bundle_32_depth_16,separate,token_bundle_b32_d16,commitment_linked,tx_tag,4,linked_token_bundle_budget_32_depth_16,linked_token_bundle_component,groth16,0.05724010699987048,0.33348265499989793,0.2655207499997232,0.6562435119994916,807,342,True,True,ok,
20260728T123050Z_paper_groth16,2026-07-28T12:54:30.786527+00:00,measured,3,22,24,state_transition_and_conservation_32,monolithic,,,none,1,state_transition_and_conservation_32,state_transition_and_conservation,groth16,0.019977287000074284,0.2910788809999758,0.25312680199976967,0.5641829699998198,805,3,True,,ok,
20260728T123050Z_paper_groth16,2026-07-28T12:54:31.368845+00:00,measured,3,22,25,account_policy_core_32,monolithic,account_core_b32,baseline,shared_witness,1,account_policy_core_32,account_policy_core,groth16,0.021935785000096075,0.310489060999771,0.24926672899982805,0.5816915749996951,802,16,True,,ok,
20260728T123050Z_paper_groth16,2026-07-28T12:54:31.947258+00:00,measured,3,22,26,privacy_budget_32,monolithic,,,none,1,privacy_budget_32,privacy_budget,groth16,0.020542071999898326,0.3053037559998302,0.251934798000093,0.5777806259998215,806,16,True,,ok,
20260728T123050Z_paper_groth16,2026-07-28T12:54:32.668015+00:00,measured,3,22,27,merkle_membership_depth_8,monolithic,,,none,1,merkle_membership_depth_8,merkle_membership,groth16,0.03928192100011074,0.42372174799993445,0.25711350499977925,0.7201171739998244,804,84,True,,ok,
20260728T123050Z_paper_groth16,2026-07-28T12:54:33.253859+00:00,measured,3,22,28,state_transition_and_conservation_64,monolithic,,,none,1,state_transition_and_conservation_64,state_transition_and_conservation,groth16,0.02197179299992058,0.3123521819998132,0.2509079659998861,0.5852319409996198,807,3,True,,ok,
20260728T123050Z_paper_groth16,2026-07-28T12:54:33.819742+00:00,measured,3,22,29,local_validity_and_operating_limit_64,monolithic,valid_limit_b64,baseline,shared_witness,1,local_validity_and_operating_limit_64,local_validity_and_operating_limit,groth16,0.021117165999839926,0.29919257199981075,0.24496546299997135,0.565275200999622,804,26,True,,ok,
20260728T123050Z_paper_groth16,2026-07-28T12:54:34.402616+00:00,measured,3,22,30,privacy_budget_64,monolithic,,,none,1,privacy_budget_64,privacy_budget,groth16,0.020651878000080615,0.28581191200009926,0.2758126720000291,0.582276462000209,806,26,True,,ok,
20260728T123050Z_paper_groth16,2026-07-28T12:54:35.636132+00:00,measured,3,22,31,linked_separate_valid_limit_32,separate,valid_limit_b32,commitment_linked,tx_tag,1,linked_valid_limit_validity_32,linked_valid_limit_component,groth16,0.0393907620000391,0.33009162899998046,0.25226507999968817,0.6217474709997077,807,98,True,True,ok,
20260728T123050Z_paper_groth16,2026-07-28T12:54:35.636132+00:00,measured,3,22,31,linked_separate_valid_limit_32,separate,valid_limit_b32,commitment_linked,tx_tag,2,linked_valid_limit_limit_32,linked_valid_limit_component,groth16,0.0371966159996191,0.32712529099990206,0.24586632000000463,0.6101882269995258,805,98,True,True,ok,
20260728T123050Z_paper_groth16,2026-07-28T12:54:36.220184+00:00,measured,3,22,32,account_policy_with_privacy_budget_32,monolithic,account_budget_b32,baseline,shared_witness,1,account_policy_with_privacy_budget_32,account_policy_with_privacy_budget,groth16,0.02174281699990388,0.30153399500022715,0.26017860399997517,0.5834554160001062,808,30,True,,ok,
20260728T123050Z_paper_groth16,2026-07-28T12:54:36.800001+00:00,measured,3,22,33,account_policy_core_64,monolithic,account_core_b64,baseline,shared_witness,1,account_policy_core_64,account_policy_core,groth16,0.021885276999910275,0.2998608279999644,0.25747974299974885,0.5792258479996235,805,26,True,,ok,
20260728T123050Z_paper_groth16,2026-07-28T12:54:39.231415+00:00,measured,3,22,34,separate_token_bundle_32_depth_8,separate,token_bundle_b32_d8,baseline,unbound,1,merkle_membership_depth_8,merkle_membership,groth16,0.04130343399992853,0.43666287799987913,0.24835925200022757,0.7263255640000352,805,84,True,,ok,
20260728T123050Z_paper_groth16,2026-07-28T12:54:39.231415+00:00,measured,3,22,34,separate_token_bundle_32_depth_8,separate,token_bundle_b32_d8,baseline,unbound,2,nullifier_correctness_poseidon,nullifier_correctness,groth16,0.03406296500043027,0.3048108329999195,0.2688090279998505,0.6076828260002003,807,164,True,,ok,
20260728T123050Z_paper_groth16,2026-07-28T12:54:39.231415+00:00,measured,3,22,34,separate_token_bundle_32_depth_8,separate,token_bundle_b32_d8,baseline,unbound,3,local_financial_validity_32,local_financial_validity,groth16,0.02093286999979682,0.27286190599988913,0.25335260299971196,0.5471473789993979,803,3,True,,ok,
20260728T123050Z_paper_groth16,2026-07-28T12:54:39.231415+00:00,measured,3,22,34,separate_token_bundle_32_depth_8,separate,token_bundle_b32_d8,baseline,unbound,4,privacy_budget_32,privacy_budget,groth16,0.01787770700002511,0.2849159279999185,0.24536611799976527,0.5481597529997089,805,16,True,,ok,
20260728T123050Z_paper_groth16,2026-07-28T12:54:41.751316+00:00,measured,3,22,35,separate_token_bundle_32_depth_16,separate,token_bundle_b32_d16,baseline,unbound,1,merkle_membership_depth_16,merkle_membership,groth16,0.04201981200003502,0.5077490610001405,0.2570799250001983,0.8068487980003738,806,84,True,,ok,
20260728T123050Z_paper_groth16,2026-07-28T12:54:41.751316+00:00,measured,3,22,35,separate_token_bundle_32_depth_16,separate,token_bundle_b32_d16,baseline,unbound,2,nullifier_correctness_poseidon,nullifier_correctness,groth16,0.03190591900010986,0.31793776699987575,0.24871608000012202,0.5985597660001076,805,164,True,,ok,
20260728T123050Z_paper_groth16,2026-07-28T12:54:41.751316+00:00,measured,3,22,35,separate_token_bundle_32_depth_16,separate,token_bundle_b32_d16,baseline,unbound,3,local_financial_validity_32,local_financial_validity,groth16,0.018176521999976103,0.291841654000109,0.251609124999959,0.5616273010000441,805,3,True,,ok,
20260728T123050Z_paper_groth16,2026-07-28T12:54:41.751316+00:00,measured,3,22,35,separate_token_bundle_32_depth_16,separate,token_bundle_b32_d16,baseline,unbound,4,privacy_budget_32,privacy_budget,groth16,0.01973042700001315,0.2879472429999623,0.24301377099982346,0.5506914409997989,804,16,True,,ok,
20260728T123050Z_paper_groth16,2026-07-28T12:54:42.682169+00:00,measured,3,22,36,merkle_membership_depth_32,monolithic,,,none,1,merkle_membership_depth_32,merkle_membership,groth16,0.04084524199970474,0.6376546830001644,0.25164540900004795,0.9301453339999171,804,84,True,,ok,
20260728T123050Z_paper_groth16,2026-07-28T12:54:43.240250+00:00,measured,3,22,37,operating_limit_16,monolithic,,,none,1,operating_limit_16,operating_limit,groth16,0.01910274700003356,0.28827117899982113,0.2501199920002364,0.5574939180000911,804,12,True,,ok,
20260728T123050Z_paper_groth16,2026-07-28T12:54:45.440247+00:00,measured,3,22,38,separate_account_budget_16,separate,account_budget_b16,baseline,unbound,1,local_financial_validity_16,local_financial_validity,groth16,0.019874439999966853,0.2777607729999545,0.2354756169997927,0.533110829999714,804,3,True,,ok,
20260728T123050Z_paper_groth16,2026-07-28T12:54:45.440247+00:00,measured,3,22,38,separate_account_budget_16,separate,account_budget_b16,baseline,unbound,2,state_transition_and_conservation_16,state_transition_and_conservation,groth16,0.01998890200002279,0.2875834839996969,0.26722539399997913,0.5747977799996988,807,3,True,,ok,
20260728T123050Z_paper_groth16,2026-07-28T12:54:45.440247+00:00,measured,3,22,38,separate_account_budget_16,separate,account_budget_b16,baseline,unbound,3,operating_limit_16,operating_limit,groth16,0.017133288999957585,0.27769556699968234,0.24932631499996205,0.544155170999602,805,12,True,,ok,
20260728T123050Z_paper_groth16,2026-07-28T12:54:45.440247+00:00,measured,3,22,38,separate_account_budget_16,separate,account_budget_b16,baseline,unbound,4,privacy_budget_16,privacy_budget,groth16,0.02055142600011095,0.27532690099997126,0.2499348999999711,0.5458132270000533,802,11,True,,ok,
20260728T123050Z_paper_groth16,2026-07-28T12:54:46.072376+00:00,measured,3,22,39,linked_valid_limit_monolithic_32,monolithic,valid_limit_b32,commitment_linked,tx_tag,1,linked_valid_limit_monolithic_32,local_validity_and_operating_limit,groth16,0.03848983000034423,0.3361045430001468,0.2566200179999214,0.6312143910004124,805,98,True,True,ok,
20260728T123050Z_paper_groth16,2026-07-28T12:54:46.636533+00:00,measured,3,22,40,account_policy_core_16,monolithic,account_core_b16,baseline,shared_witness,1,account_policy_core_16,account_policy_core,groth16,0.020247483999810356,0.2897772860001169,0.25353230500013524,0.5635570750000625,803,12,True,,ok,
20260728T123050Z_paper_groth16,2026-07-28T12:54:47.450999+00:00,measured,3,22,41,merkle_membership_depth_16,monolithic,,,none,1,merkle_membership_depth_16,merkle_membership,groth16,0.04285564700012401,0.5255254690000584,0.24513045200001216,0.8135115680001945,804,84,True,,ok,
20260728T123050Z_paper_groth16,2026-07-28T12:54:49.190202+00:00,measured,3,22,42,separate_account_core_64,separate,account_core_b64,baseline,unbound,1,local_financial_validity_64,local_financial_validity,groth16,0.023912845999802812,0.32623720299989145,0.26172316499969384,0.6118732139993881,805,3,True,,ok,
20260728T123050Z_paper_groth16,2026-07-28T12:54:49.190202+00:00,measured,3,22,42,separate_account_core_64,separate,account_core_b64,baseline,unbound,2,state_transition_and_conservation_64,state_transition_and_conservation,groth16,0.020137209000040457,0.29343701800007693,0.2464975869997943,0.5600718139999117,803,3,True,,ok,
20260728T123050Z_paper_groth16,2026-07-28T12:54:49.190202+00:00,measured,3,22,42,separate_account_core_64,separate,account_core_b64,baseline,unbound,3,operating_limit_64,operating_limit,groth16,0.019196029999875464,0.29951288600022963,0.24697006099995633,0.5656789770000614,807,26,True,,ok,
20260728T123050Z_paper_groth16,2026-07-28T12:54:49.763041+00:00,measured,3,22,43,state_transition_and_conservation_16,monolithic,,,none,1,state_transition_and_conservation_16,state_transition_and_conservation,groth16,0.018487747000108357,0.2997188690001167,0.2539525769998363,0.5721591930000614,807,3,True,,ok,
20260728T123050Z_paper_groth16,2026-07-28T12:54:50.883498+00:00,measured,3,22,44,separate_valid_limit_64,separate,valid_limit_b64,baseline,unbound,1,local_financial_validity_64,local_financial_validity,groth16,0.020857828999851336,0.288351892999799,0.245667874999981,0.5548775969996314,801,3,True,,ok,
20260728T123050Z_paper_groth16,2026-07-28T12:54:50.883498+00:00,measured,3,22,44,separate_valid_limit_64,separate,valid_limit_b64,baseline,unbound,2,operating_limit_64,operating_limit,groth16,0.020238320999851567,0.3042963240000063,0.23842254500004856,0.5629571899999064,804,26,True,,ok,
20260728T123050Z_paper_groth16,2026-07-28T12:54:51.635886+00:00,measured,3,22,45,token_policy_bundle_32_depth_8,monolithic,token_bundle_b32_d8,baseline,shared_witness,1,token_policy_bundle_32_depth_8,token_policy_bundle,groth16,0.04477965600017342,0.4479677510003057,0.2590063120001105,0.7517537190005896,806,261,True,,ok,
20260728T123050Z_paper_groth16,2026-07-28T12:54:52.201322+00:00,measured,3,22,46,local_validity_and_operating_limit_32,monolithic,valid_limit_b32,baseline,shared_witness,1,local_validity_and_operating_limit_32,local_validity_and_operating_limit,groth16,0.021726948999912565,0.29018347100009123,0.25291001199957464,0.5648204319995784,802,16,True,,ok,
20260728T123050Z_paper_groth16,2026-07-28T12:54:52.784231+00:00,measured,3,23,1,account_policy_core_64,monolithic,account_core_b64,baseline,shared_witness,1,account_policy_core_64,account_policy_core,groth16,0.019873842999913904,0.3044333339998957,0.25797618899969166,0.5822833659995013,802,26,True,,ok,
20260728T123050Z_paper_groth16,2026-07-28T12:54:53.702931+00:00,measured,3,23,2,merkle_membership_depth_32,monolithic,,,none,1,merkle_membership_depth_32,merkle_membership,groth16,0.04692498300028092,0.6257211239999378,0.24538412499987317,0.9180302320000919,807,84,True,,ok,
20260728T123050Z_paper_groth16,2026-07-28T12:54:54.363588+00:00,measured,3,23,3,linked_account_budget_monolithic_32,monolithic,account_budget_b32,commitment_linked,tx_tag,1,linked_account_budget_monolithic_32,account_policy_with_privacy_budget,groth16,0.059909626000262506,0.3376839449997533,0.26218512400009786,0.6597786950001137,807,111,True,True,ok,
20260728T123050Z_paper_groth16,2026-07-28T12:54:55.517518+00:00,measured,3,23,4,separate_valid_limit_32,separate,valid_limit_b32,baseline,unbound,1,local_financial_validity_32,local_financial_validity,groth16,0.021767223000097147,0.30281905699985145,0.24330857499990088,0.5678948549998495,805,3,True,,ok,
20260728T123050Z_paper_groth16,2026-07-28T12:54:55.517518+00:00,measured,3,23,4,separate_valid_limit_32,separate,valid_limit_b32,baseline,unbound,2,operating_limit_32,operating_limit,groth16,0.019719230999726278,0.29666394300011234,0.25986923900018155,0.5762524130000202,806,16,True,,ok,
20260728T123050Z_paper_groth16,2026-07-28T12:54:56.625010+00:00,measured,3,23,5,separate_valid_limit_16,separate,valid_limit_b16,baseline,unbound,1,local_financial_validity_16,local_financial_validity,groth16,0.02135011600012149,0.28078861399990274,0.24689664500010622,0.5490353750001304,806,3,True,,ok,
20260728T123050Z_paper_groth16,2026-07-28T12:54:56.625010+00:00,measured,3,23,5,separate_valid_limit_16,separate,valid_limit_b16,baseline,unbound,2,operating_limit_16,operating_limit,groth16,0.0182528369996362,0.28113608600006046,0.25762071500003003,0.5570096379997267,803,12,True,,ok,
20260728T123050Z_paper_groth16,2026-07-28T12:54:57.428239+00:00,measured,3,23,6,token_policy_bundle_32_depth_16,monolithic,token_bundle_b32_d16,baseline,shared_witness,1,token_policy_bundle_32_depth_16,token_policy_bundle,groth16,0.04436129399982747,0.5035312119998707,0.2546447120002995,0.8025372179999977,804,260,True,,ok,
20260728T123050Z_paper_groth16,2026-07-28T12:55:00.203598+00:00,measured,3,23,7,linked_separate_token_bundle_32_depth_16,separate,token_bundle_b32_d16,commitment_linked,tx_tag,1,linked_token_bundle_membership_32_depth_16,linked_token_bundle_component,groth16,0.06155297499981316,0.47805910900024173,0.2646601289998216,0.8042722129998765,806,342,True,True,ok,
20260728T123050Z_paper_groth16,2026-07-28T12:55:00.203598+00:00,measured,3,23,7,linked_separate_token_bundle_32_depth_16,separate,token_bundle_b32_d16,commitment_linked,tx_tag,2,linked_token_bundle_nullifier_32_depth_16,linked_token_bundle_component,groth16,0.060260972999913065,0.34955144300010943,0.26122169299969755,0.67103410899972,801,342,True,True,ok,
20260728T123050Z_paper_groth16,2026-07-28T12:55:00.203598+00:00,measured,3,23,7,linked_separate_token_bundle_32_depth_16,separate,token_bundle_b32_d16,commitment_linked,tx_tag,3,linked_token_bundle_validity_32_depth_16,linked_token_bundle_component,groth16,0.0592565580000155,0.32516628100029266,0.2510548989998824,0.6354777380001906,802,342,True,True,ok,
20260728T123050Z_paper_groth16,2026-07-28T12:55:00.203598+00:00,measured,3,23,7,linked_separate_token_bundle_32_depth_16,separate,token_bundle_b32_d16,commitment_linked,tx_tag,4,linked_token_bundle_budget_32_depth_16,linked_token_bundle_component,groth16,0.05947858500030634,0.34185612900000706,0.25883813199970973,0.6601728460000231,806,342,True,True,ok,
20260728T123050Z_paper_groth16,2026-07-28T12:55:00.776876+00:00,measured,3,23,8,account_policy_with_privacy_budget_16,monolithic,account_budget_b16,baseline,shared_witness,1,account_policy_with_privacy_budget_16,account_policy_with_privacy_budget,groth16,0.022687556000164477,0.29045563099998617,0.25950633200000084,0.5726495190001515,806,21,True,,ok,
20260728T123050Z_paper_groth16,2026-07-28T12:55:01.360405+00:00,measured,3,23,9,account_policy_core_32,monolithic,account_core_b32,baseline,shared_witness,1,account_policy_core_32,account_policy_core,groth16,0.024289922999741975,0.29440050900029746,0.26414082500014047,0.5828312570001799,806,16,True,,ok,
20260728T123050Z_paper_groth16,2026-07-28T12:55:01.923348+00:00,measured,3,23,10,state_transition_and_conservation_64,monolithic,,,none,1,state_transition_and_conservation_64,state_transition_and_conservation,groth16,0.020463665999614022,0.29683629800001654,0.24503402799973628,0.5623339919993668,803,3,True,,ok,
20260728T123050Z_paper_groth16,2026-07-28T12:55:02.484946+00:00,measured,3,23,11,local_validity_and_operating_limit_32,monolithic,valid_limit_b32,baseline,shared_witness,1,local_validity_and_operating_limit_32,local_validity_and_operating_limit,groth16,0.025060728999960702,0.28495204199998625,0.2509657369996603,0.5609785079996072,804,16,True,,ok,
20260728T123050Z_paper_groth16,2026-07-28T12:55:03.065739+00:00,measured,3,23,12,state_transition_and_conservation_32,monolithic,,,none,1,state_transition_and_conservation_32,state_transition_and_conservation,groth16,0.022042014000362542,0.3026693209999394,0.25093830399964645,0.5756496389999484,803,3,True,,ok,
20260728T123050Z_paper_groth16,2026-07-28T12:55:05.327860+00:00,measured,3,23,13,separate_account_budget_32,separate,account_budget_b32,baseline,unbound,1,local_financial_validity_32,local_financial_validity,groth16,0.021654739000041445,0.28991015000019615,0.2592855929997313,0.5708504819999689,807,3,True,,ok,
20260728T123050Z_paper_groth16,2026-07-28T12:55:05.327860+00:00,measured,3,23,13,separate_account_budget_32,separate,account_budget_b32,baseline,unbound,2,state_transition_and_conservation_32,state_transition_and_conservation,groth16,0.021561033000125462,0.2870934010002202,0.2428121689999898,0.5514666030003355,806,3,True,,ok,
20260728T123050Z_paper_groth16,2026-07-28T12:55:05.327860+00:00,measured,3,23,13,separate_account_budget_32,separate,account_budget_b32,baseline,unbound,3,operating_limit_32,operating_limit,groth16,0.019551007999780268,0.29302849099985906,0.26015262300006725,0.5727321219997066,807,16,True,,ok,
20260728T123050Z_paper_groth16,2026-07-28T12:55:05.327860+00:00,measured,3,23,13,separate_account_budget_32,separate,account_budget_b32,baseline,unbound,4,privacy_budget_32,privacy_budget,groth16,0.018889006999870617,0.29063157100017634,0.2552154840000185,0.5647360620000654,804,16,True,,ok,
20260728T123050Z_paper_groth16,2026-07-28T12:55:05.955258+00:00,measured,3,23,14,linked_valid_limit_monolithic_32,monolithic,valid_limit_b32,commitment_linked,tx_tag,1,linked_valid_limit_monolithic_32,local_validity_and_operating_limit,groth16,0.04038147700021,0.33471929200004524,0.25144648700006655,0.6265472560003218,804,98,True,True,ok,
20260728T123050Z_paper_groth16,2026-07-28T12:55:06.537642+00:00,measured,3,23,15,local_validity_and_operating_limit_16,monolithic,valid_limit_b16,baseline,shared_witness,1,local_validity_and_operating_limit_16,local_validity_and_operating_limit,groth16,0.020765102000041225,0.3062551259999964,0.25472951599977023,0.5817497439998078,805,12,True,,ok,
20260728T123050Z_paper_groth16,2026-07-28T12:55:07.768797+00:00,measured,3,23,16,linked_separate_valid_limit_32,separate,valid_limit_b32,commitment_linked,tx_tag,1,linked_valid_limit_validity_32,linked_valid_limit_component,groth16,0.04017446099987865,0.3273469659998227,0.24836518000029173,0.6158866069999931,802,98,True,True,ok,
20260728T123050Z_paper_groth16,2026-07-28T12:55:07.768797+00:00,measured,3,23,16,linked_separate_valid_limit_32,separate,valid_limit_b32,commitment_linked,tx_tag,2,linked_valid_limit_limit_32,linked_valid_limit_component,groth16,0.03840905799961547,0.3234421669999392,0.2518532099998083,0.613704434999363,806,98,True,True,ok,
20260728T123050Z_paper_groth16,2026-07-28T12:55:08.346327+00:00,measured,3,23,17,local_validity_and_operating_limit_64,monolithic,valid_limit_b64,baseline,shared_witness,1,local_validity_and_operating_limit_64,local_validity_and_operating_limit,groth16,0.021289131999765232,0.2921636609999041,0.26347117200020875,0.5769239649998781,803,26,True,,ok,
20260728T123050Z_paper_groth16,2026-07-28T12:55:08.895887+00:00,measured,3,23,18,local_financial_validity_64,monolithic,,,none,1,local_financial_validity_64,local_financial_validity,groth16,0.02180397800020728,0.2784590279998156,0.2484324770002786,0.5486954830003015,806,3,True,,ok,
20260728T123050Z_paper_groth16,2026-07-28T12:55:09.472511+00:00,measured,3,23,19,privacy_budget_16,monolithic,,,none,1,privacy_budget_16,privacy_budget,groth16,0.020657913000377448,0.29652454200004286,0.2588048570000865,0.5759873120005068,805,11,True,,ok,
20260728T123050Z_paper_groth16,2026-07-28T12:55:11.987650+00:00,measured,3,23,20,separate_token_bundle_32_depth_8,separate,token_bundle_b32_d8,baseline,unbound,1,merkle_membership_depth_8,merkle_membership,groth16,0.041982547999850794,0.43752986599974975,0.26204129899997497,0.7415537129995755,805,84,True,,ok,
20260728T123050Z_paper_groth16,2026-07-28T12:55:11.987650+00:00,measured,3,23,20,separate_token_bundle_32_depth_8,separate,token_bundle_b32_d8,baseline,unbound,2,nullifier_correctness_poseidon,nullifier_correctness,groth16,0.033299389999683626,0.3298032959996817,0.2576245430000199,0.6207272289993853,803,164,True,,ok,
20260728T123050Z_paper_groth16,2026-07-28T12:55:11.987650+00:00,measured,3,23,20,separate_token_bundle_32_depth_8,separate,token_bundle_b32_d8,baseline,unbound,3,local_financial_validity_32,local_financial_validity,groth16,0.02045106100013072,0.3010626850000335,0.2662900240002273,0.5878037700003915,807,3,True,,ok,
20260728T123050Z_paper_groth16,2026-07-28T12:55:11.987650+00:00,measured,3,23,20,separate_token_bundle_32_depth_8,separate,token_bundle_b32_d8,baseline,unbound,4,privacy_budget_32,privacy_budget,groth16,0.018963067999720806,0.2785840390001795,0.26541985899984866,0.5629669659997489,806,16,True,,ok,
20260728T123050Z_paper_groth16,2026-07-28T12:55:12.546200+00:00,measured,3,23,21,account_policy_with_privacy_budget_32,monolithic,account_budget_b32,baseline,shared_witness,1,account_policy_with_privacy_budget_32,account_policy_with_privacy_budget,groth16,0.022777020999910746,0.285067636000349,0.25005685799987987,0.5579015150001396,805,30,True,,ok,
20260728T123050Z_paper_groth16,2026-07-28T12:55:13.129825+00:00,measured,3,23,22,state_transition_and_conservation_16,monolithic,,,none,1,state_transition_and_conservation_16,state_transition_and_conservation,groth16,0.022839043000203674,0.29155525599981047,0.2686143699997956,0.5830086689998097,803,3,True,,ok,
20260728T123050Z_paper_groth16,2026-07-28T12:55:13.759455+00:00,measured,3,23,23,nullifier_correctness_poseidon,monolithic,,,none,1,nullifier_correctness_poseidon,nullifier_correctness,groth16,0.032634432000122615,0.3234147319999465,0.27297049100025106,0.6290196550003202,803,164,True,,ok,
20260728T123050Z_paper_groth16,2026-07-28T12:55:14.579356+00:00,measured,3,23,24,merkle_membership_depth_16,monolithic,,,none,1,merkle_membership_depth_16,merkle_membership,groth16,0.04227401700018163,0.5191551029997754,0.2575451319999047,0.8189742519998617,804,84,True,,ok,
20260728T123050Z_paper_groth16,2026-07-28T12:55:16.813514+00:00,measured,3,23,25,separate_account_budget_16,separate,account_budget_b16,baseline,unbound,1,local_financial_validity_16,local_financial_validity,groth16,0.02003894700010278,0.29239180500007933,0.24832067200031815,0.5607514240005003,807,3,True,,ok,
20260728T123050Z_paper_groth16,2026-07-28T12:55:16.813514+00:00,measured,3,23,25,separate_account_budget_16,separate,account_budget_b16,baseline,unbound,2,state_transition_and_conservation_16,state_transition_and_conservation,groth16,0.018304691999674105,0.2743130819999351,0.24925635599993257,0.5418741299995418,806,3,True,,ok,
20260728T123050Z_paper_groth16,2026-07-28T12:55:16.813514+00:00,measured,3,23,25,separate_account_budget_16,separate,account_budget_b16,baseline,unbound,3,operating_limit_16,operating_limit,groth16,0.02011383500030206,0.2888804250001158,0.2743862199999967,0.5833804800004145,805,12,True,,ok,
20260728T123050Z_paper_groth16,2026-07-28T12:55:16.813514+00:00,measured,3,23,25,separate_account_budget_16,separate,account_budget_b16,baseline,unbound,4,privacy_budget_16,privacy_budget,groth16,0.018555848999767477,0.2776948320001793,0.24985072700019373,0.5461014080001405,803,11,True,,ok,
20260728T123050Z_paper_groth16,2026-07-28T12:55:18.461077+00:00,measured,3,23,26,separate_account_core_32,separate,account_core_b32,baseline,unbound,1,local_financial_validity_32,local_financial_validity,groth16,0.02146388300025137,0.2777441590001217,0.2334838460001265,0.5326918880004996,804,3,True,,ok,
20260728T123050Z_paper_groth16,2026-07-28T12:55:18.461077+00:00,measured,3,23,26,separate_account_core_32,separate,account_core_b32,baseline,unbound,2,state_transition_and_conservation_32,state_transition_and_conservation,groth16,0.018838148999748228,0.2970092069999737,0.2352896099996542,0.5511369659993761,805,3,True,,ok,
20260728T123050Z_paper_groth16,2026-07-28T12:55:18.461077+00:00,measured,3,23,26,separate_account_core_32,separate,account_core_b32,baseline,unbound,3,operating_limit_32,operating_limit,groth16,0.0198059760000433,0.2817514079997636,0.2605560609999884,0.5621134449997953,805,16,True,,ok,
20260728T123050Z_paper_groth16,2026-07-28T12:55:19.031442+00:00,measured,3,23,27,operating_limit_64,monolithic,,,none,1,operating_limit_64,operating_limit,groth16,0.022802387999945495,0.2898063339998771,0.2571116589997473,0.5697203809995699,807,26,True,,ok,
20260728T123050Z_paper_groth16,2026-07-28T12:55:19.587522+00:00,measured,3,23,28,privacy_budget_32,monolithic,,,none,1,privacy_budget_32,privacy_budget,groth16,0.0209119319997626,0.2795653539997147,0.2546982379999463,0.5551755239994236,806,16,True,,ok,
20260728T123050Z_paper_groth16,2026-07-28T12:55:22.091088+00:00,measured,3,23,29,separate_token_bundle_32_depth_16,separate,token_bundle_b32_d16,baseline,unbound,1,merkle_membership_depth_16,merkle_membership,groth16,0.039855220000390545,0.4910083959998701,0.25228132799975356,0.7831449440000142,803,84,True,,ok,
20260728T123050Z_paper_groth16,2026-07-28T12:55:22.091088+00:00,measured,3,23,29,separate_token_bundle_32_depth_16,separate,token_bundle_b32_d16,baseline,unbound,2,nullifier_correctness_poseidon,nullifier_correctness,groth16,0.030925409000246873,0.3198285359999318,0.25548571999979686,0.6062396649999755,806,164,True,,ok,
20260728T123050Z_paper_groth16,2026-07-28T12:55:22.091088+00:00,measured,3,23,29,separate_token_bundle_32_depth_16,separate,token_bundle_b32_d16,baseline,unbound,3,local_financial_validity_32,local_financial_validity,groth16,0.019719264999821462,0.27665554499981226,0.25399396600005275,0.5503687759996865,804,3,True,,ok,
20260728T123050Z_paper_groth16,2026-07-28T12:55:22.091088+00:00,measured,3,23,29,separate_token_bundle_32_depth_16,separate,token_bundle_b32_d16,baseline,unbound,4,privacy_budget_32,privacy_budget,groth16,0.018233965000035823,0.2872008890003599,0.2547228010002982,0.5601576550006939,803,16,True,,ok,
20260728T123050Z_paper_groth16,2026-07-28T12:55:22.840093+00:00,measured,3,23,30,token_policy_bundle_32_depth_8,monolithic,token_bundle_b32_d8,baseline,shared_witness,1,token_policy_bundle_32_depth_8,token_policy_bundle,groth16,0.04674627599979431,0.4267171340002278,0.274889997000173,0.7483534070001951,806,261,True,,ok,
20260728T123050Z_paper_groth16,2026-07-28T12:55:23.527398+00:00,measured,3,23,31,merkle_membership_depth_8,monolithic,,,none,1,merkle_membership_depth_8,merkle_membership,groth16,0.0395083399998839,0.3878881850000653,0.2590095190003012,0.6864060440002504,806,84,True,,ok,
20260728T123050Z_paper_groth16,2026-07-28T12:55:24.477573+00:00,measured,3,23,32,token_policy_bundle_32_depth_32,monolithic,token_bundle_b32_d32,baseline,shared_witness,1,token_policy_bundle_32_depth_32,token_policy_bundle,groth16,0.04891201999998884,0.6483812370001942,0.2521999840000717,0.9494932410002548,804,261,True,,ok,
20260728T123050Z_paper_groth16,2026-07-28T12:55:25.038570+00:00,measured,3,23,33,local_financial_validity_16,monolithic,,,none,1,local_financial_validity_16,local_financial_validity,groth16,0.020371605000036652,0.2864544469998691,0.2535706140001821,0.5603966660000879,803,3,True,,ok,
20260728T123050Z_paper_groth16,2026-07-28T12:55:26.723727+00:00,measured,3,23,34,separate_account_core_16,separate,account_core_b16,baseline,unbound,1,local_financial_validity_16,local_financial_validity,groth16,0.022168774000419944,0.2829195770000297,0.26511521000020366,0.5702035610006533,804,3,True,,ok,
20260728T123050Z_paper_groth16,2026-07-28T12:55:26.723727+00:00,measured,3,23,34,separate_account_core_16,separate,account_core_b16,baseline,unbound,2,state_transition_and_conservation_16,state_transition_and_conservation,groth16,0.018913497000085044,0.27642917799994393,0.24895139099999142,0.5442940660000204,804,3,True,,ok,
20260728T123050Z_paper_groth16,2026-07-28T12:55:26.723727+00:00,measured,3,23,34,separate_account_core_16,separate,account_core_b16,baseline,unbound,3,operating_limit_16,operating_limit,groth16,0.021041351999883773,0.2918935840002632,0.2479466030004005,0.5608815390005475,803,12,True,,ok,
20260728T123050Z_paper_groth16,2026-07-28T12:55:29.350760+00:00,measured,3,23,35,separate_token_bundle_32_depth_32,separate,token_bundle_b32_d32,baseline,unbound,1,merkle_membership_depth_32,merkle_membership,groth16,0.042707573999905435,0.6234310790000563,0.2482160620002105,0.9143547150001723,804,84,True,,ok,
20260728T123050Z_paper_groth16,2026-07-28T12:55:29.350760+00:00,measured,3,23,35,separate_token_bundle_32_depth_32,separate,token_bundle_b32_d32,baseline,unbound,2,nullifier_correctness_poseidon,nullifier_correctness,groth16,0.031422720000136906,0.3152933960000155,0.2623846890001005,0.6091008050002529,807,164,True,,ok,
20260728T123050Z_paper_groth16,2026-07-28T12:55:29.350760+00:00,measured,3,23,35,separate_token_bundle_32_depth_32,separate,token_bundle_b32_d32,baseline,unbound,3,local_financial_validity_32,local_financial_validity,groth16,0.01895792599998458,0.2785682070002622,0.24695695399987017,0.5444830870001169,806,3,True,,ok,
20260728T123050Z_paper_groth16,2026-07-28T12:55:29.350760+00:00,measured,3,23,35,separate_token_bundle_32_depth_32,separate,token_bundle_b32_d32,baseline,unbound,4,privacy_budget_32,privacy_budget,groth16,0.018942634999802976,0.28873847799968644,0.24913329899982273,0.5568144119993121,807,16,True,,ok,
20260728T123050Z_paper_groth16,2026-07-28T12:55:30.547402+00:00,measured,3,23,36,separate_valid_limit_64,separate,valid_limit_b64,baseline,unbound,1,local_financial_validity_64,local_financial_validity,groth16,0.021969220000300993,0.2852995160001228,0.2756198899996889,0.5828886260001127,805,3,True,,ok,
20260728T123050Z_paper_groth16,2026-07-28T12:55:30.547402+00:00,measured,3,23,36,separate_valid_limit_64,separate,valid_limit_b64,baseline,unbound,2,operating_limit_64,operating_limit,groth16,0.020377026999994996,0.32639408299974093,0.26569067099990207,0.612461780999638,807,26,True,,ok,
20260728T123050Z_paper_groth16,2026-07-28T12:55:31.124341+00:00,measured,3,23,37,local_financial_validity_32,monolithic,,,none,1,local_financial_validity_32,local_financial_validity,groth16,0.021192145999975764,0.3011436799997682,0.2539198649997161,0.5762556909994601,805,3,True,,ok,
20260728T123050Z_paper_groth16,2026-07-28T12:55:33.757766+00:00,measured,3,23,38,linked_separate_account_budget_32,separate,account_budget_b32,commitment_linked,tx_tag,1,linked_account_budget_validity_32,linked_account_budget_component,groth16,0.05959496200011927,0.33907829999998285,0.2648398989999805,0.6635131610000826,804,111,True,True,ok,
20260728T123050Z_paper_groth16,2026-07-28T12:55:33.757766+00:00,measured,3,23,38,linked_separate_account_budget_32,separate,account_budget_b32,commitment_linked,tx_tag,2,linked_account_budget_transition_32,linked_account_budget_component,groth16,0.058834326999658515,0.3332453970001552,0.2507011910001893,0.642780915000003,804,111,True,True,ok,
20260728T123050Z_paper_groth16,2026-07-28T12:55:33.757766+00:00,measured,3,23,38,linked_separate_account_budget_32,separate,account_budget_b32,commitment_linked,tx_tag,3,linked_account_budget_limit_32,linked_account_budget_component,groth16,0.058376535000206786,0.3458082170000125,0.26294343500012474,0.667128187000344,805,111,True,True,ok,
20260728T123050Z_paper_groth16,2026-07-28T12:55:33.757766+00:00,measured,3,23,38,linked_separate_account_budget_32,separate,account_budget_b32,commitment_linked,tx_tag,4,linked_account_budget_budget_32,linked_account_budget_component,groth16,0.058408588000020245,0.3267775670001356,0.27157807100002174,0.6567642260001776,803,111,True,True,ok,
20260728T123050Z_paper_groth16,2026-07-28T12:55:36.049582+00:00,measured,3,23,39,separate_account_budget_64,separate,account_budget_b64,baseline,unbound,1,local_financial_validity_64,local_financial_validity,groth16,0.023650932000236935,0.29046132200028296,0.2608216490002633,0.5749339030007832,805,3,True,,ok,
20260728T123050Z_paper_groth16,2026-07-28T12:55:36.049582+00:00,measured,3,23,39,separate_account_budget_64,separate,account_budget_b64,baseline,unbound,2,state_transition_and_conservation_64,state_transition_and_conservation,groth16,0.020376684999973804,0.2963880689999314,0.2539813069997763,0.5707460609996815,806,3,True,,ok,
20260728T123050Z_paper_groth16,2026-07-28T12:55:36.049582+00:00,measured,3,23,39,separate_account_budget_64,separate,account_budget_b64,baseline,unbound,3,operating_limit_64,operating_limit,groth16,0.021036408999862033,0.2907604770002763,0.2534105350000573,0.5652074210001956,807,26,True,,ok,
20260728T123050Z_paper_groth16,2026-07-28T12:55:36.049582+00:00,measured,3,23,39,separate_account_budget_64,separate,account_budget_b64,baseline,unbound,4,privacy_budget_64,privacy_budget,groth16,0.01980028600019068,0.3056606009999996,0.2532775310000943,0.5787384180002846,805,26,True,,ok,
20260728T123050Z_paper_groth16,2026-07-28T12:55:37.747452+00:00,measured,3,23,40,separate_account_core_64,separate,account_core_b64,baseline,unbound,1,local_financial_validity_64,local_financial_validity,groth16,0.0221232849999069,0.2920233089998874,0.2455571680002322,0.5597037620000265,805,3,True,,ok,
20260728T123050Z_paper_groth16,2026-07-28T12:55:37.747452+00:00,measured,3,23,40,separate_account_core_64,separate,account_core_b64,baseline,unbound,2,state_transition_and_conservation_64,state_transition_and_conservation,groth16,0.021245398000246496,0.29559996400030286,0.25329260500029704,0.5701379670008464,802,3,True,,ok,
20260728T123050Z_paper_groth16,2026-07-28T12:55:37.747452+00:00,measured,3,23,40,separate_account_core_64,separate,account_core_b64,baseline,unbound,3,operating_limit_64,operating_limit,groth16,0.020704266999928223,0.2998105189999478,0.24585417499974938,0.5663689609996254,803,26,True,,ok,
20260728T123050Z_paper_groth16,2026-07-28T12:55:38.334624+00:00,measured,3,23,41,account_policy_core_16,monolithic,account_core_b16,baseline,shared_witness,1,account_policy_core_16,account_policy_core,groth16,0.0216300729998693,0.2991580090001662,0.26576142399972014,0.5865495059997556,802,12,True,,ok,
20260728T123050Z_paper_groth16,2026-07-28T12:55:39.184459+00:00,measured,3,23,42,linked_token_bundle_monolithic_32_depth_16,monolithic,token_bundle_b32_d16,commitment_linked,tx_tag,1,linked_token_bundle_monolithic_32_depth_16,token_policy_bundle,groth16,0.06336763399986012,0.5333371199999419,0.2504622159999599,0.8471669699997619,804,342,True,True,ok,
20260728T123050Z_paper_groth16,2026-07-28T12:55:39.746450+00:00,measured,3,23,43,operating_limit_16,monolithic,,,none,1,operating_limit_16,operating_limit,groth16,0.020969384999716567,0.2810499379997964,0.25941060600007404,0.561429928999587,806,12,True,,ok,
20260728T123050Z_paper_groth16,2026-07-28T12:55:40.321941+00:00,measured,3,23,44,privacy_budget_64,monolithic,,,none,1,privacy_budget_64,privacy_budget,groth16,0.022486279000077047,0.29269955900008426,0.2597056539998448,0.5748914920000061,807,26,True,,ok,
20260728T123050Z_paper_groth16,2026-07-28T12:55:40.902039+00:00,measured,3,23,45,account_policy_with_privacy_budget_64,monolithic,account_budget_b64,baseline,shared_witness,1,account_policy_with_privacy_budget_64,account_policy_with_privacy_budget,groth16,0.02178082499995071,0.2990967770001589,0.258609885000169,0.5794874870002786,806,50,True,,ok,
20260728T123050Z_paper_groth16,2026-07-28T12:55:41.457373+00:00,measured,3,23,46,operating_limit_32,monolithic,,,none,1,operating_limit_32,operating_limit,groth16,0.020563068000228668,0.2794628639999246,0.2455473649997657,0.545573296999919,807,16,True,,ok,
20260728T123050Z_paper_groth16,2026-07-28T12:55:44.015656+00:00,measured,3,24,1,separate_token_bundle_32_depth_16,separate,token_bundle_b32_d16,baseline,unbound,1,merkle_membership_depth_16,merkle_membership,groth16,0.03989181999986613,0.49093430499988244,0.26686162499981947,0.797687749999568,805,84,True,,ok,
20260728T123050Z_paper_groth16,2026-07-28T12:55:44.015656+00:00,measured,3,24,1,separate_token_bundle_32_depth_16,separate,token_bundle_b32_d16,baseline,unbound,2,nullifier_correctness_poseidon,nullifier_correctness,groth16,0.032649272000071505,0.310107307999715,0.27409040600014123,0.6168469859999277,805,164,True,,ok,
20260728T123050Z_paper_groth16,2026-07-28T12:55:44.015656+00:00,measured,3,24,1,separate_token_bundle_32_depth_16,separate,token_bundle_b32_d16,baseline,unbound,3,local_financial_validity_32,local_financial_validity,groth16,0.018511662999571854,0.30022447099963756,0.24723111200000858,0.565967245999218,804,3,True,,ok,
20260728T123050Z_paper_groth16,2026-07-28T12:55:44.015656+00:00,measured,3,24,1,separate_token_bundle_32_depth_16,separate,token_bundle_b32_d16,baseline,unbound,4,privacy_budget_32,privacy_budget,groth16,0.020378909999635653,0.3047600509999029,0.2503289270002824,0.575467887999821,807,16,True,,ok,
20260728T123050Z_paper_groth16,2026-07-28T12:55:45.150624+00:00,measured,3,24,2,separate_valid_limit_64,separate,valid_limit_b64,baseline,unbound,1,local_financial_validity_64,local_financial_validity,groth16,0.021377331000167032,0.2814602379999087,0.25604733799991664,0.5588849069999924,806,3,True,,ok,
20260728T123050Z_paper_groth16,2026-07-28T12:55:45.150624+00:00,measured,3,24,2,separate_valid_limit_64,separate,valid_limit_b64,baseline,unbound,2,operating_limit_64,operating_limit,groth16,0.019984941999609873,0.28976083399993513,0.26513824599987856,0.5748840219994236,804,26,True,,ok,
20260728T123050Z_paper_groth16,2026-07-28T12:55:47.421882+00:00,measured,3,24,3,separate_account_budget_32,separate,account_budget_b32,baseline,unbound,1,local_financial_validity_32,local_financial_validity,groth16,0.02121302600016861,0.2880064040000434,0.24797222500001226,0.5571916550002243,805,3,True,,ok,
20260728T123050Z_paper_groth16,2026-07-28T12:55:47.421882+00:00,measured,3,24,3,separate_account_budget_32,separate,account_budget_b32,baseline,unbound,2,state_transition_and_conservation_32,state_transition_and_conservation,groth16,0.019030067999665334,0.3008991669998977,0.2469629619999978,0.5668921969995608,805,3,True,,ok,
20260728T123050Z_paper_groth16,2026-07-28T12:55:47.421882+00:00,measured,3,24,3,separate_account_budget_32,separate,account_budget_b32,baseline,unbound,3,operating_limit_32,operating_limit,groth16,0.021629229000154737,0.30282978700006424,0.25618631199995434,0.5806453280001733,806,16,True,,ok,
20260728T123050Z_paper_groth16,2026-07-28T12:55:47.421882+00:00,measured,3,24,3,separate_account_budget_32,separate,account_budget_b32,baseline,unbound,4,privacy_budget_32,privacy_budget,groth16,0.021809114999996382,0.28260481100005563,0.2599839609997616,0.5643978869998136,805,16,True,,ok,
20260728T123050Z_paper_groth16,2026-07-28T12:55:50.245811+00:00,measured,3,24,4,linked_separate_token_bundle_32_depth_16,separate,token_bundle_b32_d16,commitment_linked,tx_tag,1,linked_token_bundle_membership_32_depth_16,linked_token_bundle_component,groth16,0.060109583999746974,0.5270667099998718,0.24866551899958722,0.835841812999206,802,342,True,True,ok,
20260728T123050Z_paper_groth16,2026-07-28T12:55:50.245811+00:00,measured,3,24,4,linked_separate_token_bundle_32_depth_16,separate,token_bundle_b32_d16,commitment_linked,tx_tag,2,linked_token_bundle_nullifier_32_depth_16,linked_token_bundle_component,groth16,0.058658967000155826,0.345291690999602,0.2702111200001127,0.6741617779998705,806,342,True,True,ok,
20260728T123050Z_paper_groth16,2026-07-28T12:55:50.245811+00:00,measured,3,24,4,linked_separate_token_bundle_32_depth_16,separate,token_bundle_b32_d16,commitment_linked,tx_tag,3,linked_token_bundle_validity_32_depth_16,linked_token_bundle_component,groth16,0.055945504999726836,0.3333480469996175,0.25054517600028703,0.6398387279996314,804,342,True,True,ok,
20260728T123050Z_paper_groth16,2026-07-28T12:55:50.245811+00:00,measured,3,24,4,linked_separate_token_bundle_32_depth_16,separate,token_bundle_b32_d16,commitment_linked,tx_tag,4,linked_token_bundle_budget_32_depth_16,linked_token_bundle_component,groth16,0.05624528899988945,0.33827270199981285,0.27477772199972605,0.6692957129994284,806,342,True,True,ok,
20260728T123050Z_paper_groth16,2026-07-28T12:55:50.819132+00:00,measured,3,24,5,state_transition_and_conservation_64,monolithic,,,none,1,state_transition_and_conservation_64,state_transition_and_conservation,groth16,0.023728385999675083,0.2952716300001157,0.2537242660000629,0.5727242819998537,805,3,True,,ok,
20260728T123050Z_paper_groth16,2026-07-28T12:55:51.601987+00:00,measured,3,24,6,merkle_membership_depth_16,monolithic,,,none,1,merkle_membership_depth_16,merkle_membership,groth16,0.03911830299966823,0.48356031299999813,0.25098867599990626,0.7736672919995726,805,84,True,,ok,
20260728T123050Z_paper_groth16,2026-07-28T12:55:52.193240+00:00,measured,3,24,7,account_policy_core_64,monolithic,account_core_b64,baseline,shared_witness,1,account_policy_core_64,account_policy_core,groth16,0.021107891999690764,0.30465321400015455,0.26485046900006637,0.5906115749999117,804,26,True,,ok,
20260728T123050Z_paper_groth16,2026-07-28T12:55:52.762086+00:00,measured,3,24,8,privacy_budget_32,monolithic,,,none,1,privacy_budget_32,privacy_budget,groth16,0.021124888000031206,0.29349409199994625,0.2536276609998822,0.5682466409998597,805,16,True,,ok,
20260728T123050Z_paper_groth16,2026-07-28T12:55:53.345927+00:00,measured,3,24,9,account_policy_core_32,monolithic,account_core_b32,baseline,shared_witness,1,account_policy_core_32,account_policy_core,groth16,0.021844725999926595,0.30071773200006646,0.2606509889997142,0.5832134469997072,807,16,True,,ok,
20260728T123050Z_paper_groth16,2026-07-28T12:55:53.903798+00:00,measured,3,24,10,operating_limit_16,monolithic,,,none,1,operating_limit_16,operating_limit,groth16,0.02185095699996964,0.2843910000001415,0.25104421500009266,0.5572861720002038,807,12,True,,ok,
20260728T123050Z_paper_groth16,2026-07-28T12:55:55.598890+00:00,measured,3,24,11,separate_account_core_16,separate,account_core_b16,baseline,unbound,1,local_financial_validity_16,local_financial_validity,groth16,0.020256540999980643,0.2880913190001593,0.2595744039999772,0.5679222640001171,805,3,True,,ok,
20260728T123050Z_paper_groth16,2026-07-28T12:55:55.598890+00:00,measured,3,24,11,separate_account_core_16,separate,account_core_b16,baseline,unbound,2,state_transition_and_conservation_16,state_transition_and_conservation,groth16,0.019202569000299263,0.28514432200017836,0.24945003999982873,0.5537969310003064,804,3,True,,ok,
20260728T123050Z_paper_groth16,2026-07-28T12:55:55.598890+00:00,measured,3,24,11,separate_account_core_16,separate,account_core_b16,baseline,unbound,3,operating_limit_16,operating_limit,groth16,0.019706806000158394,0.3009624649998841,0.2508603870001025,0.571529658000145,804,12,True,,ok,
20260728T123050Z_paper_groth16,2026-07-28T12:55:57.828735+00:00,measured,3,24,12,separate_account_budget_16,separate,account_budget_b16,baseline,unbound,1,local_financial_validity_16,local_financial_validity,groth16,0.020016211999973166,0.2785093699999379,0.23854383599973517,0.5370694179996462,805,3,True,,ok,
20260728T123050Z_paper_groth16,2026-07-28T12:55:57.828735+00:00,measured,3,24,12,separate_account_budget_16,separate,account_budget_b16,baseline,unbound,2,state_transition_and_conservation_16,state_transition_and_conservation,groth16,0.019228876999932254,0.29227243400009684,0.25996973500014064,0.5714710460001697,806,3,True,,ok,
20260728T123050Z_paper_groth16,2026-07-28T12:55:57.828735+00:00,measured,3,24,12,separate_account_budget_16,separate,account_budget_b16,baseline,unbound,3,operating_limit_16,operating_limit,groth16,0.019018953000340844,0.2799355789998117,0.2532372589998886,0.5521917910000411,803,12,True,,ok,
20260728T123050Z_paper_groth16,2026-07-28T12:55:57.828735+00:00,measured,3,24,12,separate_account_budget_16,separate,account_budget_b16,baseline,unbound,4,privacy_budget_16,privacy_budget,groth16,0.021930068000074243,0.2778013770002872,0.25859214100000827,0.5583235860003697,805,11,True,,ok,
20260728T123050Z_paper_groth16,2026-07-28T12:55:58.413983+00:00,measured,3,24,13,account_policy_with_privacy_budget_64,monolithic,account_budget_b64,baseline,shared_witness,1,account_policy_with_privacy_budget_64,account_policy_with_privacy_budget,groth16,0.022440143000039825,0.309638662999987,0.252385910999692,0.5844647169997188,804,50,True,,ok,
20260728T123050Z_paper_groth16,2026-07-28T12:55:58.975963+00:00,measured,3,24,14,local_validity_and_operating_limit_16,monolithic,valid_limit_b16,baseline,shared_witness,1,local_validity_and_operating_limit_16,local_validity_and_operating_limit,groth16,0.02056990399978531,0.2953481929998816,0.24547076799990464,0.5613888649995715,806,12,True,,ok,
20260728T123050Z_paper_groth16,2026-07-28T12:56:00.262097+00:00,measured,3,24,15,linked_separate_valid_limit_32,separate,valid_limit_b32,commitment_linked,tx_tag,1,linked_valid_limit_validity_32,linked_valid_limit_component,groth16,0.04217743899971538,0.33395314700010204,0.27255466900032843,0.6486852550001458,807,98,True,True,ok,
20260728T123050Z_paper_groth16,2026-07-28T12:56:00.262097+00:00,measured,3,24,15,linked_separate_valid_limit_32,separate,valid_limit_b32,commitment_linked,tx_tag,2,linked_valid_limit_limit_32,linked_valid_limit_component,groth16,0.03907092999997985,0.35005896600023334,0.24626203200023156,0.6353919280004448,804,98,True,True,ok,
20260728T123050Z_paper_groth16,2026-07-28T12:56:01.143710+00:00,measured,3,24,16,linked_token_bundle_monolithic_32_depth_16,monolithic,token_bundle_b32_d16,commitment_linked,tx_tag,1,linked_token_bundle_monolithic_32_depth_16,token_policy_bundle,groth16,0.06165421800005788,0.5515255549998983,0.26618464400007724,0.8793644170000334,802,342,True,True,ok,
20260728T123050Z_paper_groth16,2026-07-28T12:56:01.717801+00:00,measured,3,24,17,local_financial_validity_16,monolithic,,,none,1,local_financial_validity_16,local_financial_validity,groth16,0.02225793600018733,0.28974426300010236,0.25261880200014275,0.5646210010004324,806,3,True,,ok,
20260728T123050Z_paper_groth16,2026-07-28T12:56:04.358693+00:00,measured,3,24,18,linked_separate_account_budget_32,separate,account_budget_b32,commitment_linked,tx_tag,1,linked_account_budget_validity_32,linked_account_budget_component,groth16,0.05859062300032747,0.34004507899999226,0.25224063199993907,0.6508763340002588,805,111,True,True,ok,
20260728T123050Z_paper_groth16,2026-07-28T12:56:04.358693+00:00,measured,3,24,18,linked_separate_account_budget_32,separate,account_budget_b32,commitment_linked,tx_tag,2,linked_account_budget_transition_32,linked_account_budget_component,groth16,0.05785965600034615,0.34380247299986877,0.26579123600004095,0.6674533650002559,806,111,True,True,ok,
20260728T123050Z_paper_groth16,2026-07-28T12:56:04.358693+00:00,measured,3,24,18,linked_separate_account_budget_32,separate,account_budget_b32,commitment_linked,tx_tag,3,linked_account_budget_limit_32,linked_account_budget_component,groth16,0.05649615099991934,0.33446982100031164,0.25961197200012975,0.6505779440003607,806,111,True,True,ok,
20260728T123050Z_paper_groth16,2026-07-28T12:56:04.358693+00:00,measured,3,24,18,linked_separate_account_budget_32,separate,account_budget_b32,commitment_linked,tx_tag,4,linked_account_budget_budget_32,linked_account_budget_component,groth16,0.058411388999957126,0.33609835400011434,0.2743353340001704,0.6688450770002419,805,111,True,True,ok,
20260728T123050Z_paper_groth16,2026-07-28T12:56:05.343634+00:00,measured,3,24,19,token_policy_bundle_32_depth_32,monolithic,token_bundle_b32_d32,baseline,shared_witness,1,token_policy_bundle_32_depth_32,token_policy_bundle,groth16,0.050560284000312095,0.6681355669998084,0.2655540959999598,0.9842499470000803,804,261,True,,ok,
20260728T123050Z_paper_groth16,2026-07-28T12:56:07.683263+00:00,measured,3,24,20,separate_account_budget_64,separate,account_budget_b64,baseline,unbound,1,local_financial_validity_64,local_financial_validity,groth16,0.022844467000140867,0.3068211979998523,0.2545789729997523,0.5842446379997455,802,3,True,,ok,
20260728T123050Z_paper_groth16,2026-07-28T12:56:07.683263+00:00,measured,3,24,20,separate_account_budget_64,separate,account_budget_b64,baseline,unbound,2,state_transition_and_conservation_64,state_transition_and_conservation,groth16,0.01969314999996641,0.310171524999987,0.24886096899990662,0.57872564399986,803,3,True,,ok,
20260728T123050Z_paper_groth16,2026-07-28T12:56:07.683263+00:00,measured,3,24,20,separate_account_budget_64,separate,account_budget_b64,baseline,unbound,3,operating_limit_64,operating_limit,groth16,0.021180649000143603,0.30118663299981563,0.26886625399993136,0.5912335359998906,805,26,True,,ok,
20260728T123050Z_paper_groth16,2026-07-28T12:56:07.683263+00:00,measured,3,24,20,separate_account_budget_64,separate,account_budget_b64,baseline,unbound,4,privacy_budget_64,privacy_budget,groth16,0.020787396000287117,0.2962147550001646,0.26630854499990164,0.5833106960003533,805,26,True,,ok,
20260728T123050Z_paper_groth16,2026-07-28T12:56:10.190625+00:00,measured,3,24,21,separate_token_bundle_32_depth_8,separate,token_bundle_b32_d8,baseline,unbound,1,merkle_membership_depth_8,merkle_membership,groth16,0.044322121999812225,0.42232206399967254,0.26927484799989543,0.7359190339993802,807,84,True,,ok,
20260728T123050Z_paper_groth16,2026-07-28T12:56:10.190625+00:00,measured,3,24,21,separate_token_bundle_32_depth_8,separate,token_bundle_b32_d8,baseline,unbound,2,nullifier_correctness_poseidon,nullifier_correctness,groth16,0.03233022599988544,0.3098379399998521,0.25061684599995715,0.5927850119996947,802,164,True,,ok,
20260728T123050Z_paper_groth16,2026-07-28T12:56:10.190625+00:00,measured,3,24,21,separate_token_bundle_32_depth_8,separate,token_bundle_b32_d8,baseline,unbound,3,local_financial_validity_32,local_financial_validity,groth16,0.01926718200002142,0.28171205599983296,0.24233035899987954,0.5433095969997339,804,3,True,,ok,
20260728T123050Z_paper_groth16,2026-07-28T12:56:10.190625+00:00,measured,3,24,21,separate_token_bundle_32_depth_8,separate,token_bundle_b32_d8,baseline,unbound,4,privacy_budget_32,privacy_budget,groth16,0.01846192399989377,0.33071788400002333,0.28363546499986114,0.6328152729997782,806,16,True,,ok,
20260728T123050Z_paper_groth16,2026-07-28T12:56:10.772506+00:00,measured,3,24,22,privacy_budget_64,monolithic,,,none,1,privacy_budget_64,privacy_budget,groth16,0.020904861999952118,0.29484000699994795,0.26525256500008254,0.5809974339999826,808,26,True,,ok,
20260728T123050Z_paper_groth16,2026-07-28T12:56:11.352973+00:00,measured,3,24,23,state_transition_and_conservation_16,monolithic,,,none,1,state_transition_and_conservation_16,state_transition_and_conservation,groth16,0.019638949000182038,0.28550992799955566,0.2746817940001165,0.5798306709998542,807,3,True,,ok,
20260728T123050Z_paper_groth16,2026-07-28T12:56:12.350196+00:00,measured,3,24,24,merkle_membership_depth_32,monolithic,,,none,1,merkle_membership_depth_32,merkle_membership,groth16,0.04310488400005852,0.6922649839998485,0.2611633419996906,0.9965332099995976,806,84,True,,ok,
20260728T123050Z_paper_groth16,2026-07-28T12:56:14.023939+00:00,measured,3,24,25,separate_account_core_64,separate,account_core_b64,baseline,unbound,1,local_financial_validity_64,local_financial_validity,groth16,0.02319830800024647,0.28789556799983984,0.2565211900000577,0.567615066000144,806,3,True,,ok,
20260728T123050Z_paper_groth16,2026-07-28T12:56:14.023939+00:00,measured,3,24,25,separate_account_core_64,separate,account_core_b64,baseline,unbound,2,state_transition_and_conservation_64,state_transition_and_conservation,groth16,0.020487158999912936,0.29471499000010226,0.23717667200025971,0.5523788210002749,806,3,True,,ok,
20260728T123050Z_paper_groth16,2026-07-28T12:56:14.023939+00:00,measured,3,24,25,separate_account_core_64,separate,account_core_b64,baseline,unbound,3,operating_limit_64,operating_limit,groth16,0.01833581899973069,0.28180144699990706,0.2520007779999105,0.5521380439995482,809,26,True,,ok,
20260728T123050Z_paper_groth16,2026-07-28T12:56:15.750082+00:00,measured,3,24,26,separate_account_core_32,separate,account_core_b32,baseline,unbound,1,local_financial_validity_32,local_financial_validity,groth16,0.020988123000279302,0.28132410599982904,0.2531431130000783,0.5554553420001866,805,3,True,,ok,
20260728T123050Z_paper_groth16,2026-07-28T12:56:15.750082+00:00,measured,3,24,26,separate_account_core_32,separate,account_core_b32,baseline,unbound,2,state_transition_and_conservation_32,state_transition_and_conservation,groth16,0.01890073399999892,0.28744996000023093,0.2580908559998534,0.5644415500000832,804,3,True,,ok,
20260728T123050Z_paper_groth16,2026-07-28T12:56:15.750082+00:00,measured,3,24,26,separate_account_core_32,separate,account_core_b32,baseline,unbound,3,operating_limit_32,operating_limit,groth16,0.020444394000151078,0.30219329000010475,0.2819511500001681,0.604588834000424,804,16,True,,ok,
20260728T123050Z_paper_groth16,2026-07-28T12:56:16.335140+00:00,measured,3,24,27,state_transition_and_conservation_32,monolithic,,,none,1,state_transition_and_conservation_32,state_transition_and_conservation,groth16,0.024442040999929304,0.3066688150001937,0.25327112400009355,0.5843819800002166,805,3,True,,ok,
20260728T123050Z_paper_groth16,2026-07-28T12:56:16.992094+00:00,measured,3,24,28,linked_valid_limit_monolithic_32,monolithic,valid_limit_b32,commitment_linked,tx_tag,1,linked_valid_limit_monolithic_32,local_validity_and_operating_limit,groth16,0.041895303000274,0.35540029399999185,0.2588679720001892,0.656163569000455,806,98,True,True,ok,
20260728T123050Z_paper_groth16,2026-07-28T12:56:17.583627+00:00,measured,3,24,29,account_policy_with_privacy_budget_32,monolithic,account_budget_b32,baseline,shared_witness,1,account_policy_with_privacy_budget_32,account_policy_with_privacy_budget,groth16,0.02364070100020399,0.30850076400020043,0.2588177020002149,0.5909591670006193,804,30,True,,ok,
20260728T123050Z_paper_groth16,2026-07-28T12:56:18.762273+00:00,measured,3,24,30,separate_valid_limit_16,separate,valid_limit_b16,baseline,unbound,1,local_financial_validity_16,local_financial_validity,groth16,0.020511804999841843,0.3024730960000852,0.251473500999964,0.5744584019998911,804,3,True,,ok,
20260728T123050Z_paper_groth16,2026-07-28T12:56:18.762273+00:00,measured,3,24,30,separate_valid_limit_16,separate,valid_limit_b16,baseline,unbound,2,operating_limit_16,operating_limit,groth16,0.018735074999767676,0.3087591059997976,0.2755103859999508,0.6030045669995161,803,12,True,,ok,
20260728T123050Z_paper_groth16,2026-07-28T12:56:19.346501+00:00,measured,3,24,31,local_validity_and_operating_limit_32,monolithic,valid_limit_b32,baseline,shared_witness,1,local_validity_and_operating_limit_32,local_validity_and_operating_limit,groth16,0.02351164499987135,0.30587364899975,0.2541945569996642,0.5835798509992856,806,16,True,,ok,
20260728T123050Z_paper_groth16,2026-07-28T12:56:20.062970+00:00,measured,3,24,32,token_policy_bundle_32_depth_8,monolithic,token_bundle_b32_d8,baseline,shared_witness,1,token_policy_bundle_32_depth_8,token_policy_bundle,groth16,0.04405373400004464,0.42120284400016317,0.2505791189996671,0.7158356969998749,804,261,True,,ok,
20260728T123050Z_paper_groth16,2026-07-28T12:56:20.718880+00:00,measured,3,24,33,linked_account_budget_monolithic_32,monolithic,account_budget_b32,commitment_linked,tx_tag,1,linked_account_budget_monolithic_32,account_policy_with_privacy_budget,groth16,0.05742434400008278,0.3283951540001908,0.26920542900006694,0.6550249270003405,806,111,True,True,ok,
20260728T123050Z_paper_groth16,2026-07-28T12:56:21.295165+00:00,measured,3,24,34,operating_limit_32,monolithic,,,none,1,operating_limit_32,operating_limit,groth16,0.019930266000301344,0.284474014999887,0.27130417899979875,0.5757084599999871,804,16,True,,ok,
20260728T123050Z_paper_groth16,2026-07-28T12:56:22.468450+00:00,measured,3,24,35,separate_valid_limit_32,separate,valid_limit_b32,baseline,unbound,1,local_financial_validity_32,local_financial_validity,groth16,0.02484937600002013,0.293527800999982,0.26850256399984573,0.5868797409998479,806,3,True,,ok,
20260728T123050Z_paper_groth16,2026-07-28T12:56:22.468450+00:00,measured,3,24,35,separate_valid_limit_32,separate,valid_limit_b32,baseline,unbound,2,operating_limit_32,operating_limit,groth16,0.020648129000164772,0.2977253079998263,0.2669173559997944,0.5852907929997855,805,16,True,,ok,
20260728T123050Z_paper_groth16,2026-07-28T12:56:23.087717+00:00,measured,3,24,36,nullifier_correctness_poseidon,monolithic,,,none,1,nullifier_correctness_poseidon,nullifier_correctness,groth16,0.03485574499973154,0.31283879700004036,0.27097714599995015,0.618671687999722,802,164,True,,ok,
20260728T123050Z_paper_groth16,2026-07-28T12:56:23.814297+00:00,measured,3,24,37,merkle_membership_depth_8,monolithic,,,none,1,merkle_membership_depth_8,merkle_membership,groth16,0.04063156199981677,0.40719410099973175,0.27815605999967374,0.7259817229992223,802,84,True,,ok,
20260728T123050Z_paper_groth16,2026-07-28T12:56:24.421770+00:00,measured,3,24,38,operating_limit_64,monolithic,,,none,1,operating_limit_64,operating_limit,groth16,0.020775097000296228,0.30605998800001544,0.2800269699996534,0.606862054999965,804,26,True,,ok,
20260728T123050Z_paper_groth16,2026-07-28T12:56:25.030190+00:00,measured,3,24,39,privacy_budget_16,monolithic,,,none,1,privacy_budget_16,privacy_budget,groth16,0.02028195799994137,0.31095864700000675,0.2765104079999219,0.60775101299987,805,11,True,,ok,
20260728T123050Z_paper_groth16,2026-07-28T12:56:25.635490+00:00,measured,3,24,40,local_validity_and_operating_limit_64,monolithic,valid_limit_b64,baseline,shared_witness,1,local_validity_and_operating_limit_64,local_validity_and_operating_limit,groth16,0.021965878999708366,0.3207565819998308,0.26198694999993677,0.604709410999476,804,26,True,,ok,
20260728T123050Z_paper_groth16,2026-07-28T12:56:26.206018+00:00,measured,3,24,41,local_financial_validity_32,monolithic,,,none,1,local_financial_validity_32,local_financial_validity,groth16,0.020614242000192462,0.29417812100018637,0.2551378189996285,0.5699301820000073,804,3,True,,ok,
20260728T123050Z_paper_groth16,2026-07-28T12:56:26.792280+00:00,measured,3,24,42,local_financial_validity_64,monolithic,,,none,1,local_financial_validity_64,local_financial_validity,groth16,0.022348539999711647,0.3192039149998891,0.24410548700006984,0.5856579419996706,806,3,True,,ok,
20260728T123050Z_paper_groth16,2026-07-28T12:56:27.373476+00:00,measured,3,24,43,account_policy_core_16,monolithic,account_core_b16,baseline,shared_witness,1,account_policy_core_16,account_policy_core,groth16,0.020452922000004037,0.30069419199980985,0.25886997899988273,0.5800170929996966,805,12,True,,ok,
20260728T123050Z_paper_groth16,2026-07-28T12:56:28.225313+00:00,measured,3,24,44,token_policy_bundle_32_depth_16,monolithic,token_bundle_b32_d16,baseline,shared_witness,1,token_policy_bundle_32_depth_16,token_policy_bundle,groth16,0.046602138000253035,0.5473052359998292,0.25719508900010624,0.8511024630001884,808,260,True,,ok,
20260728T123050Z_paper_groth16,2026-07-28T12:56:31.038554+00:00,measured,3,24,45,separate_token_bundle_32_depth_32,separate,token_bundle_b32_d32,baseline,unbound,1,merkle_membership_depth_32,merkle_membership,groth16,0.04507625799988091,0.6948177870003747,0.2557826910001495,0.9956767360004051,803,84,True,,ok,
20260728T123050Z_paper_groth16,2026-07-28T12:56:31.038554+00:00,measured,3,24,45,separate_token_bundle_32_depth_32,separate,token_bundle_b32_d32,baseline,unbound,2,nullifier_correctness_poseidon,nullifier_correctness,groth16,0.032178843999645323,0.3312783000001218,0.2705585590001647,0.6340157029999318,807,164,True,,ok,
20260728T123050Z_paper_groth16,2026-07-28T12:56:31.038554+00:00,measured,3,24,45,separate_token_bundle_32_depth_32,separate,token_bundle_b32_d32,baseline,unbound,3,local_financial_validity_32,local_financial_validity,groth16,0.020560522999858222,0.30199204699965776,0.2595230199999605,0.5820755899994765,807,3,True,,ok,
20260728T123050Z_paper_groth16,2026-07-28T12:56:31.038554+00:00,measured,3,24,45,separate_token_bundle_32_depth_32,separate,token_bundle_b32_d32,baseline,unbound,4,privacy_budget_32,privacy_budget,groth16,0.021239151999907335,0.31378760499956115,0.2642725249997966,0.5992992819992651,805,16,True,,ok,
20260728T123050Z_paper_groth16,2026-07-28T12:56:31.612934+00:00,measured,3,24,46,account_policy_with_privacy_budget_16,monolithic,account_budget_b16,baseline,shared_witness,1,account_policy_with_privacy_budget_16,account_policy_with_privacy_budget,groth16,0.020517150000159745,0.2924388649998946,0.2607792930002688,0.5737353080003231,806,21,True,,ok,
20260728T123050Z_paper_groth16,2026-07-28T12:56:32.197742+00:00,measured,3,25,1,state_transition_and_conservation_16,monolithic,,,none,1,state_transition_and_conservation_16,state_transition_and_conservation,groth16,0.020469871999921452,0.3044092989998717,0.2592759720000686,0.5841551429998617,803,3,True,,ok,
20260728T123050Z_paper_groth16,2026-07-28T12:56:32.950569+00:00,measured,3,25,2,token_policy_bundle_32_depth_8,monolithic,token_bundle_b32_d8,baseline,shared_witness,1,token_policy_bundle_32_depth_8,token_policy_bundle,groth16,0.04672613899992939,0.45521332299995265,0.2502768079998532,0.7522162699997352,806,261,True,,ok,
20260728T123050Z_paper_groth16,2026-07-28T12:56:33.811520+00:00,measured,3,25,3,linked_token_bundle_monolithic_32_depth_16,monolithic,token_bundle_b32_d16,commitment_linked,tx_tag,1,linked_token_bundle_monolithic_32_depth_16,token_policy_bundle,groth16,0.06427756299990506,0.5286400089999006,0.26510387999996965,0.8580214519997753,802,342,True,True,ok,
20260728T123050Z_paper_groth16,2026-07-28T12:56:34.388307+00:00,measured,3,25,4,operating_limit_64,monolithic,,,none,1,operating_limit_64,operating_limit,groth16,0.020658689999891067,0.30605752900009975,0.2494802050000544,0.5761964240000452,804,26,True,,ok,
20260728T123050Z_paper_groth16,2026-07-28T12:56:34.936937+00:00,measured,3,25,5,state_transition_and_conservation_32,monolithic,,,none,1,state_transition_and_conservation_32,state_transition_and_conservation,groth16,0.021083135000026232,0.2880127809999067,0.23891409499992733,0.5480100109998602,808,3,True,,ok,
20260728T123050Z_paper_groth16,2026-07-28T12:56:35.506691+00:00,measured,3,25,6,local_financial_validity_16,monolithic,,,none,1,local_financial_validity_16,local_financial_validity,groth16,0.02107728600003611,0.2859961780000049,0.2620318829999633,0.5691053470000043,803,3,True,,ok,
20260728T123050Z_paper_groth16,2026-07-28T12:56:38.034030+00:00,measured,3,25,7,separate_token_bundle_32_depth_16,separate,token_bundle_b32_d16,baseline,unbound,1,merkle_membership_depth_16,merkle_membership,groth16,0.04264315999989776,0.49079722900023626,0.251567865999732,0.785008254999866,804,84,True,,ok,
20260728T123050Z_paper_groth16,2026-07-28T12:56:38.034030+00:00,measured,3,25,7,separate_token_bundle_32_depth_16,separate,token_bundle_b32_d16,baseline,unbound,2,nullifier_correctness_poseidon,nullifier_correctness,groth16,0.03477738700030386,0.3046068519997789,0.24940965299992968,0.5887938920000124,804,164,True,,ok,
20260728T123050Z_paper_groth16,2026-07-28T12:56:38.034030+00:00,measured,3,25,7,separate_token_bundle_32_depth_16,separate,token_bundle_b32_d16,baseline,unbound,3,local_financial_validity_32,local_financial_validity,groth16,0.019985933000043588,0.2943640899998172,0.2486769400002231,0.5630269630000839,806,3,True,,ok,
20260728T123050Z_paper_groth16,2026-07-28T12:56:38.034030+00:00,measured,3,25,7,separate_token_bundle_32_depth_16,separate,token_bundle_b32_d16,baseline,unbound,4,privacy_budget_32,privacy_budget,groth16,0.020632095000109985,0.3021637740002916,0.26548691900006816,0.5882827880004697,807,16,True,,ok,
20260728T123050Z_paper_groth16,2026-07-28T12:56:39.742147+00:00,measured,3,25,8,separate_account_core_16,separate,account_core_b16,baseline,unbound,1,local_financial_validity_16,local_financial_validity,groth16,0.021904907999669376,0.2928904469999907,0.2662090119997629,0.5810043669994229,806,3,True,,ok,
20260728T123050Z_paper_groth16,2026-07-28T12:56:39.742147+00:00,measured,3,25,8,separate_account_core_16,separate,account_core_b16,baseline,unbound,2,state_transition_and_conservation_16,state_transition_and_conservation,groth16,0.018817889999809267,0.29330677300004027,0.2420774660004099,0.5542021290002594,801,3,True,,ok,
20260728T123050Z_paper_groth16,2026-07-28T12:56:39.742147+00:00,measured,3,25,8,separate_account_core_16,separate,account_core_b16,baseline,unbound,3,operating_limit_16,operating_limit,groth16,0.01865243299971553,0.281505147000189,0.27110727199988105,0.5712648519997856,801,12,True,,ok,
20260728T123050Z_paper_groth16,2026-07-28T12:56:42.061378+00:00,measured,3,25,9,separate_account_budget_64,separate,account_budget_b64,baseline,unbound,1,local_financial_validity_64,local_financial_validity,groth16,0.025213188000179798,0.2997165409997251,0.26002984799970363,0.5849595769996085,807,3,True,,ok,
20260728T123050Z_paper_groth16,2026-07-28T12:56:42.061378+00:00,measured,3,25,9,separate_account_budget_64,separate,account_budget_b64,baseline,unbound,2,state_transition_and_conservation_64,state_transition_and_conservation,groth16,0.020525074000033783,0.29375890899973456,0.2532057260000329,0.5674897089998012,808,3,True,,ok,
20260728T123050Z_paper_groth16,2026-07-28T12:56:42.061378+00:00,measured,3,25,9,separate_account_budget_64,separate,account_budget_b64,baseline,unbound,3,operating_limit_64,operating_limit,groth16,0.02098309099983453,0.2807300059998852,0.25896788399995785,0.5606809809996776,804,26,True,,ok,
20260728T123050Z_paper_groth16,2026-07-28T12:56:42.061378+00:00,measured,3,25,9,separate_account_budget_64,separate,account_budget_b64,baseline,unbound,4,privacy_budget_64,privacy_budget,groth16,0.02021793699987029,0.30212285500010694,0.2815082600000096,0.6038490519999868,805,26,True,,ok,
20260728T123050Z_paper_groth16,2026-07-28T12:56:42.849121+00:00,measured,3,25,10,merkle_membership_depth_8,monolithic,,,none,1,merkle_membership_depth_8,merkle_membership,groth16,0.04894681300038428,0.4843121530002463,0.2537338219999583,0.7869927880005889,805,84,True,,ok,
20260728T123050Z_paper_groth16,2026-07-28T12:56:43.841040+00:00,measured,3,25,11,merkle_membership_depth_32,monolithic,,,none,1,merkle_membership_depth_32,merkle_membership,groth16,0.04564820299992789,0.6757404390000374,0.2698231770000348,0.9912118190000001,804,84,True,,ok,
20260728T123050Z_paper_groth16,2026-07-28T12:56:44.433201+00:00,measured,3,25,12,account_policy_core_64,monolithic,account_core_b64,baseline,shared_witness,1,account_policy_core_64,account_policy_core,groth16,0.02233881400024984,0.3039987329998439,0.2651337090001107,0.5914712560002044,807,26,True,,ok,
20260728T123050Z_paper_groth16,2026-07-28T12:56:46.137301+00:00,measured,3,25,13,separate_account_core_64,separate,account_core_b64,baseline,unbound,1,local_financial_validity_64,local_financial_validity,groth16,0.019687881000209018,0.29497752999986915,0.2539990810000745,0.5686644920001527,808,3,True,,ok,
20260728T123050Z_paper_groth16,2026-07-28T12:56:46.137301+00:00,measured,3,25,13,separate_account_core_64,separate,account_core_b64,baseline,unbound,2,state_transition_and_conservation_64,state_transition_and_conservation,groth16,0.02055433699979403,0.29430413099998987,0.25293399800011684,0.5677924659999007,809,3,True,,ok,
20260728T123050Z_paper_groth16,2026-07-28T12:56:46.137301+00:00,measured,3,25,13,separate_account_core_64,separate,account_core_b64,baseline,unbound,3,operating_limit_64,operating_limit,groth16,0.01992483699996228,0.2920303900000363,0.2540679319999981,0.5660231589999967,803,26,True,,ok,
20260728T123050Z_paper_groth16,2026-07-28T12:56:46.728354+00:00,measured,3,25,14,account_policy_core_32,monolithic,account_core_b32,baseline,shared_witness,1,account_policy_core_32,account_policy_core,groth16,0.021995051999965654,0.30670728699988103,0.26171458099997835,0.590416919999825,807,16,True,,ok,
20260728T123050Z_paper_groth16,2026-07-28T12:56:49.562573+00:00,measured,3,25,15,linked_separate_token_bundle_32_depth_16,separate,token_bundle_b32_d16,commitment_linked,tx_tag,1,linked_token_bundle_membership_32_depth_16,linked_token_bundle_component,groth16,0.05886125000006359,0.5554166649999388,0.2509280150002269,0.8652059300002293,805,342,True,True,ok,
20260728T123050Z_paper_groth16,2026-07-28T12:56:49.562573+00:00,measured,3,25,15,linked_separate_token_bundle_32_depth_16,separate,token_bundle_b32_d16,commitment_linked,tx_tag,2,linked_token_bundle_nullifier_32_depth_16,linked_token_bundle_component,groth16,0.058152265999979136,0.35542279800029064,0.24294189200008987,0.6565169560003596,807,342,True,True,ok,
20260728T123050Z_paper_groth16,2026-07-28T12:56:49.562573+00:00,measured,3,25,15,linked_separate_token_bundle_32_depth_16,separate,token_bundle_b32_d16,commitment_linked,tx_tag,3,linked_token_bundle_validity_32_depth_16,linked_token_bundle_component,groth16,0.05898138900010963,0.3247011459998248,0.2718441779998102,0.6555267129997446,804,342,True,True,ok,
20260728T123050Z_paper_groth16,2026-07-28T12:56:49.562573+00:00,measured,3,25,15,linked_separate_token_bundle_32_depth_16,separate,token_bundle_b32_d16,commitment_linked,tx_tag,4,linked_token_bundle_budget_32_depth_16,linked_token_bundle_component,groth16,0.0573239380000814,0.33047585300028004,0.2645413700001882,0.6523411610005496,807,342,True,True,ok,
20260728T123050Z_paper_groth16,2026-07-28T12:56:51.887038+00:00,measured,3,25,16,separate_account_budget_32,separate,account_budget_b32,baseline,unbound,1,local_financial_validity_32,local_financial_validity,groth16,0.0219868949998272,0.29295073200000843,0.2562881789999665,0.5712258059998021,806,3,True,,ok,
20260728T123050Z_paper_groth16,2026-07-28T12:56:51.887038+00:00,measured,3,25,16,separate_account_budget_32,separate,account_budget_b32,baseline,unbound,2,state_transition_and_conservation_32,state_transition_and_conservation,groth16,0.019601668000177597,0.30965442399974563,0.25556503300003897,0.5848211249999622,805,3,True,,ok,
20260728T123050Z_paper_groth16,2026-07-28T12:56:51.887038+00:00,measured,3,25,16,separate_account_budget_32,separate,account_budget_b32,baseline,unbound,3,operating_limit_32,operating_limit,groth16,0.019103630999779853,0.29080434300021807,0.27272633200027485,0.5826343060002728,807,16,True,,ok,
20260728T123050Z_paper_groth16,2026-07-28T12:56:51.887038+00:00,measured,3,25,16,separate_account_budget_32,separate,account_budget_b32,baseline,unbound,4,privacy_budget_32,privacy_budget,groth16,0.02101805299980697,0.29014514500022415,0.2725470740001583,0.5837102720001894,807,16,True,,ok,
20260728T123050Z_paper_groth16,2026-07-28T12:56:52.435703+00:00,measured,3,25,17,privacy_budget_32,monolithic,,,none,1,privacy_budget_32,privacy_budget,groth16,0.019706592000147793,0.2830037409999022,0.24532121999982337,0.5480315529998734,805,16,True,,ok,
20260728T123050Z_paper_groth16,2026-07-28T12:56:52.997381+00:00,measured,3,25,18,account_policy_with_privacy_budget_16,monolithic,account_budget_b16,baseline,shared_witness,1,account_policy_with_privacy_budget_16,account_policy_with_privacy_budget,groth16,0.020745602999795665,0.2926577319999524,0.24765562099992167,0.5610589559996697,799,21,True,,ok,
20260728T123050Z_paper_groth16,2026-07-28T12:56:53.560637+00:00,measured,3,25,19,local_validity_and_operating_limit_16,monolithic,valid_limit_b16,baseline,shared_witness,1,local_validity_and_operating_limit_16,local_validity_and_operating_limit,groth16,0.020291895000354998,0.2915047950000371,0.25085009800022817,0.5626467880006203,805,12,True,,ok,
20260728T123050Z_paper_groth16,2026-07-28T12:56:54.134229+00:00,measured,3,25,20,local_validity_and_operating_limit_64,monolithic,valid_limit_b64,baseline,shared_witness,1,local_validity_and_operating_limit_64,local_validity_and_operating_limit,groth16,0.02106760300011956,0.30871827800001483,0.24320433799994134,0.5729902190000757,806,26,True,,ok,
20260728T123050Z_paper_groth16,2026-07-28T12:56:54.683596+00:00,measured,3,25,21,privacy_budget_16,monolithic,,,none,1,privacy_budget_16,privacy_budget,groth16,0.022003211999617633,0.2684403759999441,0.25824381900019944,0.5486874069997612,806,11,True,,ok,
20260728T123050Z_paper_groth16,2026-07-28T12:56:55.263884+00:00,measured,3,25,22,local_validity_and_operating_limit_32,monolithic,valid_limit_b32,baseline,shared_witness,1,local_validity_and_operating_limit_32,local_validity_and_operating_limit,groth16,0.020179860000098415,0.29604182299999593,0.2633179049998944,0.5795395879999887,804,16,True,,ok,
20260728T123050Z_paper_groth16,2026-07-28T12:56:58.018688+00:00,measured,3,25,23,separate_token_bundle_32_depth_32,separate,token_bundle_b32_d32,baseline,unbound,1,merkle_membership_depth_32,merkle_membership,groth16,0.04157195900006627,0.7159311330001401,0.25076073499985796,1.0082638270000643,806,84,True,,ok,
20260728T123050Z_paper_groth16,2026-07-28T12:56:58.018688+00:00,measured,3,25,23,separate_token_bundle_32_depth_32,separate,token_bundle_b32_d32,baseline,unbound,2,nullifier_correctness_poseidon,nullifier_correctness,groth16,0.031200639999951818,0.32124482100016394,0.2579414510000788,0.6103869120001946,805,164,True,,ok,
20260728T123050Z_paper_groth16,2026-07-28T12:56:58.018688+00:00,measured,3,25,23,separate_token_bundle_32_depth_32,separate,token_bundle_b32_d32,baseline,unbound,3,local_financial_validity_32,local_financial_validity,groth16,0.01912691799998356,0.27781486000003497,0.26305529199999,0.5599970700000085,805,3,True,,ok,
20260728T123050Z_paper_groth16,2026-07-28T12:56:58.018688+00:00,measured,3,25,23,separate_token_bundle_32_depth_32,separate,token_bundle_b32_d32,baseline,unbound,4,privacy_budget_32,privacy_budget,groth16,0.02014776499981963,0.2843329590000394,0.26953950000006444,0.5740202239999235,807,16,True,,ok,
20260728T123050Z_paper_groth16,2026-07-28T12:56:58.642782+00:00,measured,3,25,24,linked_valid_limit_monolithic_32,monolithic,valid_limit_b32,commitment_linked,tx_tag,1,linked_valid_limit_monolithic_32,local_validity_and_operating_limit,groth16,0.039300809999986086,0.3243182699998215,0.2596278500000153,0.6232469299998229,806,98,True,True,ok,
20260728T123050Z_paper_groth16,2026-07-28T12:56:59.219249+00:00,measured,3,25,25,operating_limit_32,monolithic,,,none,1,operating_limit_32,operating_limit,groth16,0.019819805000224733,0.2979353240002638,0.2581397140002082,0.5758948430006967,807,16,True,,ok,
20260728T123050Z_paper_groth16,2026-07-28T12:56:59.785546+00:00,measured,3,25,26,local_financial_validity_32,monolithic,,,none,1,local_financial_validity_32,local_financial_validity,groth16,0.020504882000295765,0.2875963100000263,0.2576016590001018,0.5657028510004238,806,3,True,,ok,
20260728T123050Z_paper_groth16,2026-07-28T12:57:00.365394+00:00,measured,3,25,27,privacy_budget_64,monolithic,,,none,1,privacy_budget_64,privacy_budget,groth16,0.021625070000027335,0.3003782390001106,0.25724002200013274,0.5792433310002707,804,26,True,,ok,
20260728T123050Z_paper_groth16,2026-07-28T12:57:02.073307+00:00,measured,3,25,28,separate_account_core_32,separate,account_core_b32,baseline,unbound,1,local_financial_validity_32,local_financial_validity,groth16,0.02059203599992543,0.28670418299998346,0.26932050100003835,0.5766167199999472,804,3,True,,ok,
20260728T123050Z_paper_groth16,2026-07-28T12:57:02.073307+00:00,measured,3,25,28,separate_account_core_32,separate,account_core_b32,baseline,unbound,2,state_transition_and_conservation_32,state_transition_and_conservation,groth16,0.022069553999699565,0.2843705139998747,0.24780591500029914,0.5542459829998734,805,3,True,,ok,
20260728T123050Z_paper_groth16,2026-07-28T12:57:02.073307+00:00,measured,3,25,28,separate_account_core_32,separate,account_core_b32,baseline,unbound,3,operating_limit_32,operating_limit,groth16,0.018535258999690996,0.297016235999763,0.25982585199972164,0.5753773469991756,806,16,True,,ok,
20260728T123050Z_paper_groth16,2026-07-28T12:57:02.643111+00:00,measured,3,25,29,state_transition_and_conservation_64,monolithic,,,none,1,state_transition_and_conservation_64,state_transition_and_conservation,groth16,0.022770959999888873,0.30260062099978313,0.24379976699992767,0.5691713479995997,801,3,True,,ok,
20260728T123050Z_paper_groth16,2026-07-28T12:57:03.438974+00:00,measured,3,25,30,merkle_membership_depth_16,monolithic,,,none,1,merkle_membership_depth_16,merkle_membership,groth16,0.04150298299964561,0.5051303109999026,0.2485936819998642,0.7952269759994124,806,84,True,,ok,
20260728T123050Z_paper_groth16,2026-07-28T12:57:04.666173+00:00,measured,3,25,31,linked_separate_valid_limit_32,separate,valid_limit_b32,commitment_linked,tx_tag,1,linked_valid_limit_validity_32,linked_valid_limit_component,groth16,0.03984354800013534,0.3167608469998413,0.24605119500029105,0.6026555900002677,806,98,True,True,ok,
20260728T123050Z_paper_groth16,2026-07-28T12:57:04.666173+00:00,measured,3,25,31,linked_separate_valid_limit_32,separate,valid_limit_b32,commitment_linked,tx_tag,2,linked_valid_limit_limit_32,linked_valid_limit_component,groth16,0.03842460199984998,0.32002145499973267,0.2642683100002614,0.6227143669998441,805,98,True,True,ok,
20260728T123050Z_paper_groth16,2026-07-28T12:57:05.789357+00:00,measured,3,25,32,separate_valid_limit_32,separate,valid_limit_b32,baseline,unbound,1,local_financial_validity_32,local_financial_validity,groth16,0.021519097000236798,0.29883691699978954,0.24921647299970573,0.5695724869997321,804,3,True,,ok,
20260728T123050Z_paper_groth16,2026-07-28T12:57:05.789357+00:00,measured,3,25,32,separate_valid_limit_32,separate,valid_limit_b32,baseline,unbound,2,operating_limit_32,operating_limit,groth16,0.018598077000206104,0.2834616879999885,0.2504758289996971,0.5525355939998917,805,16,True,,ok,
20260728T123050Z_paper_groth16,2026-07-28T12:57:06.433638+00:00,measured,3,25,33,linked_account_budget_monolithic_32,monolithic,account_budget_b32,commitment_linked,tx_tag,1,linked_account_budget_monolithic_32,account_policy_with_privacy_budget,groth16,0.05841261299974576,0.33455950500001563,0.25045161299976826,0.6434237309995297,803,111,True,True,ok,
20260728T123050Z_paper_groth16,2026-07-28T12:57:07.587647+00:00,measured,3,25,34,separate_valid_limit_64,separate,valid_limit_b64,baseline,unbound,1,local_financial_validity_64,local_financial_validity,groth16,0.022227244000077917,0.29934450200016727,0.24785451300022032,0.5694262590004655,807,3,True,,ok,
20260728T123050Z_paper_groth16,2026-07-28T12:57:07.587647+00:00,measured,3,25,34,separate_valid_limit_64,separate,valid_limit_b64,baseline,unbound,2,operating_limit_64,operating_limit,groth16,0.018858600999919872,0.29455684200001997,0.27010226499987766,0.5835177079998175,805,26,True,,ok,
20260728T123050Z_paper_groth16,2026-07-28T12:57:09.865536+00:00,measured,3,25,35,separate_account_budget_16,separate,account_budget_b16,baseline,unbound,1,local_financial_validity_16,local_financial_validity,groth16,0.020583068000178173,0.2922382080000716,0.2666413540000576,0.5794626300003074,801,3,True,,ok,
20260728T123050Z_paper_groth16,2026-07-28T12:57:09.865536+00:00,measured,3,25,35,separate_account_budget_16,separate,account_budget_b16,baseline,unbound,2,state_transition_and_conservation_16,state_transition_and_conservation,groth16,0.02044841399992947,0.29142984400004934,0.2439937210001517,0.5558719790001305,807,3,True,,ok,
20260728T123050Z_paper_groth16,2026-07-28T12:57:09.865536+00:00,measured,3,25,35,separate_account_budget_16,separate,account_budget_b16,baseline,unbound,3,operating_limit_16,operating_limit,groth16,0.018758714999876247,0.2873894859999382,0.2533945120003409,0.5595427130001553,805,12,True,,ok,
20260728T123050Z_paper_groth16,2026-07-28T12:57:09.865536+00:00,measured,3,25,35,separate_account_budget_16,separate,account_budget_b16,baseline,unbound,4,privacy_budget_16,privacy_budget,groth16,0.02299222900001041,0.28712126799973703,0.2706863369999155,0.580799833999663,806,11,True,,ok,
20260728T123050Z_paper_groth16,2026-07-28T12:57:11.003238+00:00,measured,3,25,36,separate_valid_limit_16,separate,valid_limit_b16,baseline,unbound,1,local_financial_validity_16,local_financial_validity,groth16,0.020086935000108497,0.28201368400004867,0.24034622699991814,0.5424468460000753,805,3,True,,ok,
20260728T123050Z_paper_groth16,2026-07-28T12:57:11.003238+00:00,measured,3,25,36,separate_valid_limit_16,separate,valid_limit_b16,baseline,unbound,2,operating_limit_16,operating_limit,groth16,0.019138471999667672,0.2995249700002205,0.27525819700031207,0.5939216390002002,807,12,True,,ok,
20260728T123050Z_paper_groth16,2026-07-28T12:57:11.623621+00:00,measured,3,25,37,nullifier_correctness_poseidon,monolithic,,,none,1,nullifier_correctness_poseidon,nullifier_correctness,groth16,0.03309948499963866,0.3162303920003069,0.2704085200002737,0.6197383970002193,803,164,True,,ok,
20260728T123050Z_paper_groth16,2026-07-28T12:57:12.198579+00:00,measured,3,25,38,local_financial_validity_64,monolithic,,,none,1,local_financial_validity_64,local_financial_validity,groth16,0.020919619999858696,0.29930879099993035,0.25411957500000426,0.5743479859997933,803,3,True,,ok,
20260728T123050Z_paper_groth16,2026-07-28T12:57:13.038393+00:00,measured,3,25,39,token_policy_bundle_32_depth_16,monolithic,token_bundle_b32_d16,baseline,shared_witness,1,token_policy_bundle_32_depth_16,token_policy_bundle,groth16,0.04599422399996911,0.5490110360001381,0.24414559699971505,0.8391508569998223,804,260,True,,ok,
20260728T123050Z_paper_groth16,2026-07-28T12:57:13.613686+00:00,measured,3,25,40,account_policy_with_privacy_budget_64,monolithic,account_budget_b64,baseline,shared_witness,1,account_policy_with_privacy_budget_64,account_policy_with_privacy_budget,groth16,0.02273896400038211,0.30683051899995917,0.24511016799988283,0.5746796510002241,805,50,True,,ok,
20260728T123050Z_paper_groth16,2026-07-28T12:57:14.598178+00:00,measured,3,25,41,token_policy_bundle_32_depth_32,monolithic,token_bundle_b32_d32,baseline,shared_witness,1,token_policy_bundle_32_depth_32,token_policy_bundle,groth16,0.04950841900017622,0.6563504830000966,0.2779151630002161,0.9837740650004889,808,261,True,,ok,
20260728T123050Z_paper_groth16,2026-07-28T12:57:17.123035+00:00,measured,3,25,42,separate_token_bundle_32_depth_8,separate,token_bundle_b32_d8,baseline,unbound,1,merkle_membership_depth_8,merkle_membership,groth16,0.04373365800029205,0.45536196900002324,0.25875126599976284,0.7578468930000781,805,84,True,,ok,
20260728T123050Z_paper_groth16,2026-07-28T12:57:17.123035+00:00,measured,3,25,42,separate_token_bundle_32_depth_8,separate,token_bundle_b32_d8,baseline,unbound,2,nullifier_correctness_poseidon,nullifier_correctness,groth16,0.03202824700019846,0.32566249799992875,0.2668116419999933,0.6245023870001205,806,164,True,,ok,
20260728T123050Z_paper_groth16,2026-07-28T12:57:17.123035+00:00,measured,3,25,42,separate_token_bundle_32_depth_8,separate,token_bundle_b32_d8,baseline,unbound,3,local_financial_validity_32,local_financial_validity,groth16,0.02322129899994252,0.27470053000024564,0.25481303399965327,0.5527348629998414,807,3,True,,ok,
20260728T123050Z_paper_groth16,2026-07-28T12:57:17.123035+00:00,measured,3,25,42,separate_token_bundle_32_depth_8,separate,token_bundle_b32_d8,baseline,unbound,4,privacy_budget_32,privacy_budget,groth16,0.019422466999913013,0.31644727499997316,0.25108741200028817,0.5869571540001743,807,16,True,,ok,
20260728T123050Z_paper_groth16,2026-07-28T12:57:17.709061+00:00,measured,3,25,43,account_policy_core_16,monolithic,account_core_b16,baseline,shared_witness,1,account_policy_core_16,account_policy_core,groth16,0.020368607999898813,0.2935849310001686,0.2713496500000474,0.5853031890001148,809,12,True,,ok,
20260728T123050Z_paper_groth16,2026-07-28T12:57:18.276992+00:00,measured,3,25,44,operating_limit_16,monolithic,,,none,1,operating_limit_16,operating_limit,groth16,0.021822344999691268,0.29706234900004347,0.2483829660000083,0.567267659999743,806,12,True,,ok,
20260728T123050Z_paper_groth16,2026-07-28T12:57:18.857653+00:00,measured,3,25,45,account_policy_with_privacy_budget_32,monolithic,account_budget_b32,baseline,shared_witness,1,account_policy_with_privacy_budget_32,account_policy_with_privacy_budget,groth16,0.02356533100009983,0.29083578200015836,0.26560667200010357,0.5800077850003618,807,30,True,,ok,
20260728T123050Z_paper_groth16,2026-07-28T12:57:21.497294+00:00,measured,3,25,46,linked_separate_account_budget_32,separate,account_budget_b32,commitment_linked,tx_tag,1,linked_account_budget_validity_32,linked_account_budget_component,groth16,0.06391750600005253,0.34807484499970087,0.25879748299985295,0.6707898339996063,807,111,True,True,ok,
20260728T123050Z_paper_groth16,2026-07-28T12:57:21.497294+00:00,measured,3,25,46,linked_separate_account_budget_32,separate,account_budget_b32,commitment_linked,tx_tag,2,linked_account_budget_transition_32,linked_account_budget_component,groth16,0.061097447000065586,0.3426183330002459,0.2633416489998126,0.6670574290001241,804,111,True,True,ok,
20260728T123050Z_paper_groth16,2026-07-28T12:57:21.497294+00:00,measured,3,25,46,linked_separate_account_budget_32,separate,account_budget_b32,commitment_linked,tx_tag,3,linked_account_budget_limit_32,linked_account_budget_component,groth16,0.05878513600009683,0.3303279530000509,0.24361599599978945,0.6327290849999372,804,111,True,True,ok,
20260728T123050Z_paper_groth16,2026-07-28T12:57:21.497294+00:00,measured,3,25,46,linked_separate_account_budget_32,separate,account_budget_b32,commitment_linked,tx_tag,4,linked_account_budget_budget_32,linked_account_budget_component,groth16,0.05770686599998953,0.3455308789998526,0.2621657459999369,0.665403490999779,804,111,True,True,ok,
20260728T123050Z_paper_groth16,2026-07-28T12:57:23.243376+00:00,measured,3,26,1,separate_account_core_64,separate,account_core_b64,baseline,unbound,1,local_financial_validity_64,local_financial_validity,groth16,0.021951027999875805,0.2991838010002539,0.2561634740000045,0.5772983030001342,807,3,True,,ok,
20260728T123050Z_paper_groth16,2026-07-28T12:57:23.243376+00:00,measured,3,26,1,separate_account_core_64,separate,account_core_b64,baseline,unbound,2,state_transition_and_conservation_64,state_transition_and_conservation,groth16,0.019876246999956493,0.29567072999998345,0.25330214399991746,0.5688491209998574,805,3,True,,ok,
20260728T123050Z_paper_groth16,2026-07-28T12:57:23.243376+00:00,measured,3,26,1,separate_account_core_64,separate,account_core_b64,baseline,unbound,3,operating_limit_64,operating_limit,groth16,0.020771456000147737,0.31133198599991374,0.26624247900008413,0.5983459210001456,806,26,True,,ok,
20260728T123050Z_paper_groth16,2026-07-28T12:57:25.800366+00:00,measured,3,26,2,linked_separate_account_budget_32,separate,account_budget_b32,commitment_linked,tx_tag,1,linked_account_budget_validity_32,linked_account_budget_component,groth16,0.060656001000097604,0.33860550800000055,0.2475529500002267,0.6468144590003249,805,111,True,True,ok,
20260728T123050Z_paper_groth16,2026-07-28T12:57:25.800366+00:00,measured,3,26,2,linked_separate_account_budget_32,separate,account_budget_b32,commitment_linked,tx_tag,2,linked_account_budget_transition_32,linked_account_budget_component,groth16,0.05465238799979488,0.32921313599990754,0.2415553920000093,0.6254209159997117,805,111,True,True,ok,
20260728T123050Z_paper_groth16,2026-07-28T12:57:25.800366+00:00,measured,3,26,2,linked_separate_account_budget_32,separate,account_budget_b32,commitment_linked,tx_tag,3,linked_account_budget_limit_32,linked_account_budget_component,groth16,0.05797718900021209,0.3264124349998383,0.2602216129998851,0.6446112369999355,803,111,True,True,ok,
20260728T123050Z_paper_groth16,2026-07-28T12:57:25.800366+00:00,measured,3,26,2,linked_separate_account_budget_32,separate,account_budget_b32,commitment_linked,tx_tag,4,linked_account_budget_budget_32,linked_account_budget_component,groth16,0.05752328900007342,0.3315101850002975,0.24781035200021506,0.636843826000586,802,111,True,True,ok,
20260728T123050Z_paper_groth16,2026-07-28T12:57:26.371844+00:00,measured,3,26,3,account_policy_with_privacy_budget_16,monolithic,account_budget_b16,baseline,shared_witness,1,account_policy_with_privacy_budget_16,account_policy_with_privacy_budget,groth16,0.019746711000152573,0.3050368450003589,0.24610038399987388,0.5708839400003853,808,21,True,,ok,
20260728T123050Z_paper_groth16,2026-07-28T12:57:26.936106+00:00,measured,3,26,4,operating_limit_32,monolithic,,,none,1,operating_limit_32,operating_limit,groth16,0.019357768999725522,0.2846860159997959,0.2596456070000386,0.56368939199956,804,16,True,,ok,
20260728T123050Z_paper_groth16,2026-07-28T12:57:29.166242+00:00,measured,3,26,5,separate_account_budget_32,separate,account_budget_b32,baseline,unbound,1,local_financial_validity_32,local_financial_validity,groth16,0.02078054499997961,0.2771992309999405,0.24693650800008982,0.5449162840000099,803,3,True,,ok,
20260728T123050Z_paper_groth16,2026-07-28T12:57:29.166242+00:00,measured,3,26,5,separate_account_budget_32,separate,account_budget_b32,baseline,unbound,2,state_transition_and_conservation_32,state_transition_and_conservation,groth16,0.020234193000305822,0.28699968299997636,0.25076730199998565,0.5580011780002678,807,3,True,,ok,
20260728T123050Z_paper_groth16,2026-07-28T12:57:29.166242+00:00,measured,3,26,5,separate_account_budget_32,separate,account_budget_b32,baseline,unbound,3,operating_limit_32,operating_limit,groth16,0.01816805899989049,0.2888544180000281,0.2462575259996811,0.5532800029995997,802,16,True,,ok,
20260728T123050Z_paper_groth16,2026-07-28T12:57:29.166242+00:00,measured,3,26,5,separate_account_budget_32,separate,account_budget_b32,baseline,unbound,4,privacy_budget_32,privacy_budget,groth16,0.021755238999958237,0.3008642860004329,0.2492393450002055,0.5718588700005967,804,16,True,,ok,
20260728T123050Z_paper_groth16,2026-07-28T12:57:29.994388+00:00,measured,3,26,6,merkle_membership_depth_16,monolithic,,,none,1,merkle_membership_depth_16,merkle_membership,groth16,0.03985641100007342,0.5459177069997168,0.24162372799992227,0.8273978459997124,803,84,True,,ok,
20260728T123050Z_paper_groth16,2026-07-28T12:57:30.655107+00:00,measured,3,26,7,linked_account_budget_monolithic_32,monolithic,account_budget_b32,commitment_linked,tx_tag,1,linked_account_budget_monolithic_32,account_policy_with_privacy_budget,groth16,0.05949833199974819,0.35146434499984025,0.24879969099993104,0.6597623679995195,802,111,True,True,ok,
20260728T123050Z_paper_groth16,2026-07-28T12:57:31.472814+00:00,measured,3,26,8,token_policy_bundle_32_depth_16,monolithic,token_bundle_b32_d16,baseline,shared_witness,1,token_policy_bundle_32_depth_16,token_policy_bundle,groth16,0.04325358799997048,0.522001175999776,0.2518424140002935,0.81709717800004,805,260,True,,ok,
20260728T123050Z_paper_groth16,2026-07-28T12:57:32.093012+00:00,measured,3,26,9,privacy_budget_32,monolithic,,,none,1,privacy_budget_32,privacy_budget,groth16,0.022077334999721643,0.3316498630001661,0.2658305710001514,0.6195577690000391,802,16,True,,ok,
20260728T123050Z_paper_groth16,2026-07-28T12:57:32.636791+00:00,measured,3,26,10,state_transition_and_conservation_16,monolithic,,,none,1,state_transition_and_conservation_16,state_transition_and_conservation,groth16,0.020066366999799357,0.2726836619999631,0.25039025900014167,0.5431402879999041,806,3,True,,ok,
20260728T123050Z_paper_groth16,2026-07-28T12:57:34.905984+00:00,measured,3,26,11,separate_account_budget_64,separate,account_budget_b64,baseline,unbound,1,local_financial_validity_64,local_financial_validity,groth16,0.02087054599996918,0.2786761419997674,0.254380613000194,0.5539273009999306,808,3,True,,ok,
20260728T123050Z_paper_groth16,2026-07-28T12:57:34.905984+00:00,measured,3,26,11,separate_account_budget_64,separate,account_budget_b64,baseline,unbound,2,state_transition_and_conservation_64,state_transition_and_conservation,groth16,0.021043179000116652,0.28669797600014135,0.2688284149999163,0.5765695700001743,805,3,True,,ok,
20260728T123050Z_paper_groth16,2026-07-28T12:57:34.905984+00:00,measured,3,26,11,separate_account_budget_64,separate,account_budget_b64,baseline,unbound,3,operating_limit_64,operating_limit,groth16,0.01951555899995583,0.2941658549998465,0.2685193409997737,0.582200754999576,807,26,True,,ok,
20260728T123050Z_paper_groth16,2026-07-28T12:57:34.905984+00:00,measured,3,26,11,separate_account_budget_64,separate,account_budget_b64,baseline,unbound,4,privacy_budget_64,privacy_budget,groth16,0.022170786000060616,0.2886194269999578,0.2433068320001439,0.5540970450001623,805,26,True,,ok,
20260728T123050Z_paper_groth16,2026-07-28T12:57:35.467829+00:00,measured,3,26,12,operating_limit_64,monolithic,,,none,1,operating_limit_64,operating_limit,groth16,0.020719924999866635,0.2834071759998551,0.25706316600007995,0.5611902669998017,804,26,True,,ok,
20260728T123050Z_paper_groth16,2026-07-28T12:57:36.597605+00:00,measured,3,26,13,separate_valid_limit_16,separate,valid_limit_b16,baseline,unbound,1,local_financial_validity_16,local_financial_validity,groth16,0.020576219000304263,0.2879202889998851,0.26239852499975314,0.5708950329999425,806,3,True,,ok,
20260728T123050Z_paper_groth16,2026-07-28T12:57:36.597605+00:00,measured,3,26,13,separate_valid_limit_16,separate,valid_limit_b16,baseline,unbound,2,operating_limit_16,operating_limit,groth16,0.018586082000183524,0.2848977459998423,0.2542969430000994,0.5577807710001252,804,12,True,,ok,
20260728T123050Z_paper_groth16,2026-07-28T12:57:38.283802+00:00,measured,3,26,14,separate_account_core_32,separate,account_core_b32,baseline,unbound,1,local_financial_validity_32,local_financial_validity,groth16,0.01979664500004219,0.2842155409998668,0.2410265180001261,0.5450387040000351,807,3,True,,ok,
20260728T123050Z_paper_groth16,2026-07-28T12:57:38.283802+00:00,measured,3,26,14,separate_account_core_32,separate,account_core_b32,baseline,unbound,2,state_transition_and_conservation_32,state_transition_and_conservation,groth16,0.019997122999939165,0.2871478960000786,0.2638896440003009,0.5710346630003187,805,3,True,,ok,
20260728T123050Z_paper_groth16,2026-07-28T12:57:38.283802+00:00,measured,3,26,14,separate_account_core_32,separate,account_core_b32,baseline,unbound,3,operating_limit_32,operating_limit,groth16,0.01759966200006602,0.29137404700031766,0.25957110800027294,0.5685448170006566,805,16,True,,ok,
20260728T123050Z_paper_groth16,2026-07-28T12:57:39.966834+00:00,measured,3,26,15,separate_account_core_16,separate,account_core_b16,baseline,unbound,1,local_financial_validity_16,local_financial_validity,groth16,0.023065213999871048,0.2729003750000629,0.2664772839998477,0.5624428729997817,803,3,True,,ok,
20260728T123050Z_paper_groth16,2026-07-28T12:57:39.966834+00:00,measured,3,26,15,separate_account_core_16,separate,account_core_b16,baseline,unbound,2,state_transition_and_conservation_16,state_transition_and_conservation,groth16,0.021101285999975516,0.27942448900012096,0.2646155889997317,0.5651413639998282,803,3,True,,ok,
20260728T123050Z_paper_groth16,2026-07-28T12:57:39.966834+00:00,measured,3,26,15,separate_account_core_16,separate,account_core_b16,baseline,unbound,3,operating_limit_16,operating_limit,groth16,0.019277775000318798,0.2840606170002502,0.2504945929999849,0.5538329850005539,807,12,True,,ok,
20260728T123050Z_paper_groth16,2026-07-28T12:57:40.541483+00:00,measured,3,26,16,account_policy_with_privacy_budget_64,monolithic,account_budget_b64,baseline,shared_witness,1,account_policy_with_privacy_budget_64,account_policy_with_privacy_budget,groth16,0.022948788999656244,0.3022834819998934,0.24862526500010063,0.5738575359996503,804,50,True,,ok,
20260728T123050Z_paper_groth16,2026-07-28T12:57:41.134209+00:00,measured,3,26,17,account_policy_core_64,monolithic,account_core_b64,baseline,shared_witness,1,account_policy_core_64,account_policy_core,groth16,0.023414534000039566,0.30322535499999503,0.26546202400004404,0.5921019130000786,803,26,True,,ok,
20260728T123050Z_paper_groth16,2026-07-28T12:57:41.718413+00:00,measured,3,26,18,local_validity_and_operating_limit_32,monolithic,valid_limit_b32,baseline,shared_witness,1,local_validity_and_operating_limit_32,local_validity_and_operating_limit,groth16,0.02322024400018563,0.2967186579999179,0.2636467900001662,0.5835856920002698,804,16,True,,ok,
20260728T123050Z_paper_groth16,2026-07-28T12:57:44.208645+00:00,measured,3,26,19,separate_token_bundle_32_depth_8,separate,token_bundle_b32_d8,baseline,unbound,1,merkle_membership_depth_8,merkle_membership,groth16,0.041696000000229105,0.437442278999697,0.25844838400007575,0.7375866630000019,803,84,True,,ok,
20260728T123050Z_paper_groth16,2026-07-28T12:57:44.208645+00:00,measured,3,26,19,separate_token_bundle_32_depth_8,separate,token_bundle_b32_d8,baseline,unbound,2,nullifier_correctness_poseidon,nullifier_correctness,groth16,0.030465728999843122,0.3293147690001206,0.27023736199998893,0.6300178599999526,802,164,True,,ok,
20260728T123050Z_paper_groth16,2026-07-28T12:57:44.208645+00:00,measured,3,26,19,separate_token_bundle_32_depth_8,separate,token_bundle_b32_d8,baseline,unbound,3,local_financial_validity_32,local_financial_validity,groth16,0.021390933000020596,0.2736800439997751,0.24779216400020232,0.542863140999998,802,3,True,,ok,
20260728T123050Z_paper_groth16,2026-07-28T12:57:44.208645+00:00,measured,3,26,19,separate_token_bundle_32_depth_8,separate,token_bundle_b32_d8,baseline,unbound,4,privacy_budget_32,privacy_budget,groth16,0.02353367099976822,0.3029072819999783,0.25109068999972806,0.5775316429994746,805,16,True,,ok,
20260728T123050Z_paper_groth16,2026-07-28T12:57:44.820022+00:00,measured,3,26,20,nullifier_correctness_poseidon,monolithic,,,none,1,nullifier_correctness_poseidon,nullifier_correctness,groth16,0.035497515000315616,0.3200508630002332,0.25474786299992047,0.6102962410004693,806,164,True,,ok,
20260728T123050Z_paper_groth16,2026-07-28T12:57:45.368923+00:00,measured,3,26,21,state_transition_and_conservation_32,monolithic,,,none,1,state_transition_and_conservation_32,state_transition_and_conservation,groth16,0.020073261000106868,0.28603319200010446,0.24216986700002963,0.548276320000241,808,3,True,,ok,
20260728T123050Z_paper_groth16,2026-07-28T12:57:45.979739+00:00,measured,3,26,22,privacy_budget_64,monolithic,,,none,1,privacy_budget_64,privacy_budget,groth16,0.02161382899976161,0.31675490299994635,0.27177879600003507,0.610147527999743,806,26,True,,ok,
20260728T123050Z_paper_groth16,2026-07-28T12:57:46.551440+00:00,measured,3,26,23,privacy_budget_16,monolithic,,,none,1,privacy_budget_16,privacy_budget,groth16,0.022214326000266738,0.28665955100041174,0.26220702699993126,0.5710809040006097,804,11,True,,ok,
20260728T123050Z_paper_groth16,2026-07-28T12:57:47.134216+00:00,measured,3,26,24,operating_limit_16,monolithic,,,none,1,operating_limit_16,operating_limit,groth16,0.02147219899961783,0.2956306749997566,0.2650465599999734,0.5821494339993478,805,12,True,,ok,
20260728T123050Z_paper_groth16,2026-07-28T12:57:49.960911+00:00,measured,3,26,25,separate_token_bundle_32_depth_32,separate,token_bundle_b32_d32,baseline,unbound,1,merkle_membership_depth_32,merkle_membership,groth16,0.0439252160003889,0.7163250210001024,0.28935029400008716,1.0496005310005785,804,84,True,,ok,
20260728T123050Z_paper_groth16,2026-07-28T12:57:49.960911+00:00,measured,3,26,25,separate_token_bundle_32_depth_32,separate,token_bundle_b32_d32,baseline,unbound,2,nullifier_correctness_poseidon,nullifier_correctness,groth16,0.031991011000172875,0.3225385969999479,0.256460025999786,0.6109896339999068,805,164,True,,ok,
20260728T123050Z_paper_groth16,2026-07-28T12:57:49.960911+00:00,measured,3,26,25,separate_token_bundle_32_depth_32,separate,token_bundle_b32_d32,baseline,unbound,3,local_financial_validity_32,local_financial_validity,groth16,0.019817212999896583,0.2991053989999273,0.26107363399978567,0.5799962459996095,807,3,True,,ok,
20260728T123050Z_paper_groth16,2026-07-28T12:57:49.960911+00:00,measured,3,26,25,separate_token_bundle_32_depth_32,separate,token_bundle_b32_d32,baseline,unbound,4,privacy_budget_32,privacy_budget,groth16,0.018987000999914017,0.29778369599989674,0.2671281579996503,0.583898854999461,805,16,True,,ok,
20260728T123050Z_paper_groth16,2026-07-28T12:57:52.565757+00:00,measured,3,26,26,separate_token_bundle_32_depth_16,separate,token_bundle_b32_d16,baseline,unbound,1,merkle_membership_depth_16,merkle_membership,groth16,0.03743493199999648,0.5748153049999019,0.26707995800006756,0.8793301949999659,804,84,True,,ok,
20260728T123050Z_paper_groth16,2026-07-28T12:57:52.565757+00:00,measured,3,26,26,separate_token_bundle_32_depth_16,separate,token_bundle_b32_d16,baseline,unbound,2,nullifier_correctness_poseidon,nullifier_correctness,groth16,0.03101068599971768,0.32028642499972193,0.24306521700009398,0.5943623279995336,805,164,True,,ok,
20260728T123050Z_paper_groth16,2026-07-28T12:57:52.565757+00:00,measured,3,26,26,separate_token_bundle_32_depth_16,separate,token_bundle_b32_d16,baseline,unbound,3,local_financial_validity_32,local_financial_validity,groth16,0.02060254600019107,0.28741497800001525,0.2503549979996933,0.5583725219998996,802,3,True,,ok,
20260728T123050Z_paper_groth16,2026-07-28T12:57:52.565757+00:00,measured,3,26,26,separate_token_bundle_32_depth_16,separate,token_bundle_b32_d16,baseline,unbound,4,privacy_budget_32,privacy_budget,groth16,0.021079119000205537,0.29171618899999885,0.25773066300007486,0.5705259710002792,805,16,True,,ok,
20260728T123050Z_paper_groth16,2026-07-28T12:57:53.134668+00:00,measured,3,26,27,local_validity_and_operating_limit_64,monolithic,valid_limit_b64,baseline,shared_witness,1,local_validity_and_operating_limit_64,local_validity_and_operating_limit,groth16,0.020223581999744056,0.2926566260002801,0.25518618800015247,0.5680663960001766,806,26,True,,ok,
20260728T123050Z_paper_groth16,2026-07-28T12:57:53.694283+00:00,measured,3,26,28,state_transition_and_conservation_64,monolithic,,,none,1,state_transition_and_conservation_64,state_transition_and_conservation,groth16,0.019973167999978614,0.2863411950002046,0.25269340400018336,0.5590077670003666,805,3,True,,ok,
20260728T123050Z_paper_groth16,2026-07-28T12:57:56.565736+00:00,measured,3,26,29,linked_separate_token_bundle_32_depth_16,separate,token_bundle_b32_d16,commitment_linked,tx_tag,1,linked_token_bundle_membership_32_depth_16,linked_token_bundle_component,groth16,0.05825904299990725,0.5641158540001925,0.25026261199991495,0.8726375090000147,804,342,True,True,ok,
20260728T123050Z_paper_groth16,2026-07-28T12:57:56.565736+00:00,measured,3,26,29,linked_separate_token_bundle_32_depth_16,separate,token_bundle_b32_d16,commitment_linked,tx_tag,2,linked_token_bundle_nullifier_32_depth_16,linked_token_bundle_component,groth16,0.058729815000333474,0.3515953350001837,0.27446285899986833,0.6847880090003855,805,342,True,True,ok,
20260728T123050Z_paper_groth16,2026-07-28T12:57:56.565736+00:00,measured,3,26,29,linked_separate_token_bundle_32_depth_16,separate,token_bundle_b32_d16,commitment_linked,tx_tag,3,linked_token_bundle_validity_32_depth_16,linked_token_bundle_component,groth16,0.05623813800002608,0.34103858199978276,0.2601455930002885,0.6574223130000973,805,342,True,True,ok,
20260728T123050Z_paper_groth16,2026-07-28T12:57:56.565736+00:00,measured,3,26,29,linked_separate_token_bundle_32_depth_16,separate,token_bundle_b32_d16,commitment_linked,tx_tag,4,linked_token_bundle_budget_32_depth_16,linked_token_bundle_component,groth16,0.05897314499998174,0.3414805510001315,0.2511569460002647,0.651610642000378,806,342,True,True,ok,
20260728T123050Z_paper_groth16,2026-07-28T12:57:57.727407+00:00,measured,3,26,30,separate_valid_limit_64,separate,valid_limit_b64,baseline,unbound,1,local_financial_validity_64,local_financial_validity,groth16,0.020469622000291565,0.2967637560000185,0.25771264400009386,0.5749460220004039,806,3,True,,ok,
20260728T123050Z_paper_groth16,2026-07-28T12:57:57.727407+00:00,measured,3,26,30,separate_valid_limit_64,separate,valid_limit_b64,baseline,unbound,2,operating_limit_64,operating_limit,groth16,0.01853662199982864,0.29929123699957927,0.26775975300006394,0.5855876119994718,805,26,True,,ok,
20260728T123050Z_paper_groth16,2026-07-28T12:57:58.333582+00:00,measured,3,26,31,account_policy_core_32,monolithic,account_core_b32,baseline,shared_witness,1,account_policy_core_32,account_policy_core,groth16,0.02436008299991954,0.3104166160001114,0.2707530380002936,0.6055297370003245,808,16,True,,ok,
20260728T123050Z_paper_groth16,2026-07-28T12:57:58.923430+00:00,measured,3,26,32,local_financial_validity_64,monolithic,,,none,1,local_financial_validity_64,local_financial_validity,groth16,0.022406523000427114,0.3007025090000752,0.2661182989995723,0.5892273310000746,806,3,True,,ok,
20260728T123050Z_paper_groth16,2026-07-28T12:58:00.260383+00:00,measured,3,26,33,linked_separate_valid_limit_32,separate,valid_limit_b32,commitment_linked,tx_tag,1,linked_valid_limit_validity_32,linked_valid_limit_component,groth16,0.04433340400009911,0.3649899990000449,0.2788803150001513,0.6882037180002953,806,98,True,True,ok,
20260728T123050Z_paper_groth16,2026-07-28T12:58:00.260383+00:00,measured,3,26,33,linked_separate_valid_limit_32,separate,valid_limit_b32,commitment_linked,tx_tag,2,linked_valid_limit_limit_32,linked_valid_limit_component,groth16,0.038440712000010535,0.3320403510001597,0.27676381499986746,0.6472448780000377,807,98,True,True,ok,
20260728T123050Z_paper_groth16,2026-07-28T12:58:01.011056+00:00,measured,3,26,34,token_policy_bundle_32_depth_8,monolithic,token_bundle_b32_d8,baseline,shared_witness,1,token_policy_bundle_32_depth_8,token_policy_bundle,groth16,0.04775568199966074,0.4230718449998676,0.279168111999752,0.7499956389992803,805,261,True,,ok,
20260728T123050Z_paper_groth16,2026-07-28T12:58:01.644171+00:00,measured,3,26,35,linked_valid_limit_monolithic_32,monolithic,valid_limit_b32,commitment_linked,tx_tag,1,linked_valid_limit_monolithic_32,local_validity_and_operating_limit,groth16,0.04299361299990778,0.33936550099997476,0.2499363249999078,0.6322954389997903,806,98,True,True,ok,
20260728T123050Z_paper_groth16,2026-07-28T12:58:02.756596+00:00,measured,3,26,36,separate_valid_limit_32,separate,valid_limit_b32,baseline,unbound,1,local_financial_validity_32,local_financial_validity,groth16,0.021513292999770783,0.2835920249999617,0.24864308299993354,0.553748400999666,806,3,True,,ok,
20260728T123050Z_paper_groth16,2026-07-28T12:58:02.756596+00:00,measured,3,26,36,separate_valid_limit_32,separate,valid_limit_b32,baseline,unbound,2,operating_limit_32,operating_limit,groth16,0.018248459999995248,0.2767465520000769,0.26261065700009567,0.5576056690001678,803,16,True,,ok,
20260728T123050Z_paper_groth16,2026-07-28T12:58:03.624041+00:00,measured,3,26,37,linked_token_bundle_monolithic_32_depth_16,monolithic,token_bundle_b32_d16,commitment_linked,tx_tag,1,linked_token_bundle_monolithic_32_depth_16,token_policy_bundle,groth16,0.05939888400007476,0.5585445520000576,0.2471682260002126,0.865111662000345,805,342,True,True,ok,
20260728T123050Z_paper_groth16,2026-07-28T12:58:05.871989+00:00,measured,3,26,38,separate_account_budget_16,separate,account_budget_b16,baseline,unbound,1,local_financial_validity_16,local_financial_validity,groth16,0.01969121799993445,0.276695004999965,0.2780141329999424,0.5744003559998418,807,3,True,,ok,
20260728T123050Z_paper_groth16,2026-07-28T12:58:05.871989+00:00,measured,3,26,38,separate_account_budget_16,separate,account_budget_b16,baseline,unbound,2,state_transition_and_conservation_16,state_transition_and_conservation,groth16,0.018193168999914633,0.2892875970001114,0.24961457199970027,0.5570953379997263,806,3,True,,ok,
20260728T123050Z_paper_groth16,2026-07-28T12:58:05.871989+00:00,measured,3,26,38,separate_account_budget_16,separate,account_budget_b16,baseline,unbound,3,operating_limit_16,operating_limit,groth16,0.021730817999923602,0.28097984700025336,0.2542635100003281,0.5569741750005051,804,12,True,,ok,
20260728T123050Z_paper_groth16,2026-07-28T12:58:05.871989+00:00,measured,3,26,38,separate_account_budget_16,separate,account_budget_b16,baseline,unbound,4,privacy_budget_16,privacy_budget,groth16,0.0204606230004174,0.2706747830002314,0.26626989999977013,0.5574053060004189,805,11,True,,ok,
20260728T123050Z_paper_groth16,2026-07-28T12:58:06.412029+00:00,measured,3,26,39,local_financial_validity_32,monolithic,,,none,1,local_financial_validity_32,local_financial_validity,groth16,0.020461565000005066,0.271013991000018,0.24791916899994249,0.5393947249999655,804,3,True,,ok,
20260728T123050Z_paper_groth16,2026-07-28T12:58:06.975550+00:00,measured,3,26,40,local_financial_validity_16,monolithic,,,none,1,local_financial_validity_16,local_financial_validity,groth16,0.020925568999700772,0.28269824200015137,0.2592926269999225,0.5629164379997746,805,3,True,,ok,
20260728T123050Z_paper_groth16,2026-07-28T12:58:07.541877+00:00,measured,3,26,41,account_policy_core_16,monolithic,account_core_b16,baseline,shared_witness,1,account_policy_core_16,account_policy_core,groth16,0.02011176600035469,0.28562448399998175,0.2599939130000166,0.5657301630003531,803,12,True,,ok,
20260728T123050Z_paper_groth16,2026-07-28T12:58:08.518320+00:00,measured,3,26,42,merkle_membership_depth_32,monolithic,,,none,1,merkle_membership_depth_32,merkle_membership,groth16,0.04254802200011909,0.6684359870000662,0.264786008000101,0.9757700170002863,805,84,True,,ok,
20260728T123050Z_paper_groth16,2026-07-28T12:58:09.228966+00:00,measured,3,26,43,merkle_membership_depth_8,monolithic,,,none,1,merkle_membership_depth_8,merkle_membership,groth16,0.03907464399981109,0.41131766000034986,0.2596285760000683,0.7100208800002292,806,84,True,,ok,
20260728T123050Z_paper_groth16,2026-07-28T12:58:09.791753+00:00,measured,3,26,44,account_policy_with_privacy_budget_32,monolithic,account_budget_b32,baseline,shared_witness,1,account_policy_with_privacy_budget_32,account_policy_with_privacy_budget,groth16,0.02198614600001747,0.29959701899997526,0.240556960000049,0.5621401250000417,806,30,True,,ok,
20260728T123050Z_paper_groth16,2026-07-28T12:58:10.754472+00:00,measured,3,26,45,token_policy_bundle_32_depth_32,monolithic,token_bundle_b32_d32,baseline,shared_witness,1,token_policy_bundle_32_depth_32,token_policy_bundle,groth16,0.0472075389998281,0.672772944999906,0.24203960599970742,0.9620200899994416,807,261,True,,ok,
20260728T123050Z_paper_groth16,2026-07-28T12:58:11.327091+00:00,measured,3,26,46,local_validity_and_operating_limit_16,monolithic,valid_limit_b16,baseline,shared_witness,1,local_validity_and_operating_limit_16,local_validity_and_operating_limit,groth16,0.021241836000172043,0.3033421910004108,0.24742546600009518,0.572009493000678,803,12,True,,ok,
20260728T123050Z_paper_groth16,2026-07-28T12:58:11.937442+00:00,measured,3,27,1,privacy_budget_64,monolithic,,,none,1,privacy_budget_64,privacy_budget,groth16,0.02053268700001354,0.2983681099999558,0.2907798270002786,0.6096806240002479,808,26,True,,ok,
20260728T123050Z_paper_groth16,2026-07-28T12:58:12.573778+00:00,measured,3,27,2,account_policy_with_privacy_budget_64,monolithic,account_budget_b64,baseline,shared_witness,1,account_policy_with_privacy_budget_64,account_policy_with_privacy_budget,groth16,0.025456999999732943,0.34404533099996115,0.26615171499997814,0.6356540459996722,805,50,True,,ok,
20260728T123050Z_paper_groth16,2026-07-28T12:58:13.198141+00:00,measured,3,27,3,nullifier_correctness_poseidon,monolithic,,,none,1,nullifier_correctness_poseidon,nullifier_correctness,groth16,0.033169746000112355,0.3327870160001112,0.2576461929998004,0.6236029550000239,804,164,True,,ok,
20260728T123050Z_paper_groth16,2026-07-28T12:58:13.773950+00:00,measured,3,27,4,account_policy_core_32,monolithic,account_core_b32,baseline,shared_witness,1,account_policy_core_32,account_policy_core,groth16,0.02225171899999623,0.29285650100018756,0.26002871800028515,0.575136938000469,807,16,True,,ok,
20260728T123050Z_paper_groth16,2026-07-28T12:58:15.441355+00:00,measured,3,27,5,separate_account_core_16,separate,account_core_b16,baseline,unbound,1,local_financial_validity_16,local_financial_validity,groth16,0.021995569999944564,0.2839479700000993,0.25616377100004684,0.5621073110000907,804,3,True,,ok,
20260728T123050Z_paper_groth16,2026-07-28T12:58:15.441355+00:00,measured,3,27,5,separate_account_core_16,separate,account_core_b16,baseline,unbound,2,state_transition_and_conservation_16,state_transition_and_conservation,groth16,0.020829748999858566,0.27777133400013554,0.24843303600027866,0.5470341190002728,807,3,True,,ok,
20260728T123050Z_paper_groth16,2026-07-28T12:58:15.441355+00:00,measured,3,27,5,separate_account_core_16,separate,account_core_b16,baseline,unbound,3,operating_limit_16,operating_limit,groth16,0.01917025000011563,0.2852075519999744,0.25225975000012113,0.5566375520002111,803,12,True,,ok,
20260728T123050Z_paper_groth16,2026-07-28T12:58:16.558342+00:00,measured,3,27,6,separate_valid_limit_16,separate,valid_limit_b16,baseline,unbound,1,local_financial_validity_16,local_financial_validity,groth16,0.01966873800029134,0.27345710000008694,0.2648065729999871,0.5579324110003654,801,3,True,,ok,
20260728T123050Z_paper_groth16,2026-07-28T12:58:16.558342+00:00,measured,3,27,6,separate_valid_limit_16,separate,valid_limit_b16,baseline,unbound,2,operating_limit_16,operating_limit,groth16,0.02009138899984464,0.2770721649999359,0.2607428650003385,0.5579064190001191,803,12,True,,ok,
20260728T123050Z_paper_groth16,2026-07-28T12:58:17.129648+00:00,measured,3,27,7,operating_limit_16,monolithic,,,none,1,operating_limit_16,operating_limit,groth16,0.018555673000264505,0.28727239399995597,0.26485777900006724,0.5706858460002877,807,12,True,,ok,
20260728T123050Z_paper_groth16,2026-07-28T12:58:17.701945+00:00,measured,3,27,8,account_policy_core_16,monolithic,account_core_b16,baseline,shared_witness,1,account_policy_core_16,account_policy_core,groth16,0.02321151300020574,0.2878887499996381,0.2605970139998135,0.5716972769996573,807,12,True,,ok,
20260728T123050Z_paper_groth16,2026-07-28T12:58:19.397774+00:00,measured,3,27,9,separate_account_core_32,separate,account_core_b32,baseline,unbound,1,local_financial_validity_32,local_financial_validity,groth16,0.021740184999998746,0.28603580900016823,0.24156302199980928,0.5493390159999763,801,3,True,,ok,
20260728T123050Z_paper_groth16,2026-07-28T12:58:19.397774+00:00,measured,3,27,9,separate_account_core_32,separate,account_core_b32,baseline,unbound,2,state_transition_and_conservation_32,state_transition_and_conservation,groth16,0.018528251000134333,0.2945679919998838,0.2755323220003447,0.5886285650003629,803,3,True,,ok,
20260728T123050Z_paper_groth16,2026-07-28T12:58:19.397774+00:00,measured,3,27,9,separate_account_core_32,separate,account_core_b32,baseline,unbound,3,operating_limit_32,operating_limit,groth16,0.019783152999934828,0.2886289080001916,0.24773002600022664,0.5561420870003531,804,16,True,,ok,
20260728T123050Z_paper_groth16,2026-07-28T12:58:20.266181+00:00,measured,3,27,10,token_policy_bundle_32_depth_16,monolithic,token_bundle_b32_d16,baseline,shared_witness,1,token_policy_bundle_32_depth_16,token_policy_bundle,groth16,0.04388448300005621,0.5659831060002034,0.2578426949999084,0.867710284000168,802,260,True,,ok,
20260728T123050Z_paper_groth16,2026-07-28T12:58:20.813718+00:00,measured,3,27,11,state_transition_and_conservation_32,monolithic,,,none,1,state_transition_and_conservation_32,state_transition_and_conservation,groth16,0.022338826999657613,0.2831455269997605,0.2412758099999337,0.5467601639993518,804,3,True,,ok,
20260728T123050Z_paper_groth16,2026-07-28T12:58:21.369300+00:00,measured,3,27,12,local_validity_and_operating_limit_16,monolithic,valid_limit_b16,baseline,shared_witness,1,local_validity_and_operating_limit_16,local_validity_and_operating_limit,groth16,0.020266711999738618,0.29014185400001224,0.24453504799976145,0.5549436139995123,807,12,True,,ok,
20260728T123050Z_paper_groth16,2026-07-28T12:58:23.592150+00:00,measured,3,27,13,separate_account_budget_16,separate,account_budget_b16,baseline,unbound,1,local_financial_validity_16,local_financial_validity,groth16,0.020138937999945483,0.27582198400023117,0.26493113500009713,0.5608920570002738,805,3,True,,ok,
20260728T123050Z_paper_groth16,2026-07-28T12:58:23.592150+00:00,measured,3,27,13,separate_account_budget_16,separate,account_budget_b16,baseline,unbound,2,state_transition_and_conservation_16,state_transition_and_conservation,groth16,0.01951801399991382,0.28675683500023297,0.2479719580001074,0.5542468070002542,805,3,True,,ok,
20260728T123050Z_paper_groth16,2026-07-28T12:58:23.592150+00:00,measured,3,27,13,separate_account_budget_16,separate,account_budget_b16,baseline,unbound,3,operating_limit_16,operating_limit,groth16,0.01844864599979701,0.2726484410000012,0.24760532099980992,0.5387024079996081,806,12,True,,ok,
20260728T123050Z_paper_groth16,2026-07-28T12:58:23.592150+00:00,measured,3,27,13,separate_account_budget_16,separate,account_budget_b16,baseline,unbound,4,privacy_budget_16,privacy_budget,groth16,0.018703458000345563,0.28374274600037097,0.2644360890003554,0.566882293001072,805,11,True,,ok,
20260728T123050Z_paper_groth16,2026-07-28T12:58:24.177099+00:00,measured,3,27,14,privacy_budget_32,monolithic,,,none,1,privacy_budget_32,privacy_budget,groth16,0.019825432000288856,0.2969189609998466,0.2675536470001134,0.5842980400002489,806,16,True,,ok,
20260728T123050Z_paper_groth16,2026-07-28T12:58:24.735372+00:00,measured,3,27,15,state_transition_and_conservation_64,monolithic,,,none,1,state_transition_and_conservation_64,state_transition_and_conservation,groth16,0.02107753300015247,0.28993771199975527,0.24659879399996498,0.5576140389998727,804,3,True,,ok,
20260728T123050Z_paper_groth16,2026-07-28T12:58:25.390929+00:00,measured,3,27,16,linked_account_budget_monolithic_32,monolithic,account_budget_b32,commitment_linked,tx_tag,1,linked_account_budget_monolithic_32,account_policy_with_privacy_budget,groth16,0.058816004999698634,0.3378345559999616,0.25797916700003043,0.6546297279996907,806,111,True,True,ok,
20260728T123050Z_paper_groth16,2026-07-28T12:58:27.878280+00:00,measured,3,27,17,separate_token_bundle_32_depth_16,separate,token_bundle_b32_d16,baseline,unbound,1,merkle_membership_depth_16,merkle_membership,groth16,0.04140365700004622,0.5126493039997513,0.25220470900012515,0.8062576699999227,803,84,True,,ok,
20260728T123050Z_paper_groth16,2026-07-28T12:58:27.878280+00:00,measured,3,27,17,separate_token_bundle_32_depth_16,separate,token_bundle_b32_d16,baseline,unbound,2,nullifier_correctness_poseidon,nullifier_correctness,groth16,0.031380812999941554,0.31208551500003523,0.24218549799979883,0.5856518259997756,805,164,True,,ok,
20260728T123050Z_paper_groth16,2026-07-28T12:58:27.878280+00:00,measured,3,27,17,separate_token_bundle_32_depth_16,separate,token_bundle_b32_d16,baseline,unbound,3,local_financial_validity_32,local_financial_validity,groth16,0.020447271000193723,0.28715564899994206,0.24074622299986004,0.5483491429999958,804,3,True,,ok,
20260728T123050Z_paper_groth16,2026-07-28T12:58:27.878280+00:00,measured,3,27,17,separate_token_bundle_32_depth_16,separate,token_bundle_b32_d16,baseline,unbound,4,privacy_budget_32,privacy_budget,groth16,0.01951690799978678,0.2756171500000164,0.2495735910001713,0.5447076489999745,805,16,True,,ok,
20260728T123050Z_paper_groth16,2026-07-28T12:58:30.514974+00:00,measured,3,27,18,separate_token_bundle_32_depth_32,separate,token_bundle_b32_d32,baseline,unbound,1,merkle_membership_depth_32,merkle_membership,groth16,0.04359109300003183,0.6450507139998081,0.24432884199995897,0.9329706489997989,805,84,True,,ok,
20260728T123050Z_paper_groth16,2026-07-28T12:58:30.514974+00:00,measured,3,27,18,separate_token_bundle_32_depth_32,separate,token_bundle_b32_d32,baseline,unbound,2,nullifier_correctness_poseidon,nullifier_correctness,groth16,0.03145480700004555,0.31018069799984005,0.24936774199977663,0.5910032469996622,805,164,True,,ok,
20260728T123050Z_paper_groth16,2026-07-28T12:58:30.514974+00:00,measured,3,27,18,separate_token_bundle_32_depth_32,separate,token_bundle_b32_d32,baseline,unbound,3,local_financial_validity_32,local_financial_validity,groth16,0.02243790100010301,0.2848737329995856,0.2497400629999902,0.5570516969996788,807,3,True,,ok,
20260728T123050Z_paper_groth16,2026-07-28T12:58:30.514974+00:00,measured,3,27,18,separate_token_bundle_32_depth_32,separate,token_bundle_b32_d32,baseline,unbound,4,privacy_budget_32,privacy_budget,groth16,0.018449351000072056,0.2848557180000171,0.2501066869999704,0.5534117560000595,805,16,True,,ok,
20260728T123050Z_paper_groth16,2026-07-28T12:58:31.084352+00:00,measured,3,27,19,operating_limit_32,monolithic,,,none,1,operating_limit_32,operating_limit,groth16,0.022346484000081546,0.2778128220002145,0.2685697499996422,0.5687290559999383,806,16,True,,ok,
20260728T123050Z_paper_groth16,2026-07-28T12:58:31.636092+00:00,measured,3,27,20,privacy_budget_16,monolithic,,,none,1,privacy_budget_16,privacy_budget,groth16,0.021176813999773003,0.2861004530000173,0.24384888000031424,0.5511261470001045,807,11,True,,ok,
20260728T123050Z_paper_groth16,2026-07-28T12:58:32.209444+00:00,measured,3,27,21,account_policy_with_privacy_budget_16,monolithic,account_budget_b16,baseline,shared_witness,1,account_policy_with_privacy_budget_16,account_policy_with_privacy_budget,groth16,0.022243748000164487,0.2989592779999839,0.2515329829998336,0.572736008999982,803,21,True,,ok,
20260728T123050Z_paper_groth16,2026-07-28T12:58:33.019495+00:00,measured,3,27,22,merkle_membership_depth_16,monolithic,,,none,1,merkle_membership_depth_16,merkle_membership,groth16,0.03861522600027456,0.5194649589998335,0.25135317300009774,0.8094333580002058,805,84,True,,ok,
20260728T123050Z_paper_groth16,2026-07-28T12:58:33.575020+00:00,measured,3,27,23,state_transition_and_conservation_16,monolithic,,,none,1,state_transition_and_conservation_16,state_transition_and_conservation,groth16,0.020833203000165668,0.27547908799988363,0.25860699100030615,0.5549192820003555,806,3,True,,ok,
20260728T123050Z_paper_groth16,2026-07-28T12:58:36.388221+00:00,measured,3,27,24,linked_separate_token_bundle_32_depth_16,separate,token_bundle_b32_d16,commitment_linked,tx_tag,1,linked_token_bundle_membership_32_depth_16,linked_token_bundle_component,groth16,0.060210955000002286,0.5156947200002833,0.2489820610003335,0.824887736000619,805,342,True,True,ok,
20260728T123050Z_paper_groth16,2026-07-28T12:58:36.388221+00:00,measured,3,27,24,linked_separate_token_bundle_32_depth_16,separate,token_bundle_b32_d16,commitment_linked,tx_tag,2,linked_token_bundle_nullifier_32_depth_16,linked_token_bundle_component,groth16,0.060859333999815135,0.3523521150000306,0.2758734250000998,0.6890848739999456,807,342,True,True,ok,
20260728T123050Z_paper_groth16,2026-07-28T12:58:36.388221+00:00,measured,3,27,24,linked_separate_token_bundle_32_depth_16,separate,token_bundle_b32_d16,commitment_linked,tx_tag,3,linked_token_bundle_validity_32_depth_16,linked_token_bundle_component,groth16,0.05906053199987582,0.3283410570002161,0.26495272300007855,0.6523543120001705,806,342,True,True,ok,
20260728T123050Z_paper_groth16,2026-07-28T12:58:36.388221+00:00,measured,3,27,24,linked_separate_token_bundle_32_depth_16,separate,token_bundle_b32_d16,commitment_linked,tx_tag,4,linked_token_bundle_budget_32_depth_16,linked_token_bundle_component,groth16,0.0546560729999328,0.33037732399998276,0.257270122999671,0.6423035199995866,803,342,True,True,ok,
20260728T123050Z_paper_groth16,2026-07-28T12:58:37.352848+00:00,measured,3,27,25,token_policy_bundle_32_depth_32,monolithic,token_bundle_b32_d32,baseline,shared_witness,1,token_policy_bundle_32_depth_32,token_policy_bundle,groth16,0.04700122000031115,0.6618650689997594,0.25507661499977985,0.9639429039998504,805,261,True,,ok,
20260728T123050Z_paper_groth16,2026-07-28T12:58:39.731997+00:00,measured,3,27,26,separate_token_bundle_32_depth_8,separate,token_bundle_b32_d8,baseline,unbound,1,merkle_membership_depth_8,merkle_membership,groth16,0.040124311999989004,0.38899952099973234,0.2514077890000408,0.6805316219997621,805,84,True,,ok,
20260728T123050Z_paper_groth16,2026-07-28T12:58:39.731997+00:00,measured,3,27,26,separate_token_bundle_32_depth_8,separate,token_bundle_b32_d8,baseline,unbound,2,nullifier_correctness_poseidon,nullifier_correctness,groth16,0.031364334000045346,0.3024024409996855,0.2512659250000979,0.5850326999998288,804,164,True,,ok,
20260728T123050Z_paper_groth16,2026-07-28T12:58:39.731997+00:00,measured,3,27,26,separate_token_bundle_32_depth_8,separate,token_bundle_b32_d8,baseline,unbound,3,local_financial_validity_32,local_financial_validity,groth16,0.019134000000121887,0.2833735530002741,0.2544152000000395,0.5569227530004355,804,3,True,,ok,
20260728T123050Z_paper_groth16,2026-07-28T12:58:39.731997+00:00,measured,3,27,26,separate_token_bundle_32_depth_8,separate,token_bundle_b32_d8,baseline,unbound,4,privacy_budget_32,privacy_budget,groth16,0.01816827499987994,0.2804032770000049,0.25586616700002196,0.5544377189999068,803,16,True,,ok,
20260728T123050Z_paper_groth16,2026-07-28T12:58:40.296078+00:00,measured,3,27,27,local_financial_validity_64,monolithic,,,none,1,local_financial_validity_64,local_financial_validity,groth16,0.02274414900011834,0.2928614360002939,0.24783270599982643,0.5634382910002387,800,3,True,,ok,
20260728T123050Z_paper_groth16,2026-07-28T12:58:42.566266+00:00,measured,3,27,28,separate_account_budget_32,separate,account_budget_b32,baseline,unbound,1,local_financial_validity_32,local_financial_validity,groth16,0.020140680000167777,0.2792289549997804,0.2413260880002781,0.5406957230002263,806,3,True,,ok,
20260728T123050Z_paper_groth16,2026-07-28T12:58:42.566266+00:00,measured,3,27,28,separate_account_budget_32,separate,account_budget_b32,baseline,unbound,2,state_transition_and_conservation_32,state_transition_and_conservation,groth16,0.01905182500013325,0.2791420560001825,0.24481327800003783,0.5430071590003536,806,3,True,,ok,
20260728T123050Z_paper_groth16,2026-07-28T12:58:42.566266+00:00,measured,3,27,28,separate_account_budget_32,separate,account_budget_b32,baseline,unbound,3,operating_limit_32,operating_limit,groth16,0.020968503999938548,0.28821149000032165,0.29786795900008656,0.6070479530003468,805,16,True,,ok,
20260728T123050Z_paper_groth16,2026-07-28T12:58:42.566266+00:00,measured,3,27,28,separate_account_budget_32,separate,account_budget_b32,baseline,unbound,4,privacy_budget_32,privacy_budget,groth16,0.023067024999818386,0.3023405010003444,0.25178703100027633,0.5771945570004391,805,16,True,,ok,
20260728T123050Z_paper_groth16,2026-07-28T12:58:43.667247+00:00,measured,3,27,29,separate_valid_limit_32,separate,valid_limit_b32,baseline,unbound,1,local_financial_validity_32,local_financial_validity,groth16,0.02190907200019865,0.27019796600006885,0.2534728850000647,0.5455799230003322,804,3,True,,ok,
20260728T123050Z_paper_groth16,2026-07-28T12:58:43.667247+00:00,measured,3,27,29,separate_valid_limit_32,separate,valid_limit_b32,baseline,unbound,2,operating_limit_32,operating_limit,groth16,0.018767682000088826,0.2879457349999939,0.24756825500026025,0.554281672000343,805,16,True,,ok,
20260728T123050Z_paper_groth16,2026-07-28T12:58:44.253642+00:00,measured,3,27,30,operating_limit_64,monolithic,,,none,1,operating_limit_64,operating_limit,groth16,0.021876297000289924,0.29951688700020895,0.26300562599999466,0.5843988100004935,803,26,True,,ok,
20260728T123050Z_paper_groth16,2026-07-28T12:58:45.397752+00:00,measured,3,27,31,separate_valid_limit_64,separate,valid_limit_b64,baseline,unbound,1,local_financial_validity_64,local_financial_validity,groth16,0.021639434000007896,0.28291622200003985,0.26171097399992505,0.5662666299999728,805,3,True,,ok,
20260728T123050Z_paper_groth16,2026-07-28T12:58:45.397752+00:00,measured,3,27,31,separate_valid_limit_64,separate,valid_limit_b64,baseline,unbound,2,operating_limit_64,operating_limit,groth16,0.021085831000164035,0.2883635289999802,0.2672435879999284,0.5766929480000726,806,26,True,,ok,
20260728T123050Z_paper_groth16,2026-07-28T12:58:46.030951+00:00,measured,3,27,32,linked_valid_limit_monolithic_32,monolithic,valid_limit_b32,commitment_linked,tx_tag,1,linked_valid_limit_monolithic_32,local_validity_and_operating_limit,groth16,0.0396077929999592,0.33935242300003665,0.2533931430002667,0.6323533590002626,804,98,True,True,ok,
20260728T123050Z_paper_groth16,2026-07-28T12:58:48.620511+00:00,measured,3,27,33,linked_separate_account_budget_32,separate,account_budget_b32,commitment_linked,tx_tag,1,linked_account_budget_validity_32,linked_account_budget_component,groth16,0.05946516899984999,0.331074026999886,0.24823140199987392,0.6387705979996099,806,111,True,True,ok,
20260728T123050Z_paper_groth16,2026-07-28T12:58:48.620511+00:00,measured,3,27,33,linked_separate_account_budget_32,separate,account_budget_b32,commitment_linked,tx_tag,2,linked_account_budget_transition_32,linked_account_budget_component,groth16,0.05582997300007264,0.3323412350000581,0.25752094200015563,0.6456921500002863,804,111,True,True,ok,
20260728T123050Z_paper_groth16,2026-07-28T12:58:48.620511+00:00,measured,3,27,33,linked_separate_account_budget_32,separate,account_budget_b32,commitment_linked,tx_tag,3,linked_account_budget_limit_32,linked_account_budget_component,groth16,0.05661856599999737,0.35064218299976346,0.24916740400021808,0.6564281529999789,805,111,True,True,ok,
20260728T123050Z_paper_groth16,2026-07-28T12:58:48.620511+00:00,measured,3,27,33,linked_separate_account_budget_32,separate,account_budget_b32,commitment_linked,tx_tag,4,linked_account_budget_budget_32,linked_account_budget_component,groth16,0.05605607899997267,0.334833898999932,0.2543359569999666,0.6452259349998712,805,111,True,True,ok,
20260728T123050Z_paper_groth16,2026-07-28T12:58:49.196911+00:00,measured,3,27,34,local_validity_and_operating_limit_32,monolithic,valid_limit_b32,baseline,shared_witness,1,local_validity_and_operating_limit_32,local_validity_and_operating_limit,groth16,0.021159271999749762,0.29422308999983215,0.2603749700001572,0.5757573319997391,806,16,True,,ok,
20260728T123050Z_paper_groth16,2026-07-28T12:58:50.907613+00:00,measured,3,27,35,separate_account_core_64,separate,account_core_b64,baseline,unbound,1,local_financial_validity_64,local_financial_validity,groth16,0.02044311800000287,0.2989119479998408,0.2579496419998577,0.5773047079997013,805,3,True,,ok,
20260728T123050Z_paper_groth16,2026-07-28T12:58:50.907613+00:00,measured,3,27,35,separate_account_core_64,separate,account_core_b64,baseline,unbound,2,state_transition_and_conservation_64,state_transition_and_conservation,groth16,0.01906038200013427,0.3047784799996407,0.2398644869999771,0.563703348999752,803,3,True,,ok,
20260728T123050Z_paper_groth16,2026-07-28T12:58:50.907613+00:00,measured,3,27,35,separate_account_core_64,separate,account_core_b64,baseline,unbound,3,operating_limit_64,operating_limit,groth16,0.02211767199969472,0.2947994930000277,0.25109194900005605,0.5680091139997785,807,26,True,,ok,
20260728T123050Z_paper_groth16,2026-07-28T12:58:51.657120+00:00,measured,3,27,36,token_policy_bundle_32_depth_8,monolithic,token_bundle_b32_d8,baseline,shared_witness,1,token_policy_bundle_32_depth_8,token_policy_bundle,groth16,0.04551050000009127,0.4554788069999631,0.2478719490000003,0.7488612560000547,805,261,True,,ok,
20260728T123050Z_paper_groth16,2026-07-28T12:58:53.948670+00:00,measured,3,27,37,separate_account_budget_64,separate,account_budget_b64,baseline,unbound,1,local_financial_validity_64,local_financial_validity,groth16,0.01893446500025675,0.2880960600000435,0.23839849099977073,0.545429016000071,807,3,True,,ok,
20260728T123050Z_paper_groth16,2026-07-28T12:58:53.948670+00:00,measured,3,27,37,separate_account_budget_64,separate,account_budget_b64,baseline,unbound,2,state_transition_and_conservation_64,state_transition_and_conservation,groth16,0.01982847400040555,0.29491633699990416,0.27865397100003975,0.5933987820003495,806,3,True,,ok,
20260728T123050Z_paper_groth16,2026-07-28T12:58:53.948670+00:00,measured,3,27,37,separate_account_budget_64,separate,account_budget_b64,baseline,unbound,3,operating_limit_64,operating_limit,groth16,0.022277071000189608,0.2975382710001213,0.2643015099997683,0.5841168520000792,805,26,True,,ok,
20260728T123050Z_paper_groth16,2026-07-28T12:58:53.948670+00:00,measured,3,27,37,separate_account_budget_64,separate,account_budget_b64,baseline,unbound,4,privacy_budget_64,privacy_budget,groth16,0.019414417999996658,0.2923518759998842,0.2546930319999774,0.5664593259998583,803,26,True,,ok,
20260728T123050Z_paper_groth16,2026-07-28T12:58:54.529640+00:00,measured,3,27,38,local_validity_and_operating_limit_64,monolithic,valid_limit_b64,baseline,shared_witness,1,local_validity_and_operating_limit_64,local_validity_and_operating_limit,groth16,0.025679761999981565,0.2940668800001731,0.25966393299995616,0.5794105750001108,804,26,True,,ok,
20260728T123050Z_paper_groth16,2026-07-28T12:58:55.777690+00:00,measured,3,27,39,linked_separate_valid_limit_32,separate,valid_limit_b32,commitment_linked,tx_tag,1,linked_valid_limit_validity_32,linked_valid_limit_component,groth16,0.03946205300007932,0.33343082400006097,0.2700807219998751,0.6429735990000154,804,98,True,True,ok,
20260728T123050Z_paper_groth16,2026-07-28T12:58:55.777690+00:00,measured,3,27,39,linked_separate_valid_limit_32,separate,valid_limit_b32,commitment_linked,tx_tag,2,linked_valid_limit_limit_32,linked_valid_limit_component,groth16,0.038837967999825196,0.32070463700028995,0.24376437499995518,0.6033069800000703,803,98,True,True,ok,
20260728T123050Z_paper_groth16,2026-07-28T12:58:56.488734+00:00,measured,3,27,40,merkle_membership_depth_8,monolithic,,,none,1,merkle_membership_depth_8,merkle_membership,groth16,0.03996318200006499,0.4277745130002586,0.2426819710003656,0.7104196660006892,803,84,True,,ok,
20260728T123050Z_paper_groth16,2026-07-28T12:58:57.066947+00:00,measured,3,27,41,account_policy_core_64,monolithic,account_core_b64,baseline,shared_witness,1,account_policy_core_64,account_policy_core,groth16,0.020648487000016758,0.3057700500003193,0.25117758299984416,0.5775961200001802,803,26,True,,ok,
20260728T123050Z_paper_groth16,2026-07-28T12:58:58.037181+00:00,measured,3,27,42,merkle_membership_depth_32,monolithic,,,none,1,merkle_membership_depth_32,merkle_membership,groth16,0.04225652300010552,0.6747305639996739,0.25255226500030403,0.9695393520000835,805,84,True,,ok,
20260728T123050Z_paper_groth16,2026-07-28T12:58:58.617082+00:00,measured,3,27,43,account_policy_with_privacy_budget_32,monolithic,account_budget_b32,baseline,shared_witness,1,account_policy_with_privacy_budget_32,account_policy_with_privacy_budget,groth16,0.019820594000066194,0.2958806710003046,0.26359051999997973,0.5792917850003505,806,30,True,,ok,
20260728T123050Z_paper_groth16,2026-07-28T12:58:59.179774+00:00,measured,3,27,44,local_financial_validity_32,monolithic,,,none,1,local_financial_validity_32,local_financial_validity,groth16,0.020085153999843897,0.2919548780000696,0.2500269799998023,0.5620670119997158,804,3,True,,ok,
20260728T123050Z_paper_groth16,2026-07-28T12:59:00.059383+00:00,measured,3,27,45,linked_token_bundle_monolithic_32_depth_16,monolithic,token_bundle_b32_d16,commitment_linked,tx_tag,1,linked_token_bundle_monolithic_32_depth_16,token_policy_bundle,groth16,0.059983871999975236,0.5462120960000902,0.27097425100009787,0.8771702190001633,803,342,True,True,ok,
20260728T123050Z_paper_groth16,2026-07-28T12:59:00.612787+00:00,measured,3,27,46,local_financial_validity_16,monolithic,,,none,1,local_financial_validity_16,local_financial_validity,groth16,0.023183630999938032,0.2732897549999507,0.25635295300025973,0.5528263390001484,806,3,True,,ok,
20260728T123050Z_paper_groth16,2026-07-28T12:59:01.193322+00:00,measured,3,28,1,account_policy_with_privacy_budget_16,monolithic,account_budget_b16,baseline,shared_witness,1,account_policy_with_privacy_budget_16,account_policy_with_privacy_budget,groth16,0.01979186500011565,0.2978951610002696,0.26217971899995973,0.579866745000345,809,21,True,,ok,
20260728T123050Z_paper_groth16,2026-07-28T12:59:01.762922+00:00,measured,3,28,2,local_validity_and_operating_limit_32,monolithic,valid_limit_b32,baseline,shared_witness,1,local_validity_and_operating_limit_32,local_validity_and_operating_limit,groth16,0.021323622000181786,0.2860067380001965,0.2616632449999088,0.5689936050002871,805,16,True,,ok,
20260728T123050Z_paper_groth16,2026-07-28T12:59:03.427154+00:00,measured,3,28,3,separate_account_core_16,separate,account_core_b16,baseline,unbound,1,local_financial_validity_16,local_financial_validity,groth16,0.02164797900013582,0.3006992759997047,0.24583011599997917,0.5681773709998197,805,3,True,,ok,
20260728T123050Z_paper_groth16,2026-07-28T12:59:03.427154+00:00,measured,3,28,3,separate_account_core_16,separate,account_core_b16,baseline,unbound,2,state_transition_and_conservation_16,state_transition_and_conservation,groth16,0.018546544999935577,0.2781216289999975,0.24256937799964362,0.5392375519995767,808,3,True,,ok,
20260728T123050Z_paper_groth16,2026-07-28T12:59:03.427154+00:00,measured,3,28,3,separate_account_core_16,separate,account_core_b16,baseline,unbound,3,operating_limit_16,operating_limit,groth16,0.019831528999930015,0.284761367000101,0.25034644799961825,0.5549393439996493,803,12,True,,ok,
20260728T123050Z_paper_groth16,2026-07-28T12:59:04.544701+00:00,measured,3,28,4,separate_valid_limit_32,separate,valid_limit_b32,baseline,unbound,1,local_financial_validity_32,local_financial_validity,groth16,0.02069693700013886,0.2811916610003209,0.23861920299987105,0.5405078010003308,805,3,True,,ok,
20260728T123050Z_paper_groth16,2026-07-28T12:59:04.544701+00:00,measured,3,28,4,separate_valid_limit_32,separate,valid_limit_b32,baseline,unbound,2,operating_limit_32,operating_limit,groth16,0.019889984000201366,0.29861250000021755,0.257425196999975,0.5759276810003939,804,16,True,,ok,
20260728T123050Z_paper_groth16,2026-07-28T12:59:05.698331+00:00,measured,3,28,5,separate_valid_limit_16,separate,valid_limit_b16,baseline,unbound,1,local_financial_validity_16,local_financial_validity,groth16,0.022429904000091483,0.2913047440001719,0.2625118900000416,0.576246538000305,808,3,True,,ok,
20260728T123050Z_paper_groth16,2026-07-28T12:59:05.698331+00:00,measured,3,28,5,separate_valid_limit_16,separate,valid_limit_b16,baseline,unbound,2,operating_limit_16,operating_limit,groth16,0.0219744549999632,0.29391641800020807,0.2603693559999556,0.5762602290001269,806,12,True,,ok,
20260728T123050Z_paper_groth16,2026-07-28T12:59:06.571791+00:00,measured,3,28,6,linked_token_bundle_monolithic_32_depth_16,monolithic,token_bundle_b32_d16,commitment_linked,tx_tag,1,linked_token_bundle_monolithic_32_depth_16,token_policy_bundle,groth16,0.06345664600030432,0.5356789540001046,0.27133729499973924,0.8704728950001481,803,342,True,True,ok,
20260728T123050Z_paper_groth16,2026-07-28T12:59:07.120339+00:00,measured,3,28,7,state_transition_and_conservation_64,monolithic,,,none,1,state_transition_and_conservation_64,state_transition_and_conservation,groth16,0.020374387000174465,0.28763978200004203,0.2399527490001674,0.5479669180003839,804,3,True,,ok,
20260728T123050Z_paper_groth16,2026-07-28T12:59:08.849498+00:00,measured,3,28,8,separate_account_core_64,separate,account_core_b64,baseline,unbound,1,local_financial_validity_64,local_financial_validity,groth16,0.021668784000212327,0.2945944119996966,0.2863847930002521,0.602647989000161,806,3,True,,ok,
20260728T123050Z_paper_groth16,2026-07-28T12:59:08.849498+00:00,measured,3,28,8,separate_account_core_64,separate,account_core_b64,baseline,unbound,2,state_transition_and_conservation_64,state_transition_and_conservation,groth16,0.01867544100014129,0.2889866200002871,0.2573200260003432,0.5649820870007716,803,3,True,,ok,
20260728T123050Z_paper_groth16,2026-07-28T12:59:08.849498+00:00,measured,3,28,8,separate_account_core_64,separate,account_core_b64,baseline,unbound,3,operating_limit_64,operating_limit,groth16,0.019470850999823597,0.2909545980000985,0.2494670569999471,0.5598925059998692,806,26,True,,ok,
20260728T123050Z_paper_groth16,2026-07-28T12:59:11.463473+00:00,measured,3,28,9,linked_separate_account_budget_32,separate,account_budget_b32,commitment_linked,tx_tag,1,linked_account_budget_validity_32,linked_account_budget_component,groth16,0.0580298509999011,0.33525616300039474,0.2655650770002467,0.6588510910005425,806,111,True,True,ok,
20260728T123050Z_paper_groth16,2026-07-28T12:59:11.463473+00:00,measured,3,28,9,linked_separate_account_budget_32,separate,account_budget_b32,commitment_linked,tx_tag,2,linked_account_budget_transition_32,linked_account_budget_component,groth16,0.055920291999882465,0.3362697279999338,0.2540651860003891,0.6462552060002054,804,111,True,True,ok,
20260728T123050Z_paper_groth16,2026-07-28T12:59:11.463473+00:00,measured,3,28,9,linked_separate_account_budget_32,separate,account_budget_b32,commitment_linked,tx_tag,3,linked_account_budget_limit_32,linked_account_budget_component,groth16,0.05673864899972614,0.33982876700019915,0.25466766199997437,0.6512350779998997,804,111,True,True,ok,
20260728T123050Z_paper_groth16,2026-07-28T12:59:11.463473+00:00,measured,3,28,9,linked_separate_account_budget_32,separate,account_budget_b32,commitment_linked,tx_tag,4,linked_account_budget_budget_32,linked_account_budget_component,groth16,0.05531571499977872,0.3388241730003756,0.2604525229999126,0.6545924110000669,802,111,True,True,ok,
20260728T123050Z_paper_groth16,2026-07-28T12:59:12.027545+00:00,measured,3,28,10,local_validity_and_operating_limit_16,monolithic,valid_limit_b16,baseline,shared_witness,1,local_validity_and_operating_limit_16,local_validity_and_operating_limit,groth16,0.019956438000008347,0.28500613100004557,0.258490136999626,0.5634527059996799,805,12,True,,ok,
20260728T123050Z_paper_groth16,2026-07-28T12:59:13.141836+00:00,measured,3,28,11,separate_valid_limit_64,separate,valid_limit_b64,baseline,unbound,1,local_financial_validity_64,local_financial_validity,groth16,0.018951318000290485,0.28555211499997313,0.2374665699999241,0.5419700030001877,805,3,True,,ok,
20260728T123050Z_paper_groth16,2026-07-28T12:59:13.141836+00:00,measured,3,28,11,separate_valid_limit_64,separate,valid_limit_b64,baseline,unbound,2,operating_limit_64,operating_limit,groth16,0.020857401999819558,0.29265004199987743,0.2573284199997943,0.5708358639994913,803,26,True,,ok,
20260728T123050Z_paper_groth16,2026-07-28T12:59:13.970995+00:00,measured,3,28,12,merkle_membership_depth_16,monolithic,,,none,1,merkle_membership_depth_16,merkle_membership,groth16,0.039365671000268776,0.5289183639997646,0.2598663769999803,0.8281504120000136,808,84,True,,ok,
20260728T123050Z_paper_groth16,2026-07-28T12:59:16.203239+00:00,measured,3,28,13,separate_account_budget_16,separate,account_budget_b16,baseline,unbound,1,local_financial_validity_16,local_financial_validity,groth16,0.019116168999971705,0.28434066599993457,0.24584827800026687,0.5493051130001732,804,3,True,,ok,
20260728T123050Z_paper_groth16,2026-07-28T12:59:16.203239+00:00,measured,3,28,13,separate_account_budget_16,separate,account_budget_b16,baseline,unbound,2,state_transition_and_conservation_16,state_transition_and_conservation,groth16,0.019316171999889775,0.2851487279999674,0.2489389770003072,0.5534038770001644,805,3,True,,ok,
20260728T123050Z_paper_groth16,2026-07-28T12:59:16.203239+00:00,measured,3,28,13,separate_account_budget_16,separate,account_budget_b16,baseline,unbound,3,operating_limit_16,operating_limit,groth16,0.019238378000409284,0.2971480290002546,0.25903226399987034,0.5754186710005342,801,12,True,,ok,
20260728T123050Z_paper_groth16,2026-07-28T12:59:16.203239+00:00,measured,3,28,13,separate_account_budget_16,separate,account_budget_b16,baseline,unbound,4,privacy_budget_16,privacy_budget,groth16,0.017610774999866408,0.2793616529997962,0.254952454999966,0.5519248829996286,806,11,True,,ok,
20260728T123050Z_paper_groth16,2026-07-28T12:59:16.794560+00:00,measured,3,28,14,operating_limit_32,monolithic,,,none,1,operating_limit_32,operating_limit,groth16,0.020256296999832557,0.3006205020001289,0.2697991469999579,0.5906759459999193,801,16,True,,ok,
20260728T123050Z_paper_groth16,2026-07-28T12:59:17.357688+00:00,measured,3,28,15,operating_limit_16,monolithic,,,none,1,operating_limit_16,operating_limit,groth16,0.02147113699993497,0.282878256999993,0.2581348359999538,0.5624842299998818,804,12,True,,ok,
20260728T123050Z_paper_groth16,2026-07-28T12:59:19.045995+00:00,measured,3,28,16,separate_account_core_32,separate,account_core_b32,baseline,unbound,1,local_financial_validity_32,local_financial_validity,groth16,0.020332289999714703,0.28688728399993124,0.2560083409998697,0.5632279149995156,805,3,True,,ok,
20260728T123050Z_paper_groth16,2026-07-28T12:59:19.045995+00:00,measured,3,28,16,separate_account_core_32,separate,account_core_b32,baseline,unbound,2,state_transition_and_conservation_32,state_transition_and_conservation,groth16,0.019389749999845662,0.2891453439997349,0.24728436100031104,0.5558194549998916,803,3,True,,ok,
20260728T123050Z_paper_groth16,2026-07-28T12:59:19.045995+00:00,measured,3,28,16,separate_account_core_32,separate,account_core_b32,baseline,unbound,3,operating_limit_32,operating_limit,groth16,0.019365237999863893,0.29516038900010244,0.2530245850002757,0.567550212000242,806,16,True,,ok,
20260728T123050Z_paper_groth16,2026-07-28T12:59:19.606805+00:00,measured,3,28,17,local_financial_validity_32,monolithic,,,none,1,local_financial_validity_32,local_financial_validity,groth16,0.022370120999767096,0.27981585199995607,0.25799667799992676,0.5601826509996499,806,3,True,,ok,
20260728T123050Z_paper_groth16,2026-07-28T12:59:20.846623+00:00,measured,3,28,18,linked_separate_valid_limit_32,separate,valid_limit_b32,commitment_linked,tx_tag,1,linked_valid_limit_validity_32,linked_valid_limit_component,groth16,0.038957519000177854,0.31945298999971783,0.26076806299988675,0.6191785719997824,801,98,True,True,ok,
20260728T123050Z_paper_groth16,2026-07-28T12:59:20.846623+00:00,measured,3,28,18,linked_separate_valid_limit_32,separate,valid_limit_b32,commitment_linked,tx_tag,2,linked_valid_limit_limit_32,linked_valid_limit_component,groth16,0.03776887499998338,0.33056454899997334,0.2508229400000346,0.6191563639999913,805,98,True,True,ok,
20260728T123050Z_paper_groth16,2026-07-28T12:59:21.413025+00:00,measured,3,28,19,local_financial_validity_64,monolithic,,,none,1,local_financial_validity_64,local_financial_validity,groth16,0.02206831900002726,0.29078909500003647,0.25294353100025546,0.5658009450003192,807,3,True,,ok,
20260728T123050Z_paper_groth16,2026-07-28T12:59:23.884576+00:00,measured,3,28,20,separate_token_bundle_32_depth_8,separate,token_bundle_b32_d8,baseline,unbound,1,merkle_membership_depth_8,merkle_membership,groth16,0.039939268000125594,0.4374482220000573,0.25352715100007117,0.730914641000254,805,84,True,,ok,
20260728T123050Z_paper_groth16,2026-07-28T12:59:23.884576+00:00,measured,3,28,20,separate_token_bundle_32_depth_8,separate,token_bundle_b32_d8,baseline,unbound,2,nullifier_correctness_poseidon,nullifier_correctness,groth16,0.03347632300028636,0.3181909659997473,0.2625557280002795,0.6142230170003131,807,164,True,,ok,
20260728T123050Z_paper_groth16,2026-07-28T12:59:23.884576+00:00,measured,3,28,20,separate_token_bundle_32_depth_8,separate,token_bundle_b32_d8,baseline,unbound,3,local_financial_validity_32,local_financial_validity,groth16,0.0194397420000314,0.2778199519998452,0.2585160849998829,0.5557757789997595,807,3,True,,ok,
20260728T123050Z_paper_groth16,2026-07-28T12:59:23.884576+00:00,measured,3,28,20,separate_token_bundle_32_depth_8,separate,token_bundle_b32_d8,baseline,unbound,4,privacy_budget_32,privacy_budget,groth16,0.01847377099966252,0.28877809499999785,0.2610041539996928,0.5682560199993532,806,16,True,,ok,
20260728T123050Z_paper_groth16,2026-07-28T12:59:26.439167+00:00,measured,3,28,21,separate_token_bundle_32_depth_16,separate,token_bundle_b32_d16,baseline,unbound,1,merkle_membership_depth_16,merkle_membership,groth16,0.04168236099985734,0.5428986970000551,0.25727901800019026,0.8418600760001027,807,84,True,,ok,
20260728T123050Z_paper_groth16,2026-07-28T12:59:26.439167+00:00,measured,3,28,21,separate_token_bundle_32_depth_16,separate,token_bundle_b32_d16,baseline,unbound,2,nullifier_correctness_poseidon,nullifier_correctness,groth16,0.03225213499990787,0.30973769399997764,0.25551468799994836,0.5975045169998339,804,164,True,,ok,
20260728T123050Z_paper_groth16,2026-07-28T12:59:26.439167+00:00,measured,3,28,21,separate_token_bundle_32_depth_16,separate,token_bundle_b32_d16,baseline,unbound,3,local_financial_validity_32,local_financial_validity,groth16,0.018387822000022425,0.2808911420002005,0.24647686300022542,0.5457558270004483,807,3,True,,ok,
20260728T123050Z_paper_groth16,2026-07-28T12:59:26.439167+00:00,measured,3,28,21,separate_token_bundle_32_depth_16,separate,token_bundle_b32_d16,baseline,unbound,4,privacy_budget_32,privacy_budget,groth16,0.01934783000024254,0.2872593480001342,0.2606610709999586,0.5672682490003353,805,16,True,,ok,
20260728T123050Z_paper_groth16,2026-07-28T12:59:28.705649+00:00,measured,3,28,22,separate_account_budget_64,separate,account_budget_b64,baseline,unbound,1,local_financial_validity_64,local_financial_validity,groth16,0.02086124400011613,0.30037463300004674,0.2625279210001281,0.583763798000291,807,3,True,,ok,
20260728T123050Z_paper_groth16,2026-07-28T12:59:28.705649+00:00,measured,3,28,22,separate_account_budget_64,separate,account_budget_b64,baseline,unbound,2,state_transition_and_conservation_64,state_transition_and_conservation,groth16,0.02144731899988983,0.28601138200019705,0.24453999399975146,0.5519986949998383,806,3,True,,ok,
20260728T123050Z_paper_groth16,2026-07-28T12:59:28.705649+00:00,measured,3,28,22,separate_account_budget_64,separate,account_budget_b64,baseline,unbound,3,operating_limit_64,operating_limit,groth16,0.020769778000158112,0.28635704199996326,0.2500804490000519,0.5572072690001733,804,26,True,,ok,
20260728T123050Z_paper_groth16,2026-07-28T12:59:28.705649+00:00,measured,3,28,22,separate_account_budget_64,separate,account_budget_b64,baseline,unbound,4,privacy_budget_64,privacy_budget,groth16,0.019923661000120774,0.29568028599987883,0.2557642900001156,0.5713682370001152,805,26,True,,ok,
20260728T123050Z_paper_groth16,2026-07-28T12:59:31.386247+00:00,measured,3,28,23,separate_token_bundle_32_depth_32,separate,token_bundle_b32_d32,baseline,unbound,1,merkle_membership_depth_32,merkle_membership,groth16,0.04229512899973997,0.6784655940000448,0.253969761999997,0.9747304849997818,807,84,True,,ok,
20260728T123050Z_paper_groth16,2026-07-28T12:59:31.386247+00:00,measured,3,28,23,separate_token_bundle_32_depth_32,separate,token_bundle_b32_d32,baseline,unbound,2,nullifier_correctness_poseidon,nullifier_correctness,groth16,0.03089536900006351,0.3014174899999489,0.2500865740003064,0.5823994330003188,803,164,True,,ok,
20260728T123050Z_paper_groth16,2026-07-28T12:59:31.386247+00:00,measured,3,28,23,separate_token_bundle_32_depth_32,separate,token_bundle_b32_d32,baseline,unbound,3,local_financial_validity_32,local_financial_validity,groth16,0.01982779699983439,0.2694494829997893,0.24765229300010105,0.5369295729997248,804,3,True,,ok,
20260728T123050Z_paper_groth16,2026-07-28T12:59:31.386247+00:00,measured,3,28,23,separate_token_bundle_32_depth_32,separate,token_bundle_b32_d32,baseline,unbound,4,privacy_budget_32,privacy_budget,groth16,0.020987992999835114,0.2857106980000026,0.27729544900012115,0.5839941399999589,804,16,True,,ok,
20260728T123050Z_paper_groth16,2026-07-28T12:59:31.962082+00:00,measured,3,28,24,privacy_budget_64,monolithic,,,none,1,privacy_budget_64,privacy_budget,groth16,0.021302786999967793,0.295978032000221,0.25790032099985183,0.5751811400000406,804,26,True,,ok,
20260728T123050Z_paper_groth16,2026-07-28T12:59:32.555759+00:00,measured,3,28,25,state_transition_and_conservation_32,monolithic,,,none,1,state_transition_and_conservation_32,state_transition_and_conservation,groth16,0.023176373999831412,0.2940508339997905,0.2758347640001375,0.5930619719997594,805,3,True,,ok,
20260728T123050Z_paper_groth16,2026-07-28T12:59:33.507043+00:00,measured,3,28,26,merkle_membership_depth_32,monolithic,,,none,1,merkle_membership_depth_32,merkle_membership,groth16,0.039372183999603294,0.6664498099999037,0.24477997299982235,0.9506019669993293,806,84,True,,ok,
20260728T123050Z_paper_groth16,2026-07-28T12:59:34.074071+00:00,measured,3,28,27,operating_limit_64,monolithic,,,none,1,operating_limit_64,operating_limit,groth16,0.02045009499988737,0.29198413100039033,0.2539646069999435,0.5663988330002212,804,26,True,,ok,
20260728T123050Z_paper_groth16,2026-07-28T12:59:34.884598+00:00,measured,3,28,28,token_policy_bundle_32_depth_16,monolithic,token_bundle_b32_d16,baseline,shared_witness,1,token_policy_bundle_32_depth_16,token_policy_bundle,groth16,0.04507391600009214,0.5122845040000357,0.252541378999922,0.8098997990000498,805,260,True,,ok,
20260728T123050Z_paper_groth16,2026-07-28T12:59:35.592577+00:00,measured,3,28,29,token_policy_bundle_32_depth_8,monolithic,token_bundle_b32_d8,baseline,shared_witness,1,token_policy_bundle_32_depth_8,token_policy_bundle,groth16,0.04239288000007946,0.4106664880000608,0.2543109559996992,0.7073703239998395,805,261,True,,ok,
20260728T123050Z_paper_groth16,2026-07-28T12:59:37.784720+00:00,measured,3,28,30,separate_account_budget_32,separate,account_budget_b32,baseline,unbound,1,local_financial_validity_32,local_financial_validity,groth16,0.020008039999993343,0.2877327060000425,0.24236809700005324,0.5501088430000891,807,3,True,,ok,
20260728T123050Z_paper_groth16,2026-07-28T12:59:37.784720+00:00,measured,3,28,30,separate_account_budget_32,separate,account_budget_b32,baseline,unbound,2,state_transition_and_conservation_32,state_transition_and_conservation,groth16,0.020414917999914906,0.28199067900004593,0.24267930199994225,0.5450848989999031,804,3,True,,ok,
20260728T123050Z_paper_groth16,2026-07-28T12:59:37.784720+00:00,measured,3,28,30,separate_account_budget_32,separate,account_budget_b32,baseline,unbound,3,operating_limit_32,operating_limit,groth16,0.018947616999867023,0.2810192229999302,0.24493962299993655,0.5449064629997338,803,16,True,,ok,
20260728T123050Z_paper_groth16,2026-07-28T12:59:37.784720+00:00,measured,3,28,30,separate_account_budget_32,separate,account_budget_b32,baseline,unbound,4,privacy_budget_32,privacy_budget,groth16,0.018435331000091537,0.28173598199964545,0.24982803200009585,0.5499993449998328,806,16,True,,ok,
20260728T123050Z_paper_groth16,2026-07-28T12:59:38.351752+00:00,measured,3,28,31,account_policy_with_privacy_budget_32,monolithic,account_budget_b32,baseline,shared_witness,1,account_policy_with_privacy_budget_32,account_policy_with_privacy_budget,groth16,0.0210722279998663,0.30246848499973567,0.24280974699968283,0.5663504599992848,804,30,True,,ok,
20260728T123050Z_paper_groth16,2026-07-28T12:59:38.949830+00:00,measured,3,28,32,nullifier_correctness_poseidon,monolithic,,,none,1,nullifier_correctness_poseidon,nullifier_correctness,groth16,0.034425955999722646,0.30850724099991567,0.25454362499976924,0.5974768219994075,803,164,True,,ok,
20260728T123050Z_paper_groth16,2026-07-28T12:59:39.512440+00:00,measured,3,28,33,privacy_budget_16,monolithic,,,none,1,privacy_budget_16,privacy_budget,groth16,0.01989685099988492,0.28767734299981385,0.2544285479998507,0.5620027419995495,802,11,True,,ok,
20260728T123050Z_paper_groth16,2026-07-28T12:59:40.124560+00:00,measured,3,28,34,account_policy_core_64,monolithic,account_core_b64,baseline,shared_witness,1,account_policy_core_64,account_policy_core,groth16,0.022396116999971127,0.3111900690000766,0.2779430569999022,0.6115292429999499,802,26,True,,ok,
20260728T123050Z_paper_groth16,2026-07-28T12:59:40.689031+00:00,measured,3,28,35,privacy_budget_32,monolithic,,,none,1,privacy_budget_32,privacy_budget,groth16,0.02027614899998298,0.2982087440000214,0.24538378700026442,0.5638686800002688,803,16,True,,ok,
20260728T123050Z_paper_groth16,2026-07-28T12:59:41.241744+00:00,measured,3,28,36,account_policy_core_16,monolithic,account_core_b16,baseline,shared_witness,1,account_policy_core_16,account_policy_core,groth16,0.020639286000005086,0.28297806499995204,0.2484553809999852,0.5520727319999423,807,12,True,,ok,
20260728T123050Z_paper_groth16,2026-07-28T12:59:42.229922+00:00,measured,3,28,37,token_policy_bundle_32_depth_32,monolithic,token_bundle_b32_d32,baseline,shared_witness,1,token_policy_bundle_32_depth_32,token_policy_bundle,groth16,0.04677086599986069,0.6804180829999495,0.26032157300005565,0.9875105219998659,805,261,True,,ok,
20260728T123050Z_paper_groth16,2026-07-28T12:59:42.781726+00:00,measured,3,28,38,local_financial_validity_16,monolithic,,,none,1,local_financial_validity_16,local_financial_validity,groth16,0.02056687599997531,0.27978079700005765,0.2508571309999752,0.5512048040000082,806,3,True,,ok,
20260728T123050Z_paper_groth16,2026-07-28T12:59:45.582858+00:00,measured,3,28,39,linked_separate_token_bundle_32_depth_16,separate,token_bundle_b32_d16,commitment_linked,tx_tag,1,linked_token_bundle_membership_32_depth_16,linked_token_bundle_component,groth16,0.05807176700000127,0.5090674429998217,0.260168485000122,0.8273076949999449,806,342,True,True,ok,
20260728T123050Z_paper_groth16,2026-07-28T12:59:45.582858+00:00,measured,3,28,39,linked_separate_token_bundle_32_depth_16,separate,token_bundle_b32_d16,commitment_linked,tx_tag,2,linked_token_bundle_nullifier_32_depth_16,linked_token_bundle_component,groth16,0.05621006799992756,0.3408221200002117,0.2672192360000736,0.6642514240002129,801,342,True,True,ok,
20260728T123050Z_paper_groth16,2026-07-28T12:59:45.582858+00:00,measured,3,28,39,linked_separate_token_bundle_32_depth_16,separate,token_bundle_b32_d16,commitment_linked,tx_tag,3,linked_token_bundle_validity_32_depth_16,linked_token_bundle_component,groth16,0.05648862099997132,0.3331419320002169,0.2584820160000163,0.6481125690002045,808,342,True,True,ok,
20260728T123050Z_paper_groth16,2026-07-28T12:59:45.582858+00:00,measured,3,28,39,linked_separate_token_bundle_32_depth_16,separate,token_bundle_b32_d16,commitment_linked,tx_tag,4,linked_token_bundle_budget_32_depth_16,linked_token_bundle_component,groth16,0.05692096099983246,0.3370966679999583,0.25433548899991365,0.6483531179997044,806,342,True,True,ok,
20260728T123050Z_paper_groth16,2026-07-28T12:59:46.198719+00:00,measured,3,28,40,linked_valid_limit_monolithic_32,monolithic,valid_limit_b32,commitment_linked,tx_tag,1,linked_valid_limit_monolithic_32,local_validity_and_operating_limit,groth16,0.03974092200041923,0.3291035159995772,0.24616479399992386,0.6150092319999203,808,98,True,True,ok,
20260728T123050Z_paper_groth16,2026-07-28T12:59:46.881556+00:00,measured,3,28,41,linked_account_budget_monolithic_32,monolithic,account_budget_b32,commitment_linked,tx_tag,1,linked_account_budget_monolithic_32,account_policy_with_privacy_budget,groth16,0.05892707099974359,0.34827920499992615,0.27469434900012857,0.6819006249997983,805,111,True,True,ok,
20260728T123050Z_paper_groth16,2026-07-28T12:59:47.601570+00:00,measured,3,28,42,merkle_membership_depth_8,monolithic,,,none,1,merkle_membership_depth_8,merkle_membership,groth16,0.04158035899990864,0.4220005439997294,0.2558222359998581,0.7194031389994962,805,84,True,,ok,
20260728T123050Z_paper_groth16,2026-07-28T12:59:48.193482+00:00,measured,3,28,43,account_policy_with_privacy_budget_64,monolithic,account_budget_b64,baseline,shared_witness,1,account_policy_with_privacy_budget_64,account_policy_with_privacy_budget,groth16,0.02258265399996162,0.30267519000017273,0.2657036049999988,0.5909614490001331,807,50,True,,ok,
20260728T123050Z_paper_groth16,2026-07-28T12:59:48.762922+00:00,measured,3,28,44,local_validity_and_operating_limit_64,monolithic,valid_limit_b64,baseline,shared_witness,1,local_validity_and_operating_limit_64,local_validity_and_operating_limit,groth16,0.021584235999853263,0.29226021399972524,0.25461732799976744,0.5684617779993459,803,26,True,,ok,
20260728T123050Z_paper_groth16,2026-07-28T12:59:49.316814+00:00,measured,3,28,45,state_transition_and_conservation_16,monolithic,,,none,1,state_transition_and_conservation_16,state_transition_and_conservation,groth16,0.021077059999697667,0.28077566999991177,0.25143445599996994,0.5532871859995794,807,3,True,,ok,
20260728T123050Z_paper_groth16,2026-07-28T12:59:49.894237+00:00,measured,3,28,46,account_policy_core_32,monolithic,account_core_b32,baseline,shared_witness,1,account_policy_core_32,account_policy_core,groth16,0.021740729000157444,0.3012853999998697,0.2537532100000135,0.5767793390000406,807,16,True,,ok,
20260728T123050Z_paper_groth16,2026-07-28T12:59:50.474359+00:00,measured,3,29,1,state_transition_and_conservation_64,monolithic,,,none,1,state_transition_and_conservation_64,state_transition_and_conservation,groth16,0.022261375000198314,0.28883404799989876,0.2684138599997823,0.5795092829998794,805,3,True,,ok,
20260728T123050Z_paper_groth16,2026-07-28T12:59:51.039526+00:00,measured,3,29,2,operating_limit_16,monolithic,,,none,1,operating_limit_16,operating_limit,groth16,0.020307057999616518,0.2894422939998549,0.254814247000013,0.5645635989994844,805,12,True,,ok,
20260728T123050Z_paper_groth16,2026-07-28T12:59:53.294940+00:00,measured,3,29,3,separate_account_budget_64,separate,account_budget_b64,baseline,unbound,1,local_financial_validity_64,local_financial_validity,groth16,0.022470194999641535,0.28287296600001355,0.24474150600008215,0.5500846669997372,805,3,True,,ok,
20260728T123050Z_paper_groth16,2026-07-28T12:59:53.294940+00:00,measured,3,29,3,separate_account_budget_64,separate,account_budget_b64,baseline,unbound,2,state_transition_and_conservation_64,state_transition_and_conservation,groth16,0.020059360999766795,0.30557076000013694,0.24534717400001682,0.5709772949999206,804,3,True,,ok,
20260728T123050Z_paper_groth16,2026-07-28T12:59:53.294940+00:00,measured,3,29,3,separate_account_budget_64,separate,account_budget_b64,baseline,unbound,3,operating_limit_64,operating_limit,groth16,0.020375961999889114,0.28531310100015617,0.2512634720001188,0.5569525350001641,804,26,True,,ok,
20260728T123050Z_paper_groth16,2026-07-28T12:59:53.294940+00:00,measured,3,29,3,separate_account_budget_64,separate,account_budget_b64,baseline,unbound,4,privacy_budget_64,privacy_budget,groth16,0.018806323999797314,0.3011915389997739,0.25512365100030365,0.5751215139998749,806,26,True,,ok,
20260728T123050Z_paper_groth16,2026-07-28T12:59:53.893155+00:00,measured,3,29,4,local_validity_and_operating_limit_32,monolithic,valid_limit_b32,baseline,shared_witness,1,local_validity_and_operating_limit_32,local_validity_and_operating_limit,groth16,0.01948509199974069,0.29084546700005376,0.28711565300000075,0.5974462119997952,805,16,True,,ok,
20260728T123050Z_paper_groth16,2026-07-28T12:59:56.666300+00:00,measured,3,29,5,linked_separate_token_bundle_32_depth_16,separate,token_bundle_b32_d16,commitment_linked,tx_tag,1,linked_token_bundle_membership_32_depth_16,linked_token_bundle_component,groth16,0.06475583700012066,0.5155072130000917,0.24837004199980584,0.8286330920000182,804,342,True,True,ok,
20260728T123050Z_paper_groth16,2026-07-28T12:59:56.666300+00:00,measured,3,29,5,linked_separate_token_bundle_32_depth_16,separate,token_bundle_b32_d16,commitment_linked,tx_tag,2,linked_token_bundle_nullifier_32_depth_16,linked_token_bundle_component,groth16,0.05634991699980674,0.33367489300007946,0.2576981419997537,0.6477229519996399,804,342,True,True,ok,
20260728T123050Z_paper_groth16,2026-07-28T12:59:56.666300+00:00,measured,3,29,5,linked_separate_token_bundle_32_depth_16,separate,token_bundle_b32_d16,commitment_linked,tx_tag,3,linked_token_bundle_validity_32_depth_16,linked_token_bundle_component,groth16,0.05774652699983562,0.33909304700000575,0.2533682419998513,0.6502078159996927,803,342,True,True,ok,
20260728T123050Z_paper_groth16,2026-07-28T12:59:56.666300+00:00,measured,3,29,5,linked_separate_token_bundle_32_depth_16,separate,token_bundle_b32_d16,commitment_linked,tx_tag,4,linked_token_bundle_budget_32_depth_16,linked_token_bundle_component,groth16,0.057560197000384505,0.32549633300004643,0.25903505799988125,0.6420915880003122,806,342,True,True,ok,
20260728T123050Z_paper_groth16,2026-07-28T12:59:57.356441+00:00,measured,3,29,6,merkle_membership_depth_8,monolithic,,,none,1,merkle_membership_depth_8,merkle_membership,groth16,0.04086880500017287,0.39081229000021267,0.257832523000161,0.6895136180005466,804,84,True,,ok,
20260728T123050Z_paper_groth16,2026-07-28T12:59:57.919828+00:00,measured,3,29,7,account_policy_core_64,monolithic,account_core_b64,baseline,shared_witness,1,account_policy_core_64,account_policy_core,groth16,0.020152799999777926,0.29297720700014906,0.249553797000317,0.562683804000244,804,26,True,,ok,
20260728T123050Z_paper_groth16,2026-07-28T12:59:58.468367+00:00,measured,3,29,8,state_transition_and_conservation_32,monolithic,,,none,1,state_transition_and_conservation_32,state_transition_and_conservation,groth16,0.019809859999895707,0.2908012850002706,0.23732327299967437,0.5479344179998407,804,3,True,,ok,
20260728T123050Z_paper_groth16,2026-07-28T12:59:59.043965+00:00,measured,3,29,9,privacy_budget_64,monolithic,,,none,1,privacy_budget_64,privacy_budget,groth16,0.0210121939999226,0.2920309979999729,0.26195514599976377,0.5749983379996593,803,26,True,,ok,
20260728T123050Z_paper_groth16,2026-07-28T12:59:59.890922+00:00,measured,3,29,10,token_policy_bundle_32_depth_16,monolithic,token_bundle_b32_d16,baseline,shared_witness,1,token_policy_bundle_32_depth_16,token_policy_bundle,groth16,0.04492541000035999,0.5389307939999526,0.26245724000000337,0.8463134440003159,805,260,True,,ok,
20260728T123050Z_paper_groth16,2026-07-28T13:00:00.442901+00:00,measured,3,29,11,account_policy_core_16,monolithic,account_core_b16,baseline,shared_witness,1,account_policy_core_16,account_policy_core,groth16,0.018537266999828717,0.2856886330000634,0.24714134200030458,0.5513672420001967,808,12,True,,ok,
20260728T123050Z_paper_groth16,2026-07-28T13:00:03.097718+00:00,measured,3,29,12,separate_token_bundle_32_depth_32,separate,token_bundle_b32_d32,baseline,unbound,1,merkle_membership_depth_32,merkle_membership,groth16,0.03943660499999169,0.6392748299999766,0.24603190100015127,0.9247433360001196,809,84,True,,ok,
20260728T123050Z_paper_groth16,2026-07-28T13:00:03.097718+00:00,measured,3,29,12,separate_token_bundle_32_depth_32,separate,token_bundle_b32_d32,baseline,unbound,2,nullifier_correctness_poseidon,nullifier_correctness,groth16,0.03027750699993703,0.3091852789998484,0.26824178700007906,0.6077045729998645,802,164,True,,ok,
20260728T123050Z_paper_groth16,2026-07-28T13:00:03.097718+00:00,measured,3,29,12,separate_token_bundle_32_depth_32,separate,token_bundle_b32_d32,baseline,unbound,3,local_financial_validity_32,local_financial_validity,groth16,0.019708519999767304,0.2864115679999486,0.2540644640002938,0.5601845520000097,806,3,True,,ok,
20260728T123050Z_paper_groth16,2026-07-28T13:00:03.097718+00:00,measured,3,29,12,separate_token_bundle_32_depth_32,separate,token_bundle_b32_d32,baseline,unbound,4,privacy_budget_32,privacy_budget,groth16,0.018504565000057482,0.2818699770000421,0.2596750999996402,0.5600496419997398,803,16,True,,ok,
20260728T123050Z_paper_groth16,2026-07-28T13:00:05.327557+00:00,measured,3,29,13,separate_account_budget_16,separate,account_budget_b16,baseline,unbound,1,local_financial_validity_16,local_financial_validity,groth16,0.021908741000061127,0.2730506139996578,0.24180283699979555,0.5367621919995145,805,3,True,,ok,
20260728T123050Z_paper_groth16,2026-07-28T13:00:05.327557+00:00,measured,3,29,13,separate_account_budget_16,separate,account_budget_b16,baseline,unbound,2,state_transition_and_conservation_16,state_transition_and_conservation,groth16,0.019942474999879778,0.289822211000228,0.2584740989996135,0.5682387849997212,803,3,True,,ok,
20260728T123050Z_paper_groth16,2026-07-28T13:00:05.327557+00:00,measured,3,29,13,separate_account_budget_16,separate,account_budget_b16,baseline,unbound,3,operating_limit_16,operating_limit,groth16,0.019749465999666427,0.28947009200010143,0.2572201440002573,0.5664397020000251,806,12,True,,ok,
20260728T123050Z_paper_groth16,2026-07-28T13:00:05.327557+00:00,measured,3,29,13,separate_account_budget_16,separate,account_budget_b16,baseline,unbound,4,privacy_budget_16,privacy_budget,groth16,0.02068080299977737,0.2857841379995989,0.24939770699984365,0.5558626479992199,806,11,True,,ok,
20260728T123050Z_paper_groth16,2026-07-28T13:00:06.245282+00:00,measured,3,29,14,merkle_membership_depth_32,monolithic,,,none,1,merkle_membership_depth_32,merkle_membership,groth16,0.04184983599998304,0.6340123859999949,0.24113161499963098,0.9169938369996089,807,84,True,,ok,
20260728T123050Z_paper_groth16,2026-07-28T13:00:06.992168+00:00,measured,3,29,15,merkle_membership_depth_16,monolithic,,,none,1,merkle_membership_depth_16,merkle_membership,groth16,0.04273203299999295,0.4615568680001161,0.241979850000007,0.746268751000116,806,84,True,,ok,
20260728T123050Z_paper_groth16,2026-07-28T13:00:09.374611+00:00,measured,3,29,16,separate_token_bundle_32_depth_8,separate,token_bundle_b32_d8,baseline,unbound,1,merkle_membership_depth_8,merkle_membership,groth16,0.038593740000123944,0.3844914159999462,0.2471523829999569,0.670237539000027,805,84,True,,ok,
20260728T123050Z_paper_groth16,2026-07-28T13:00:09.374611+00:00,measured,3,29,16,separate_token_bundle_32_depth_8,separate,token_bundle_b32_d8,baseline,unbound,2,nullifier_correctness_poseidon,nullifier_correctness,groth16,0.03393260500024553,0.30283685399990645,0.26506814800040956,0.6018376070005615,806,164,True,,ok,
20260728T123050Z_paper_groth16,2026-07-28T13:00:09.374611+00:00,measured,3,29,16,separate_token_bundle_32_depth_8,separate,token_bundle_b32_d8,baseline,unbound,3,local_financial_validity_32,local_financial_validity,groth16,0.0188542660002895,0.2753505089999635,0.2546737170000597,0.5488784920003127,801,3,True,,ok,
20260728T123050Z_paper_groth16,2026-07-28T13:00:09.374611+00:00,measured,3,29,16,separate_token_bundle_32_depth_8,separate,token_bundle_b32_d8,baseline,unbound,4,privacy_budget_32,privacy_budget,groth16,0.019319507000091107,0.2879505969999627,0.25211722899985034,0.5593873329999042,807,16,True,,ok,
20260728T123050Z_paper_groth16,2026-07-28T13:00:11.081332+00:00,measured,3,29,17,separate_account_core_64,separate,account_core_b64,baseline,unbound,1,local_financial_validity_64,local_financial_validity,groth16,0.021685913000055734,0.29200813600027686,0.2393750109999928,0.5530690600003254,804,3,True,,ok,
20260728T123050Z_paper_groth16,2026-07-28T13:00:11.081332+00:00,measured,3,29,17,separate_account_core_64,separate,account_core_b64,baseline,unbound,2,state_transition_and_conservation_64,state_transition_and_conservation,groth16,0.01911247199996069,0.3038485690003654,0.24279354500004047,0.5657545860003665,804,3,True,,ok,
20260728T123050Z_paper_groth16,2026-07-28T13:00:11.081332+00:00,measured,3,29,17,separate_account_core_64,separate,account_core_b64,baseline,unbound,3,operating_limit_64,operating_limit,groth16,0.019012285000371776,0.29096747999983563,0.27592623100008495,0.5859059960002924,805,26,True,,ok,
20260728T123050Z_paper_groth16,2026-07-28T13:00:11.680168+00:00,measured,3,29,18,privacy_budget_32,monolithic,,,none,1,privacy_budget_32,privacy_budget,groth16,0.02289416700023139,0.3192613659998642,0.25561516700008724,0.5977707000001828,805,16,True,,ok,
20260728T123050Z_paper_groth16,2026-07-28T13:00:12.266665+00:00,measured,3,29,19,privacy_budget_16,monolithic,,,none,1,privacy_budget_16,privacy_budget,groth16,0.022435715000028722,0.2980158410000513,0.26541098200004853,0.5858625380001286,808,11,True,,ok,
20260728T123050Z_paper_groth16,2026-07-28T13:00:13.941193+00:00,measured,3,29,20,separate_account_core_16,separate,account_core_b16,baseline,unbound,1,local_financial_validity_16,local_financial_validity,groth16,0.01861031299995375,0.28894442999990133,0.26689385700001367,0.5744485999998687,806,3,True,,ok,
20260728T123050Z_paper_groth16,2026-07-28T13:00:13.941193+00:00,measured,3,29,20,separate_account_core_16,separate,account_core_b16,baseline,unbound,2,state_transition_and_conservation_16,state_transition_and_conservation,groth16,0.021649686000273505,0.2830108299999665,0.23686830199994802,0.541528818000188,803,3,True,,ok,
20260728T123050Z_paper_groth16,2026-07-28T13:00:13.941193+00:00,measured,3,29,20,separate_account_core_16,separate,account_core_b16,baseline,unbound,3,operating_limit_16,operating_limit,groth16,0.018816632999914873,0.2814774270000271,0.25664087899986043,0.5569349389998024,806,12,True,,ok,
20260728T123050Z_paper_groth16,2026-07-28T13:00:14.507914+00:00,measured,3,29,21,operating_limit_32,monolithic,,,none,1,operating_limit_32,operating_limit,groth16,0.023680409000007785,0.2846711110000797,0.2577387699998326,0.5660902899999201,804,16,True,,ok,
20260728T123050Z_paper_groth16,2026-07-28T13:00:15.087784+00:00,measured,3,29,22,account_policy_with_privacy_budget_32,monolithic,account_budget_b32,baseline,shared_witness,1,account_policy_with_privacy_budget_32,account_policy_with_privacy_budget,groth16,0.024729581999963557,0.29928842800018174,0.25525997100021414,0.5792779810003594,803,30,True,,ok,
20260728T123050Z_paper_groth16,2026-07-28T13:00:15.690329+00:00,measured,3,29,23,nullifier_correctness_poseidon,monolithic,,,none,1,nullifier_correctness_poseidon,nullifier_correctness,groth16,0.03258211999991545,0.3074600919999284,0.2615625970001929,0.6016048090000368,807,164,True,,ok,
20260728T123050Z_paper_groth16,2026-07-28T13:00:16.261264+00:00,measured,3,29,24,local_financial_validity_16,monolithic,,,none,1,local_financial_validity_16,local_financial_validity,groth16,0.020890945000246575,0.28741847699984646,0.2617044150001675,0.5700138370002605,801,3,True,,ok,
20260728T123050Z_paper_groth16,2026-07-28T13:00:16.912164+00:00,measured,3,29,25,linked_account_budget_monolithic_32,monolithic,account_budget_b32,commitment_linked,tx_tag,1,linked_account_budget_monolithic_32,account_policy_with_privacy_budget,groth16,0.05840980100037996,0.3402052269998421,0.25137376900011077,0.6499887970003329,804,111,True,True,ok,
20260728T123050Z_paper_groth16,2026-07-28T13:00:18.018514+00:00,measured,3,29,26,separate_valid_limit_32,separate,valid_limit_b32,baseline,unbound,1,local_financial_validity_32,local_financial_validity,groth16,0.0191387280001436,0.281423612999788,0.24045232999969812,0.5410146709996297,804,3,True,,ok,
20260728T123050Z_paper_groth16,2026-07-28T13:00:18.018514+00:00,measured,3,29,26,separate_valid_limit_32,separate,valid_limit_b32,baseline,unbound,2,operating_limit_32,operating_limit,groth16,0.01858010900014051,0.2993717869999273,0.24632690799990087,0.5642788039999687,806,16,True,,ok,
20260728T123050Z_paper_groth16,2026-07-28T13:00:18.578312+00:00,measured,3,29,27,local_financial_validity_32,monolithic,,,none,1,local_financial_validity_32,local_financial_validity,groth16,0.021539144000144006,0.2816274850001719,0.2560172240000611,0.559183853000377,808,3,True,,ok,
20260728T123050Z_paper_groth16,2026-07-28T13:00:19.154212+00:00,measured,3,29,28,operating_limit_64,monolithic,,,none,1,operating_limit_64,operating_limit,groth16,0.021546520999891072,0.29128638499969384,0.2624723389999417,0.5753052449995266,805,26,True,,ok,
20260728T123050Z_paper_groth16,2026-07-28T13:00:19.696780+00:00,measured,3,29,29,state_transition_and_conservation_16,monolithic,,,none,1,state_transition_and_conservation_16,state_transition_and_conservation,groth16,0.020516991000022244,0.2747040209997067,0.2467476980000356,0.5419687099997645,805,3,True,,ok,
20260728T123050Z_paper_groth16,2026-07-28T13:00:20.812982+00:00,measured,3,29,30,separate_valid_limit_16,separate,valid_limit_b16,baseline,unbound,1,local_financial_validity_16,local_financial_validity,groth16,0.021436337000068306,0.28881683700001304,0.253080356999817,0.5633335309998984,806,3,True,,ok,
20260728T123050Z_paper_groth16,2026-07-28T13:00:20.812982+00:00,measured,3,29,30,separate_valid_limit_16,separate,valid_limit_b16,baseline,unbound,2,operating_limit_16,operating_limit,groth16,0.01862809100020968,0.27371227000003273,0.2593623409998145,0.5517027020000569,804,12,True,,ok,
20260728T123050Z_paper_groth16,2026-07-28T13:00:22.514618+00:00,measured,3,29,31,separate_account_core_32,separate,account_core_b32,baseline,unbound,1,local_financial_validity_32,local_financial_validity,groth16,0.020762065000326402,0.28786573400020643,0.25916325700018206,0.5677910560007149,803,3,True,,ok,
20260728T123050Z_paper_groth16,2026-07-28T13:00:22.514618+00:00,measured,3,29,31,separate_account_core_32,separate,account_core_b32,baseline,unbound,2,state_transition_and_conservation_32,state_transition_and_conservation,groth16,0.019104710000192426,0.28710061800029507,0.2548240109999824,0.5610293390004699,805,3,True,,ok,
20260728T123050Z_paper_groth16,2026-07-28T13:00:22.514618+00:00,measured,3,29,31,separate_account_core_32,separate,account_core_b32,baseline,unbound,3,operating_limit_32,operating_limit,groth16,0.021154586000193376,0.29018869099991207,0.25976085100001,0.5711041280001155,804,16,True,,ok,
20260728T123050Z_paper_groth16,2026-07-28T13:00:23.090782+00:00,measured,3,29,32,local_validity_and_operating_limit_16,monolithic,valid_limit_b16,baseline,shared_witness,1,local_validity_and_operating_limit_16,local_validity_and_operating_limit,groth16,0.021102390999658382,0.2909172029999354,0.2635153649998756,0.5755349589994694,803,12,True,,ok,
20260728T123050Z_paper_groth16,2026-07-28T13:00:25.371299+00:00,measured,3,29,33,separate_account_budget_32,separate,account_budget_b32,baseline,unbound,1,local_financial_validity_32,local_financial_validity,groth16,0.020898110000416636,0.28451665000011417,0.2581440699996165,0.5635588300001473,805,3,True,,ok,
20260728T123050Z_paper_groth16,2026-07-28T13:00:25.371299+00:00,measured,3,29,33,separate_account_budget_32,separate,account_budget_b32,baseline,unbound,2,state_transition_and_conservation_32,state_transition_and_conservation,groth16,0.01803919499980111,0.3044384459999492,0.25009915900000124,0.5725767999997515,803,3,True,,ok,
20260728T123050Z_paper_groth16,2026-07-28T13:00:25.371299+00:00,measured,3,29,33,separate_account_budget_32,separate,account_budget_b32,baseline,unbound,3,operating_limit_32,operating_limit,groth16,0.018463676999999734,0.299060529000144,0.2596525950002615,0.5771768010004052,804,16,True,,ok,
20260728T123050Z_paper_groth16,2026-07-28T13:00:25.371299+00:00,measured,3,29,33,separate_account_budget_32,separate,account_budget_b32,baseline,unbound,4,privacy_budget_32,privacy_budget,groth16,0.019002559000000474,0.29614391499990234,0.24997080399998595,0.5651172779998888,807,16,True,,ok,
20260728T123050Z_paper_groth16,2026-07-28T13:00:25.978711+00:00,measured,3,29,34,local_validity_and_operating_limit_64,monolithic,valid_limit_b64,baseline,shared_witness,1,local_validity_and_operating_limit_64,local_validity_and_operating_limit,groth16,0.020812174000184314,0.31910670400020535,0.26683016000015414,0.6067490380005438,803,26,True,,ok,
20260728T123050Z_paper_groth16,2026-07-28T13:00:26.710975+00:00,measured,3,29,35,token_policy_bundle_32_depth_8,monolithic,token_bundle_b32_d8,baseline,shared_witness,1,token_policy_bundle_32_depth_8,token_policy_bundle,groth16,0.04297818199984249,0.4382255589998749,0.25041910500021913,0.7316228459999365,804,261,True,,ok,
20260728T123050Z_paper_groth16,2026-07-28T13:00:29.278485+00:00,measured,3,29,36,linked_separate_account_budget_32,separate,account_budget_b32,commitment_linked,tx_tag,1,linked_account_budget_validity_32,linked_account_budget_component,groth16,0.05953047000002698,0.3353525229999832,0.2617955669998082,0.6566785599998184,807,111,True,True,ok,
20260728T123050Z_paper_groth16,2026-07-28T13:00:29.278485+00:00,measured,3,29,36,linked_separate_account_budget_32,separate,account_budget_b32,commitment_linked,tx_tag,2,linked_account_budget_transition_32,linked_account_budget_component,groth16,0.05705875000012384,0.32224049599972204,0.25184956900011457,0.6311488149999605,806,111,True,True,ok,
20260728T123050Z_paper_groth16,2026-07-28T13:00:29.278485+00:00,measured,3,29,36,linked_separate_account_budget_32,separate,account_budget_b32,commitment_linked,tx_tag,3,linked_account_budget_limit_32,linked_account_budget_component,groth16,0.057152398000198446,0.3242435679999289,0.2580697240000518,0.6394656900001792,803,111,True,True,ok,
20260728T123050Z_paper_groth16,2026-07-28T13:00:29.278485+00:00,measured,3,29,36,linked_separate_account_budget_32,separate,account_budget_b32,commitment_linked,tx_tag,4,linked_account_budget_budget_32,linked_account_budget_component,groth16,0.056668641999749525,0.3311717699998553,0.2493064600002981,0.6371468719999029,802,111,True,True,ok,
20260728T123050Z_paper_groth16,2026-07-28T13:00:29.860485+00:00,measured,3,29,37,account_policy_with_privacy_budget_64,monolithic,account_budget_b64,baseline,shared_witness,1,account_policy_with_privacy_budget_64,account_policy_with_privacy_budget,groth16,0.0213756690000082,0.31897295599992503,0.241048168999896,0.5813967939998292,806,50,True,,ok,
20260728T123050Z_paper_groth16,2026-07-28T13:00:30.440754+00:00,measured,3,29,38,account_policy_core_32,monolithic,account_core_b32,baseline,shared_witness,1,account_policy_core_32,account_policy_core,groth16,0.022774183999899833,0.29567956200025947,0.261219106000226,0.5796728520003853,807,16,True,,ok,
20260728T123050Z_paper_groth16,2026-07-28T13:00:31.603012+00:00,measured,3,29,39,separate_valid_limit_64,separate,valid_limit_b64,baseline,unbound,1,local_financial_validity_64,local_financial_validity,groth16,0.023515752999628603,0.28490810300036173,0.2594185340003605,0.5678423900003509,805,3,True,,ok,
20260728T123050Z_paper_groth16,2026-07-28T13:00:31.603012+00:00,measured,3,29,39,separate_valid_limit_64,separate,valid_limit_b64,baseline,unbound,2,operating_limit_64,operating_limit,groth16,0.019151944999975967,0.3255900969998038,0.248534472999836,0.5932765149996158,804,26,True,,ok,
20260728T123050Z_paper_groth16,2026-07-28T13:00:34.102622+00:00,measured,3,29,40,separate_token_bundle_32_depth_16,separate,token_bundle_b32_d16,baseline,unbound,1,merkle_membership_depth_16,merkle_membership,groth16,0.04201174299987542,0.5092675710002368,0.24533433899978263,0.7966136529998948,804,84,True,,ok,
20260728T123050Z_paper_groth16,2026-07-28T13:00:34.102622+00:00,measured,3,29,40,separate_token_bundle_32_depth_16,separate,token_bundle_b32_d16,baseline,unbound,2,nullifier_correctness_poseidon,nullifier_correctness,groth16,0.031047461000071053,0.3310956959999203,0.25255884200032597,0.6147019990003173,804,164,True,,ok,
20260728T123050Z_paper_groth16,2026-07-28T13:00:34.102622+00:00,measured,3,29,40,separate_token_bundle_32_depth_16,separate,token_bundle_b32_d16,baseline,unbound,3,local_financial_validity_32,local_financial_validity,groth16,0.018065443999603303,0.2726177539998389,0.24762378700006593,0.5383069849995081,804,3,True,,ok,
20260728T123050Z_paper_groth16,2026-07-28T13:00:34.102622+00:00,measured,3,29,40,separate_token_bundle_32_depth_16,separate,token_bundle_b32_d16,baseline,unbound,4,privacy_budget_32,privacy_budget,groth16,0.0178959009999744,0.28464653099990755,0.24533180400021593,0.5478742360000979,805,16,True,,ok,
20260728T123050Z_paper_groth16,2026-07-28T13:00:34.675805+00:00,measured,3,29,41,account_policy_with_privacy_budget_16,monolithic,account_budget_b16,baseline,shared_witness,1,account_policy_with_privacy_budget_16,account_policy_with_privacy_budget,groth16,0.022034764000181895,0.2985389059999761,0.2519516239999575,0.5725252940001155,803,21,True,,ok,
20260728T123050Z_paper_groth16,2026-07-28T13:00:35.235530+00:00,measured,3,29,42,local_financial_validity_64,monolithic,,,none,1,local_financial_validity_64,local_financial_validity,groth16,0.020048202999987552,0.2967502000001332,0.24232087200016394,0.5591192750002847,803,3,True,,ok,
20260728T123050Z_paper_groth16,2026-07-28T13:00:36.122914+00:00,measured,3,29,43,linked_token_bundle_monolithic_32_depth_16,monolithic,token_bundle_b32_d16,commitment_linked,tx_tag,1,linked_token_bundle_monolithic_32_depth_16,token_policy_bundle,groth16,0.06427341400012665,0.5536026400000083,0.26473132600040117,0.8826073800005361,807,342,True,True,ok,
20260728T123050Z_paper_groth16,2026-07-28T13:00:37.347110+00:00,measured,3,29,44,linked_separate_valid_limit_32,separate,valid_limit_b32,commitment_linked,tx_tag,1,linked_valid_limit_validity_32,linked_valid_limit_component,groth16,0.040338295999845286,0.314184013999693,0.2552531490000547,0.609775458999593,804,98,True,True,ok,
20260728T123050Z_paper_groth16,2026-07-28T13:00:37.347110+00:00,measured,3,29,44,linked_separate_valid_limit_32,separate,valid_limit_b32,commitment_linked,tx_tag,2,linked_valid_limit_limit_32,linked_valid_limit_component,groth16,0.0372186189997592,0.3317190729999311,0.24402641799997582,0.6129641099996661,802,98,True,True,ok,
20260728T123050Z_paper_groth16,2026-07-28T13:00:37.955218+00:00,measured,3,29,45,linked_valid_limit_monolithic_32,monolithic,valid_limit_b32,commitment_linked,tx_tag,1,linked_valid_limit_monolithic_32,local_validity_and_operating_limit,groth16,0.03834773900007349,0.3217569690000346,0.2470658730003379,0.607170581000446,806,98,True,True,ok,
20260728T123050Z_paper_groth16,2026-07-28T13:00:38.924067+00:00,measured,3,29,46,token_policy_bundle_32_depth_32,monolithic,token_bundle_b32_d32,baseline,shared_witness,1,token_policy_bundle_32_depth_32,token_policy_bundle,groth16,0.04802030199971341,0.6520019560002766,0.26818193600001905,0.968204194000009,805,261,True,,ok,
20260728T123050Z_paper_groth16,2026-07-28T13:00:39.698362+00:00,measured,3,30,1,token_policy_bundle_32_depth_16,monolithic,token_bundle_b32_d16,baseline,shared_witness,1,token_policy_bundle_32_depth_16,token_policy_bundle,groth16,0.04459594999980254,0.4794859449998512,0.2492348910000146,0.7733167859996684,805,260,True,,ok,
20260728T123050Z_paper_groth16,2026-07-28T13:00:41.989945+00:00,measured,3,30,2,separate_account_budget_32,separate,account_budget_b32,baseline,unbound,1,local_financial_validity_32,local_financial_validity,groth16,0.022001552000347147,0.28423826399966856,0.25067468700035533,0.556914503000371,806,3,True,,ok,
20260728T123050Z_paper_groth16,2026-07-28T13:00:41.989945+00:00,measured,3,30,2,separate_account_budget_32,separate,account_budget_b32,baseline,unbound,2,state_transition_and_conservation_32,state_transition_and_conservation,groth16,0.020233239000390313,0.3073809759998767,0.2502874389997487,0.5779016540000157,806,3,True,,ok,
20260728T123050Z_paper_groth16,2026-07-28T13:00:41.989945+00:00,measured,3,30,2,separate_account_budget_32,separate,account_budget_b32,baseline,unbound,3,operating_limit_32,operating_limit,groth16,0.020614821999970445,0.3003530620003403,0.2571964270000535,0.5781643110003643,807,16,True,,ok,
20260728T123050Z_paper_groth16,2026-07-28T13:00:41.989945+00:00,measured,3,30,2,separate_account_budget_32,separate,account_budget_b32,baseline,unbound,4,privacy_budget_32,privacy_budget,groth16,0.019221017000290885,0.2882934309996017,0.26895142600005784,0.5764658739999504,805,16,True,,ok,
20260728T123050Z_paper_groth16,2026-07-28T13:00:42.569934+00:00,measured,3,30,3,account_policy_core_32,monolithic,account_core_b32,baseline,shared_witness,1,account_policy_core_32,account_policy_core,groth16,0.020533658000204014,0.29426673899979505,0.2642594359999748,0.5790598329999739,804,16,True,,ok,
20260728T123050Z_paper_groth16,2026-07-28T13:00:45.152955+00:00,measured,3,30,4,linked_separate_account_budget_32,separate,account_budget_b32,commitment_linked,tx_tag,1,linked_account_budget_validity_32,linked_account_budget_component,groth16,0.05710369999997056,0.33016842400002133,0.25045098999999027,0.6377231139999822,804,111,True,True,ok,
20260728T123050Z_paper_groth16,2026-07-28T13:00:45.152955+00:00,measured,3,30,4,linked_separate_account_budget_32,separate,account_budget_b32,commitment_linked,tx_tag,2,linked_account_budget_transition_32,linked_account_budget_component,groth16,0.05504145900022195,0.3338703220001662,0.2625628000000688,0.651474581000457,805,111,True,True,ok,
20260728T123050Z_paper_groth16,2026-07-28T13:00:45.152955+00:00,measured,3,30,4,linked_separate_account_budget_32,separate,account_budget_b32,commitment_linked,tx_tag,3,linked_account_budget_limit_32,linked_account_budget_component,groth16,0.05870652399971732,0.333358612000211,0.2449647910002568,0.6370299270001851,804,111,True,True,ok,
20260728T123050Z_paper_groth16,2026-07-28T13:00:45.152955+00:00,measured,3,30,4,linked_separate_account_budget_32,separate,account_budget_b32,commitment_linked,tx_tag,4,linked_account_budget_budget_32,linked_account_budget_component,groth16,0.05693545499980246,0.33170193900014056,0.2651898189997155,0.6538272129996585,804,111,True,True,ok,
20260728T123050Z_paper_groth16,2026-07-28T13:00:45.695509+00:00,measured,3,30,5,local_financial_validity_32,monolithic,,,none,1,local_financial_validity_32,local_financial_validity,groth16,0.020231941000020015,0.27685730600023817,0.24479126400001405,0.5418805110002722,802,3,True,,ok,
20260728T123050Z_paper_groth16,2026-07-28T13:00:46.434096+00:00,measured,3,30,6,token_policy_bundle_32_depth_8,monolithic,token_bundle_b32_d8,baseline,shared_witness,1,token_policy_bundle_32_depth_8,token_policy_bundle,groth16,0.04705216999991535,0.4570175429998926,0.23374560599995675,0.7378153189997647,806,261,True,,ok,
20260728T123050Z_paper_groth16,2026-07-28T13:00:48.654639+00:00,measured,3,30,7,separate_account_budget_64,separate,account_budget_b64,baseline,unbound,1,local_financial_validity_64,local_financial_validity,groth16,0.01982844699978159,0.2762329479996879,0.24194511699988652,0.538006511999356,806,3,True,,ok,
20260728T123050Z_paper_groth16,2026-07-28T13:00:48.654639+00:00,measured,3,30,7,separate_account_budget_64,separate,account_budget_b64,baseline,unbound,2,state_transition_and_conservation_64,state_transition_and_conservation,groth16,0.020261232999928325,0.2979646080002567,0.2526650419999896,0.5708908830001747,803,3,True,,ok,
20260728T123050Z_paper_groth16,2026-07-28T13:00:48.654639+00:00,measured,3,30,7,separate_account_budget_64,separate,account_budget_b64,baseline,unbound,3,operating_limit_64,operating_limit,groth16,0.018583057999876473,0.2916503010001179,0.24256973199999265,0.552803090999987,803,26,True,,ok,
20260728T123050Z_paper_groth16,2026-07-28T13:00:48.654639+00:00,measured,3,30,7,separate_account_budget_64,separate,account_budget_b64,baseline,unbound,4,privacy_budget_64,privacy_budget,groth16,0.01882640999974683,0.283998763999989,0.2538715810001122,0.556696754999848,806,26,True,,ok,
20260728T123050Z_paper_groth16,2026-07-28T13:00:51.119911+00:00,measured,3,30,8,separate_token_bundle_32_depth_8,separate,token_bundle_b32_d8,baseline,unbound,1,merkle_membership_depth_8,merkle_membership,groth16,0.04003814299994701,0.43421698800011654,0.2569313140002123,0.7311864450002759,806,84,True,,ok,
20260728T123050Z_paper_groth16,2026-07-28T13:00:51.119911+00:00,measured,3,30,8,separate_token_bundle_32_depth_8,separate,token_bundle_b32_d8,baseline,unbound,2,nullifier_correctness_poseidon,nullifier_correctness,groth16,0.03188133200001175,0.2962249019997216,0.25671692599962626,0.5848231599993596,804,164,True,,ok,
20260728T123050Z_paper_groth16,2026-07-28T13:00:51.119911+00:00,measured,3,30,8,separate_token_bundle_32_depth_8,separate,token_bundle_b32_d8,baseline,unbound,3,local_financial_validity_32,local_financial_validity,groth16,0.018079513999964547,0.2681642400002602,0.2434989849998601,0.5297427390000848,806,3,True,,ok,
20260728T123050Z_paper_groth16,2026-07-28T13:00:51.119911+00:00,measured,3,30,8,separate_token_bundle_32_depth_8,separate,token_bundle_b32_d8,baseline,unbound,4,privacy_budget_32,privacy_budget,groth16,0.020978062000267528,0.3111522309995962,0.28524614400021164,0.6173764370000754,807,16,True,,ok,
20260728T123050Z_paper_groth16,2026-07-28T13:00:52.256691+00:00,measured,3,30,9,separate_valid_limit_32,separate,valid_limit_b32,baseline,unbound,1,local_financial_validity_32,local_financial_validity,groth16,0.021038834000137285,0.28300262499988094,0.24824823900007686,0.5522896980000951,806,3,True,,ok,
20260728T123050Z_paper_groth16,2026-07-28T13:00:52.256691+00:00,measured,3,30,9,separate_valid_limit_32,separate,valid_limit_b32,baseline,unbound,2,operating_limit_32,operating_limit,groth16,0.020672504999765806,0.2987733200002367,0.2638383379999141,0.5832841629999166,805,16,True,,ok,
20260728T123050Z_paper_groth16,2026-07-28T13:00:52.818542+00:00,measured,3,30,10,state_transition_and_conservation_64,monolithic,,,none,1,state_transition_and_conservation_64,state_transition_and_conservation,groth16,0.02197573300009026,0.28905166200001986,0.2502071019998766,0.5612344969999867,805,3,True,,ok,
20260728T123050Z_paper_groth16,2026-07-28T13:00:53.404431+00:00,measured,3,30,11,local_validity_and_operating_limit_64,monolithic,valid_limit_b64,baseline,shared_witness,1,local_validity_and_operating_limit_64,local_validity_and_operating_limit,groth16,0.02102318200013542,0.2936133569996855,0.27064295899981516,0.5852794979996361,805,26,True,,ok,
20260728T123050Z_paper_groth16,2026-07-28T13:00:54.280519+00:00,measured,3,30,12,linked_token_bundle_monolithic_32_depth_16,monolithic,token_bundle_b32_d16,commitment_linked,tx_tag,1,linked_token_bundle_monolithic_32_depth_16,token_policy_bundle,groth16,0.06494898200026,0.5533481500001471,0.2550956009999936,0.8733927330004008,804,342,True,True,ok,
20260728T123050Z_paper_groth16,2026-07-28T13:00:54.849155+00:00,measured,3,30,13,local_validity_and_operating_limit_16,monolithic,valid_limit_b16,baseline,shared_witness,1,local_validity_and_operating_limit_16,local_validity_and_operating_limit,groth16,0.02067413199984003,0.29153513099981865,0.2558598460000212,0.5680691089996799,806,12,True,,ok,
20260728T123050Z_paper_groth16,2026-07-28T13:00:56.109764+00:00,measured,3,30,14,linked_separate_valid_limit_32,separate,valid_limit_b32,commitment_linked,tx_tag,1,linked_valid_limit_validity_32,linked_valid_limit_component,groth16,0.04021566500023255,0.3334825400002046,0.25474555499977214,0.6284437600002093,805,98,True,True,ok,
20260728T123050Z_paper_groth16,2026-07-28T13:00:56.109764+00:00,measured,3,30,14,linked_separate_valid_limit_32,separate,valid_limit_b32,commitment_linked,tx_tag,2,linked_valid_limit_limit_32,linked_valid_limit_component,groth16,0.03981631899978311,0.3384730600000694,0.252062702999865,0.6303520819997175,802,98,True,True,ok,
20260728T123050Z_paper_groth16,2026-07-28T13:00:56.668512+00:00,measured,3,30,15,operating_limit_16,monolithic,,,none,1,operating_limit_16,operating_limit,groth16,0.021290312000019185,0.28642398399961166,0.2504310969998187,0.5581453929994495,800,12,True,,ok,
20260728T123050Z_paper_groth16,2026-07-28T13:00:57.245183+00:00,measured,3,30,16,privacy_budget_32,monolithic,,,none,1,privacy_budget_32,privacy_budget,groth16,0.020954380999683053,0.2944936929998221,0.26053081000009115,0.5759788839995963,802,16,True,,ok,
20260728T123050Z_paper_groth16,2026-07-28T13:00:57.815120+00:00,measured,3,30,17,local_financial_validity_64,monolithic,,,none,1,local_financial_validity_64,local_financial_validity,groth16,0.02261280699985946,0.2891667850003614,0.2575278230001459,0.5693074150003667,804,3,True,,ok,
20260728T123050Z_paper_groth16,2026-07-28T13:00:58.422948+00:00,measured,3,30,18,account_policy_with_privacy_budget_64,monolithic,account_budget_b64,baseline,shared_witness,1,account_policy_with_privacy_budget_64,account_policy_with_privacy_budget,groth16,0.023268534999715484,0.33227592899993397,0.2516571109999859,0.6072015749996353,808,50,True,,ok,
20260728T123050Z_paper_groth16,2026-07-28T13:00:59.065286+00:00,measured,3,30,19,linked_valid_limit_monolithic_32,monolithic,valid_limit_b32,commitment_linked,tx_tag,1,linked_valid_limit_monolithic_32,local_validity_and_operating_limit,groth16,0.03903916499984916,0.33650410900008865,0.2659306079999624,0.6414738819999002,807,98,True,True,ok,
20260728T123050Z_paper_groth16,2026-07-28T13:00:59.780536+00:00,measured,3,30,20,merkle_membership_depth_8,monolithic,,,none,1,merkle_membership_depth_8,merkle_membership,groth16,0.04023180600006526,0.41560011299998223,0.2588117870000133,0.7146437060000608,804,84,True,,ok,
20260728T123050Z_paper_groth16,2026-07-28T13:01:00.361298+00:00,measured,3,30,21,account_policy_with_privacy_budget_32,monolithic,account_budget_b32,baseline,shared_witness,1,account_policy_with_privacy_budget_32,account_policy_with_privacy_budget,groth16,0.021580298000117182,0.30187458899990816,0.256676157000129,0.5801310440001544,805,30,True,,ok,
20260728T123050Z_paper_groth16,2026-07-28T13:01:00.939457+00:00,measured,3,30,22,privacy_budget_16,monolithic,,,none,1,privacy_budget_16,privacy_budget,groth16,0.02107024699989779,0.2923288090000824,0.26414733700039505,0.5775463930003752,805,11,True,,ok,
20260728T123050Z_paper_groth16,2026-07-28T13:01:03.473099+00:00,measured,3,30,23,separate_token_bundle_32_depth_16,separate,token_bundle_b32_d16,baseline,unbound,1,merkle_membership_depth_16,merkle_membership,groth16,0.04257213500022772,0.4823983149999549,0.24467579600013778,0.7696462460003204,805,84,True,,ok,
20260728T123050Z_paper_groth16,2026-07-28T13:01:03.473099+00:00,measured,3,30,23,separate_token_bundle_32_depth_16,separate,token_bundle_b32_d16,baseline,unbound,2,nullifier_correctness_poseidon,nullifier_correctness,groth16,0.031118865000280493,0.3029701450000175,0.259037145000093,0.593126155000391,805,164,True,,ok,
20260728T123050Z_paper_groth16,2026-07-28T13:01:03.473099+00:00,measured,3,30,23,separate_token_bundle_32_depth_16,separate,token_bundle_b32_d16,baseline,unbound,3,local_financial_validity_32,local_financial_validity,groth16,0.025795350999942457,0.30965136299982987,0.25305152600003566,0.588498239999808,805,3,True,,ok,
20260728T123050Z_paper_groth16,2026-07-28T13:01:03.473099+00:00,measured,3,30,23,separate_token_bundle_32_depth_16,separate,token_bundle_b32_d16,baseline,unbound,4,privacy_budget_32,privacy_budget,groth16,0.01986652099958519,0.2992448670001977,0.25254058799964696,0.5716519759994299,805,16,True,,ok,
20260728T123050Z_paper_groth16,2026-07-28T13:01:04.026159+00:00,measured,3,30,24,local_financial_validity_16,monolithic,,,none,1,local_financial_validity_16,local_financial_validity,groth16,0.021627441000418912,0.2864048599999478,0.24435774900030083,0.5523900500006675,806,3,True,,ok,
20260728T123050Z_paper_groth16,2026-07-28T13:01:04.618327+00:00,measured,3,30,25,nullifier_correctness_poseidon,monolithic,,,none,1,nullifier_correctness_poseidon,nullifier_correctness,groth16,0.03230969600008393,0.30891687899975295,0.25034791799998857,0.5915744929998255,808,164,True,,ok,
20260728T123050Z_paper_groth16,2026-07-28T13:01:05.420557+00:00,measured,3,30,26,merkle_membership_depth_16,monolithic,,,none,1,merkle_membership_depth_16,merkle_membership,groth16,0.04161294599998655,0.49420248699971125,0.2657791849997011,0.8015946179993989,805,84,True,,ok,
20260728T123050Z_paper_groth16,2026-07-28T13:01:07.672214+00:00,measured,3,30,27,separate_account_budget_16,separate,account_budget_b16,baseline,unbound,1,local_financial_validity_16,local_financial_validity,groth16,0.020489610999902652,0.28726259900031437,0.26116255900024044,0.5689147690004575,803,3,True,,ok,
20260728T123050Z_paper_groth16,2026-07-28T13:01:07.672214+00:00,measured,3,30,27,separate_account_budget_16,separate,account_budget_b16,baseline,unbound,2,state_transition_and_conservation_16,state_transition_and_conservation,groth16,0.017660752999745455,0.2730361260000791,0.2576980660001027,0.5483949449999272,805,3,True,,ok,
20260728T123050Z_paper_groth16,2026-07-28T13:01:07.672214+00:00,measured,3,30,27,separate_account_budget_16,separate,account_budget_b16,baseline,unbound,3,operating_limit_16,operating_limit,groth16,0.02125235999983488,0.30223495000018374,0.2540947440002128,0.5775820540002314,805,12,True,,ok,
20260728T123050Z_paper_groth16,2026-07-28T13:01:07.672214+00:00,measured,3,30,27,separate_account_budget_16,separate,account_budget_b16,baseline,unbound,4,privacy_budget_16,privacy_budget,groth16,0.0201875719999407,0.27758644799996546,0.2568504999999277,0.5546245199998339,802,11,True,,ok,
20260728T123050Z_paper_groth16,2026-07-28T13:01:09.359111+00:00,measured,3,30,28,separate_account_core_64,separate,account_core_b64,baseline,unbound,1,local_financial_validity_64,local_financial_validity,groth16,0.022350353000092582,0.2985274469997421,0.2474065139999766,0.5682843139998113,805,3,True,,ok,
20260728T123050Z_paper_groth16,2026-07-28T13:01:09.359111+00:00,measured,3,30,28,separate_account_core_64,separate,account_core_b64,baseline,unbound,2,state_transition_and_conservation_64,state_transition_and_conservation,groth16,0.01992135899990899,0.28216560700002447,0.2633484189996125,0.5654353849995459,805,3,True,,ok,
20260728T123050Z_paper_groth16,2026-07-28T13:01:09.359111+00:00,measured,3,30,28,separate_account_core_64,separate,account_core_b64,baseline,unbound,3,operating_limit_64,operating_limit,groth16,0.02167648900012864,0.27895641600025556,0.25086060800003906,0.5514935130004233,806,26,True,,ok,
20260728T123050Z_paper_groth16,2026-07-28T13:01:10.058163+00:00,measured,3,30,29,linked_account_budget_monolithic_32,monolithic,account_budget_b32,commitment_linked,tx_tag,1,linked_account_budget_monolithic_32,account_policy_with_privacy_budget,groth16,0.0967394660001446,0.34036837500025285,0.2610206009999274,0.6981284420003249,804,111,True,True,ok,
20260728T123050Z_paper_groth16,2026-07-28T13:01:11.167034+00:00,measured,3,30,30,separate_valid_limit_16,separate,valid_limit_b16,baseline,unbound,1,local_financial_validity_16,local_financial_validity,groth16,0.021718758000133676,0.2865065900000445,0.25668172299992875,0.564907071000107,803,3,True,,ok,
20260728T123050Z_paper_groth16,2026-07-28T13:01:11.167034+00:00,measured,3,30,30,separate_valid_limit_16,separate,valid_limit_b16,baseline,unbound,2,operating_limit_16,operating_limit,groth16,0.02074209099964719,0.2702410030001374,0.2517641080003159,0.5427472020001005,806,12,True,,ok,
20260728T123050Z_paper_groth16,2026-07-28T13:01:11.755869+00:00,measured,3,30,31,operating_limit_64,monolithic,,,none,1,operating_limit_64,operating_limit,groth16,0.02055475600036516,0.3121887910001533,0.25547851999999693,0.5882220670005154,805,26,True,,ok,
20260728T123050Z_paper_groth16,2026-07-28T13:01:12.328026+00:00,measured,3,30,32,operating_limit_32,monolithic,,,none,1,operating_limit_32,operating_limit,groth16,0.022286330000042653,0.3085668540002189,0.24070116000029884,0.5715543440005604,805,16,True,,ok,
20260728T123050Z_paper_groth16,2026-07-28T13:01:13.272462+00:00,measured,3,30,33,merkle_membership_depth_32,monolithic,,,none,1,merkle_membership_depth_32,merkle_membership,groth16,0.04123579899987817,0.6640181410002697,0.23852214699991237,0.9437760870000602,807,84,True,,ok,
20260728T123050Z_paper_groth16,2026-07-28T13:01:13.884018+00:00,measured,3,30,34,privacy_budget_64,monolithic,,,none,1,privacy_budget_64,privacy_budget,groth16,0.0188615160000154,0.29816699500042887,0.2939074249998157,0.61093593600026,805,26,True,,ok,
20260728T123050Z_paper_groth16,2026-07-28T13:01:15.049553+00:00,measured,3,30,35,separate_valid_limit_64,separate,valid_limit_b64,baseline,unbound,1,local_financial_validity_64,local_financial_validity,groth16,0.02208337299998675,0.32420387299998765,0.24541685199983476,0.5917040979998092,805,3,True,,ok,
20260728T123050Z_paper_groth16,2026-07-28T13:01:15.049553+00:00,measured,3,30,35,separate_valid_limit_64,separate,valid_limit_b64,baseline,unbound,2,operating_limit_64,operating_limit,groth16,0.020418517000052816,0.27934726699959356,0.27296117499963657,0.5727269589992829,803,26,True,,ok,
20260728T123050Z_paper_groth16,2026-07-28T13:01:16.724532+00:00,measured,3,30,36,separate_account_core_32,separate,account_core_b32,baseline,unbound,1,local_financial_validity_32,local_financial_validity,groth16,0.020257496000340325,0.2912375699997938,0.26234227299983104,0.5738373389999651,802,3,True,,ok,
20260728T123050Z_paper_groth16,2026-07-28T13:01:16.724532+00:00,measured,3,30,36,separate_account_core_32,separate,account_core_b32,baseline,unbound,2,state_transition_and_conservation_32,state_transition_and_conservation,groth16,0.020254985000065062,0.280629394999778,0.2456111870001223,0.5464955669999654,804,3,True,,ok,
20260728T123050Z_paper_groth16,2026-07-28T13:01:16.724532+00:00,measured,3,30,36,separate_account_core_32,separate,account_core_b32,baseline,unbound,3,operating_limit_32,operating_limit,groth16,0.01944468900001084,0.276825904999896,0.25676141300027666,0.5530320070001835,804,16,True,,ok,
20260728T123050Z_paper_groth16,2026-07-28T13:01:19.552918+00:00,measured,3,30,37,linked_separate_token_bundle_32_depth_16,separate,token_bundle_b32_d16,commitment_linked,tx_tag,1,linked_token_bundle_membership_32_depth_16,linked_token_bundle_component,groth16,0.06387818300026993,0.5692029309998361,0.2506528049998451,0.8837339189999511,804,342,True,True,ok,
20260728T123050Z_paper_groth16,2026-07-28T13:01:19.552918+00:00,measured,3,30,37,linked_separate_token_bundle_32_depth_16,separate,token_bundle_b32_d16,commitment_linked,tx_tag,2,linked_token_bundle_nullifier_32_depth_16,linked_token_bundle_component,groth16,0.058326997000222036,0.3554532830003154,0.25176677900026334,0.6655470590008008,805,342,True,True,ok,
20260728T123050Z_paper_groth16,2026-07-28T13:01:19.552918+00:00,measured,3,30,37,linked_separate_token_bundle_32_depth_16,separate,token_bundle_b32_d16,commitment_linked,tx_tag,3,linked_token_bundle_validity_32_depth_16,linked_token_bundle_component,groth16,0.05508487499992043,0.3304250799997135,0.2525337579995721,0.638043712999206,807,342,True,True,ok,
20260728T123050Z_paper_groth16,2026-07-28T13:01:19.552918+00:00,measured,3,30,37,linked_separate_token_bundle_32_depth_16,separate,token_bundle_b32_d16,commitment_linked,tx_tag,4,linked_token_bundle_budget_32_depth_16,linked_token_bundle_component,groth16,0.056291502000021865,0.33134444100005567,0.24860239500003445,0.636238338000112,805,342,True,True,ok,
20260728T123050Z_paper_groth16,2026-07-28T13:01:21.289686+00:00,measured,3,30,38,separate_account_core_16,separate,account_core_b16,baseline,unbound,1,local_financial_validity_16,local_financial_validity,groth16,0.01883881999992809,0.31829470400043647,0.2588447719999749,0.5959782960003395,803,3,True,,ok,
20260728T123050Z_paper_groth16,2026-07-28T13:01:21.289686+00:00,measured,3,30,38,separate_account_core_16,separate,account_core_b16,baseline,unbound,2,state_transition_and_conservation_16,state_transition_and_conservation,groth16,0.019964280999829498,0.2805654839999079,0.2611893619996408,0.5617191269993782,802,3,True,,ok,
20260728T123050Z_paper_groth16,2026-07-28T13:01:21.289686+00:00,measured,3,30,38,separate_account_core_16,separate,account_core_b16,baseline,unbound,3,operating_limit_16,operating_limit,groth16,0.022302467999907094,0.2850232580003649,0.26143103399999745,0.5687567600002694,803,12,True,,ok,
20260728T123050Z_paper_groth16,2026-07-28T13:01:21.851638+00:00,measured,3,30,39,local_validity_and_operating_limit_32,monolithic,valid_limit_b32,baseline,shared_witness,1,local_validity_and_operating_limit_32,local_validity_and_operating_limit,groth16,0.019340014000135852,0.2922927869999512,0.24968308999996225,0.5613158910000493,806,16,True,,ok,
20260728T123050Z_paper_groth16,2026-07-28T13:01:22.396444+00:00,measured,3,30,40,state_transition_and_conservation_32,monolithic,,,none,1,state_transition_and_conservation_32,state_transition_and_conservation,groth16,0.020892919000289112,0.2767332749999696,0.24659750799992253,0.5442237020001812,805,3,True,,ok,
20260728T123050Z_paper_groth16,2026-07-28T13:01:25.119279+00:00,measured,3,30,41,separate_token_bundle_32_depth_32,separate,token_bundle_b32_d32,baseline,unbound,1,merkle_membership_depth_32,merkle_membership,groth16,0.042689153000083024,0.6768480589998944,0.286162541000067,1.0056997530000444,805,84,True,,ok,
20260728T123050Z_paper_groth16,2026-07-28T13:01:25.119279+00:00,measured,3,30,41,separate_token_bundle_32_depth_32,separate,token_bundle_b32_d32,baseline,unbound,2,nullifier_correctness_poseidon,nullifier_correctness,groth16,0.03285176899998987,0.3013132589999259,0.2655874090000907,0.5997524370000065,804,164,True,,ok,
20260728T123050Z_paper_groth16,2026-07-28T13:01:25.119279+00:00,measured,3,30,41,separate_token_bundle_32_depth_32,separate,token_bundle_b32_d32,baseline,unbound,3,local_financial_validity_32,local_financial_validity,groth16,0.01869862200010175,0.29229802899999413,0.2456216040000072,0.5566182550001031,805,3,True,,ok,
20260728T123050Z_paper_groth16,2026-07-28T13:01:25.119279+00:00,measured,3,30,41,separate_token_bundle_32_depth_32,separate,token_bundle_b32_d32,baseline,unbound,4,privacy_budget_32,privacy_budget,groth16,0.020997430000079476,0.2885575240002254,0.24899067599972113,0.558545630000026,805,16,True,,ok,
20260728T123050Z_paper_groth16,2026-07-28T13:01:25.684069+00:00,measured,3,30,42,account_policy_core_16,monolithic,account_core_b16,baseline,shared_witness,1,account_policy_core_16,account_policy_core,groth16,0.02042203700011669,0.2905191360000572,0.2531914699998197,0.5641326429999935,806,12,True,,ok,
20260728T123050Z_paper_groth16,2026-07-28T13:01:26.295150+00:00,measured,3,30,43,account_policy_core_64,monolithic,account_core_b64,baseline,shared_witness,1,account_policy_core_64,account_policy_core,groth16,0.02188464400023804,0.32586018200026956,0.26272463599980256,0.6104694620003102,803,26,True,,ok,
20260728T123050Z_paper_groth16,2026-07-28T13:01:27.333184+00:00,measured,3,30,44,token_policy_bundle_32_depth_32,monolithic,token_bundle_b32_d32,baseline,shared_witness,1,token_policy_bundle_32_depth_32,token_policy_bundle,groth16,0.04878979699969932,0.7332525960000567,0.25529483900027117,1.0373372320000271,804,261,True,,ok,
20260728T123050Z_paper_groth16,2026-07-28T13:01:27.905073+00:00,measured,3,30,45,state_transition_and_conservation_16,monolithic,,,none,1,state_transition_and_conservation_16,state_transition_and_conservation,groth16,0.02024686400000064,0.2926427570000669,0.2579509589995723,0.5708405799996399,806,3,True,,ok,
20260728T123050Z_paper_groth16,2026-07-28T13:01:28.492043+00:00,measured,3,30,46,account_policy_with_privacy_budget_16,monolithic,account_budget_b16,baseline,shared_witness,1,account_policy_with_privacy_budget_16,account_policy_with_privacy_budget,groth16,0.02107564200014167,0.30232025200029966,0.26294687299969155,0.5863427670001329,804,21,True,,ok,
