evaluation_run_id,timestamp_utc,phase,block,repetition,order_index,experiment_name,family,policy_set,architecture,role,bits,merkle_depth,composition_id,comparison_group,binding_mode,execution_mode,component_count,component_names,proving_system,constraints,witness_time_s,prove_time_s,verify_time_s,bundle_check_time_s,total_online_time_s,proof_size_bytes,public_size_bytes,proofs_ok,binding_ok,verification_ok,status,error
20260728T123050Z_paper_groth16,2026-07-28T12:36:12.529734+00:00,measured,1,1,1,linked_separate_token_bundle_32_depth_16,token_policy_bundle,pi_mem+pi_null+pi_valid+pi_budget,token,composition_baseline,32,16,token_bundle_b32_d16,commitment_linked,tx_tag,separate,4,linked_token_bundle_membership_32_depth_16;linked_token_bundle_nullifier_32_depth_16;linked_token_bundle_validity_32_depth_16;linked_token_bundle_budget_32_depth_16,groth16,15434,0.24696275799988143,1.607456010000078,1.1258919430001697,2.6449999950273195e-06,2.9803133560001243,3222,1368,True,True,True,ok,
20260728T123050Z_paper_groth16,2026-07-28T12:36:14.949044+00:00,measured,1,1,2,separate_account_budget_32,account_policy_with_privacy_budget,pi_valid+pi_trans+pi_limit+pi_budget,account,composition_baseline,32,,account_budget_b32,baseline,unbound,separate,4,local_financial_validity_32;state_transition_and_conservation_32;operating_limit_32;privacy_budget_32,groth16,617,0.09084828599998218,1.2509355659999528,1.0754044239999985,0.0,2.4171882759999335,3221,38,True,,True,ok,
20260728T123050Z_paper_groth16,2026-07-28T12:36:15.568950+00:00,measured,1,1,3,privacy_budget_64,privacy_budget,pi_budget,account,individual_policy,64,,,,none,monolithic,1,privacy_budget_64,groth16,332,0.025141617999906885,0.30373553499998707,0.28999427700000524,0.0,0.6188714299998992,805,26,True,,True,ok,
20260728T123050Z_paper_groth16,2026-07-28T12:36:16.187640+00:00,measured,1,1,4,account_policy_core_32,account_policy_core,pi_valid+pi_trans+pi_limit,account,composition,32,,account_core_b32,baseline,shared_witness,monolithic,1,account_policy_core_32,groth16,346,0.02249953699993057,0.33212720599999557,0.26339106399996126,0.0,0.6180178069998874,804,16,True,,True,ok,
20260728T123050Z_paper_groth16,2026-07-28T12:36:18.539948+00:00,measured,1,1,5,separate_account_budget_64,account_policy_with_privacy_budget,pi_valid+pi_trans+pi_limit+pi_budget,account,composition_baseline,64,,account_budget_b64,baseline,unbound,separate,4,local_financial_validity_64;state_transition_and_conservation_64;operating_limit_64;privacy_budget_64,groth16,1193,0.08408772400002817,1.217788957999801,1.0480351589999373,0.0,2.3499118409997664,3218,58,True,,True,ok,
20260728T123050Z_paper_groth16,2026-07-28T12:36:19.602315+00:00,measured,1,1,6,token_policy_bundle_32_depth_32,token_policy_bundle,pi_mem+pi_null+pi_valid+pi_budget,token,composition,32,32,token_bundle_b32_d32,baseline,shared_witness,monolithic,1,token_policy_bundle_32_depth_32,groth16,18005,0.050364214999945034,0.7506367969999701,0.260641509999914,0.0,1.0616425219998291,809,261,True,,True,ok,
20260728T123050Z_paper_groth16,2026-07-28T12:36:20.258504+00:00,measured,1,1,7,linked_account_budget_monolithic_32,account_policy_with_privacy_budget,pi_valid+pi_trans+pi_limit+pi_budget,account,composition,32,,account_budget_b32,commitment_linked,tx_tag,monolithic,1,linked_account_budget_monolithic_32,groth16,1914,0.06300597999984348,0.3324010040000758,0.2599299699998028,2.339000047868467e-06,0.6553392929997699,803,111,True,True,True,ok,
20260728T123050Z_paper_groth16,2026-07-28T12:36:20.833953+00:00,measured,1,1,8,state_transition_and_conservation_16,state_transition_and_conservation,pi_trans,account,individual_policy,16,,,,none,monolithic,1,state_transition_and_conservation_16,groth16,89,0.019011876999911692,0.2896100870000282,0.26625787700004366,0.0,0.5748798409999836,806,3,True,,True,ok,
20260728T123050Z_paper_groth16,2026-07-28T12:36:21.450069+00:00,measured,1,1,9,operating_limit_64,operating_limit,pi_limit,account,individual_policy,64,,,,none,monolithic,1,operating_limit_64,groth16,332,0.021011959999896135,0.3099272770000425,0.2845587270001033,0.0,0.615497964000042,804,26,True,,True,ok,
20260728T123050Z_paper_groth16,2026-07-28T12:36:23.987950+00:00,measured,1,1,10,separate_token_bundle_32_depth_8,token_policy_bundle,pi_mem+pi_null+pi_valid+pi_budget,token,composition_baseline,32,8,token_bundle_b32_d8,baseline,unbound,separate,4,merkle_membership_depth_8;nullifier_correctness_poseidon;local_financial_validity_32;privacy_budget_32,groth16,4953,0.11454699999990225,1.3551776960002826,1.0654879210001127,0.0,2.5352126170002975,3220,267,True,,True,ok,
20260728T123050Z_paper_groth16,2026-07-28T12:36:24.601265+00:00,measured,1,1,11,account_policy_with_privacy_budget_16,account_policy_with_privacy_budget,pi_valid+pi_trans+pi_limit+pi_budget,account,composition,16,,account_budget_b16,baseline,shared_witness,monolithic,1,account_policy_with_privacy_budget_16,groth16,261,0.02072417499994117,0.3068209680000109,0.28509933300006196,0.0,0.612644476000014,804,21,True,,True,ok,
20260728T123050Z_paper_groth16,2026-07-28T12:36:25.225245+00:00,measured,1,1,12,local_validity_and_operating_limit_32,local_validity_and_operating_limit,pi_valid+pi_limit,account,composition,32,,valid_limit_b32,baseline,shared_witness,monolithic,1,local_validity_and_operating_limit_32,groth16,243,0.022202527999979793,0.3300330160000158,0.2711062399998809,0.0,0.6233417839998765,807,16,True,,True,ok,
20260728T123050Z_paper_groth16,2026-07-28T12:36:27.938996+00:00,measured,1,1,13,linked_separate_account_budget_32,account_policy_with_privacy_budget,pi_valid+pi_trans+pi_limit+pi_budget,account,composition_baseline,32,,account_budget_b32,commitment_linked,tx_tag,separate,4,linked_account_budget_validity_32;linked_account_budget_transition_32;linked_account_budget_limit_32;linked_account_budget_budget_32,groth16,6333,0.2382658450001145,1.3752994009996655,1.0886369099998774,3.960999947594246e-06,2.702206116999605,3219,444,True,True,True,ok,
20260728T123050Z_paper_groth16,2026-07-28T12:36:28.550172+00:00,measured,1,1,14,local_validity_and_operating_limit_64,local_validity_and_operating_limit,pi_valid+pi_limit,account,composition,64,,valid_limit_b64,baseline,shared_witness,monolithic,1,local_validity_and_operating_limit_64,groth16,467,0.022742387000107556,0.3170788329998686,0.27066422999996576,0.0,0.6104854499999419,807,26,True,,True,ok,
20260728T123050Z_paper_groth16,2026-07-28T12:36:29.175722+00:00,measured,1,1,15,account_policy_with_privacy_budget_64,account_policy_with_privacy_budget,pi_valid+pi_trans+pi_limit+pi_budget,account,composition,64,,account_budget_b64,baseline,shared_witness,monolithic,1,account_policy_with_privacy_budget_64,groth16,933,0.025689646000046196,0.31725262400004794,0.28191187299989906,0.0,0.6248541429999932,802,50,True,,True,ok,
20260728T123050Z_paper_groth16,2026-07-28T12:36:29.893172+00:00,measured,1,1,16,linked_valid_limit_monolithic_32,local_validity_and_operating_limit,pi_valid+pi_limit,account,composition,32,,valid_limit_b32,commitment_linked,tx_tag,monolithic,1,linked_valid_limit_monolithic_32,groth16,1210,0.04094381400000202,0.37753837400009616,0.29808382300006997,2.260999963255017e-06,0.7165682720001314,806,98,True,True,True,ok,
20260728T123050Z_paper_groth16,2026-07-28T12:36:30.498979+00:00,measured,1,1,17,operating_limit_32,operating_limit,pi_limit,account,individual_policy,32,,,,none,monolithic,1,operating_limit_32,groth16,172,0.022508561999984522,0.3045762389999709,0.2777457270001378,0.0,0.6048305280000932,803,16,True,,True,ok,
20260728T123050Z_paper_groth16,2026-07-28T12:36:31.765092+00:00,measured,1,1,18,separate_valid_limit_32,local_validity_and_operating_limit,pi_valid+pi_limit,account,composition_baseline,32,,valid_limit_b32,baseline,unbound,separate,2,local_financial_validity_32;operating_limit_32,groth16,276,0.04959024499999032,0.6380529329999263,0.577293219000012,0.0,1.2649363969999285,1612,19,True,,True,ok,
20260728T123050Z_paper_groth16,2026-07-28T12:36:32.562754+00:00,measured,1,1,19,merkle_membership_depth_8,merkle_membership,pi_mem,token,individual_policy,,8,,,none,monolithic,1,merkle_membership_depth_8,groth16,4160,0.03934531999993851,0.4629683109999405,0.2946716619999279,0.0,0.7969852929998069,803,84,True,,True,ok,
20260728T123050Z_paper_groth16,2026-07-28T12:36:33.264380+00:00,measured,1,1,20,nullifier_correctness_poseidon,nullifier_correctness,pi_null,token,individual_policy,,,,,none,monolithic,1,nullifier_correctness_poseidon,groth16,517,0.03524651799989442,0.34729649499990956,0.3183220870000696,0.0,0.7008650999998736,807,164,True,,True,ok,
20260728T123050Z_paper_groth16,2026-07-28T12:36:33.884513+00:00,measured,1,1,21,account_policy_core_64,account_policy_core,pi_valid+pi_trans+pi_limit,account,composition,64,,account_core_b64,baseline,shared_witness,monolithic,1,account_policy_core_64,groth16,666,0.02316222900003595,0.31913622199999736,0.2772134189999633,0.0,0.6195118699999966,805,26,True,,True,ok,
20260728T123050Z_paper_groth16,2026-07-28T12:36:34.742147+00:00,measured,1,1,22,merkle_membership_depth_16,merkle_membership,pi_mem,token,individual_policy,,16,,,none,monolithic,1,merkle_membership_depth_16,groth16,8320,0.042325646999870514,0.5369678039999144,0.2776975079998465,0.0,0.8569909589996314,805,84,True,,True,ok,
20260728T123050Z_paper_groth16,2026-07-28T12:36:35.513485+00:00,measured,1,1,23,token_policy_bundle_32_depth_8,token_policy_bundle,pi_mem+pi_null+pi_valid+pi_budget,token,composition,32,8,token_bundle_b32_d8,baseline,shared_witness,monolithic,1,token_policy_bundle_32_depth_8,groth16,5525,0.0477198999999473,0.4488375089999863,0.2739393609999752,0.0,0.7704967699999088,805,261,True,,True,ok,
20260728T123050Z_paper_groth16,2026-07-28T12:36:36.081622+00:00,measured,1,1,24,state_transition_and_conservation_32,state_transition_and_conservation,pi_trans,account,individual_policy,32,,,,none,monolithic,1,state_transition_and_conservation_32,groth16,169,0.02079454599993369,0.29225184799997805,0.25448649700001624,0.0,0.567532890999928,806,3,True,,True,ok,
20260728T123050Z_paper_groth16,2026-07-28T12:36:36.632943+00:00,measured,1,1,25,local_financial_validity_64,local_financial_validity,pi_valid,account,individual_policy,64,,,,none,monolithic,1,local_financial_validity_64,groth16,200,0.022285757999952693,0.27760852300002625,0.2508165059998646,0.0,0.5507107869998435,807,3,True,,True,ok,
20260728T123050Z_paper_groth16,2026-07-28T12:36:37.215011+00:00,measured,1,1,26,privacy_budget_32,privacy_budget,pi_budget,account,individual_policy,32,,,,none,monolithic,1,privacy_budget_32,groth16,172,0.022369176999973206,0.30332815699989624,0.25556176400004915,0.0,0.5812590979999186,804,16,True,,True,ok,
20260728T123050Z_paper_groth16,2026-07-28T12:36:39.000952+00:00,measured,1,1,27,separate_account_core_64,account_policy_core,pi_valid+pi_trans+pi_limit,account,composition_baseline,64,,account_core_b64,baseline,unbound,separate,3,local_financial_validity_64;state_transition_and_conservation_64;operating_limit_64,groth16,861,0.0651545390001047,0.9178562120000606,0.7999559130000762,0.0,1.7829666640002415,2413,32,True,,True,ok,
20260728T123050Z_paper_groth16,2026-07-28T12:36:39.564612+00:00,measured,1,1,28,privacy_budget_16,privacy_budget,pi_budget,account,individual_policy,16,,,,none,monolithic,1,privacy_budget_16,groth16,92,0.019717189999937546,0.29704586399998334,0.24626479099993048,0.0,0.5630278449998514,804,11,True,,True,ok,
20260728T123050Z_paper_groth16,2026-07-28T12:36:40.486247+00:00,measured,1,1,29,linked_token_bundle_monolithic_32_depth_16,token_policy_bundle,pi_mem+pi_null+pi_valid+pi_budget,token,composition,32,16,token_bundle_b32_d16,commitment_linked,tx_tag,monolithic,1,linked_token_bundle_monolithic_32_depth_16,groth16,11114,0.062379840999938097,0.5883710109999356,0.26867758200000935,2.172999984395574e-06,0.9194306069998675,806,342,True,True,True,ok,
20260728T123050Z_paper_groth16,2026-07-28T12:36:41.105783+00:00,measured,1,1,30,account_policy_with_privacy_budget_32,account_policy_with_privacy_budget,pi_valid+pi_trans+pi_limit+pi_budget,account,composition,32,,account_budget_b32,baseline,shared_witness,monolithic,1,account_policy_with_privacy_budget_32,groth16,485,0.02304328200011696,0.33180366999999933,0.2640985420000561,0.0,0.6189454940001724,805,30,True,,True,ok,
20260728T123050Z_paper_groth16,2026-07-28T12:36:41.689605+00:00,measured,1,1,31,local_financial_validity_32,local_financial_validity,pi_valid,account,individual_policy,32,,,,none,monolithic,1,local_financial_validity_32,groth16,104,0.02373949600018932,0.2930840479998551,0.26639200599993273,0.0,0.5832155499999772,805,3,True,,True,ok,
20260728T123050Z_paper_groth16,2026-07-28T12:36:42.267244+00:00,measured,1,1,32,operating_limit_16,operating_limit,pi_limit,account,individual_policy,16,,,,none,monolithic,1,operating_limit_16,groth16,92,0.02208985000015673,0.2836187370000971,0.2712421290000293,0.0,0.5769507160002831,807,12,True,,True,ok,
20260728T123050Z_paper_groth16,2026-07-28T12:36:42.861284+00:00,measured,1,1,33,local_financial_validity_16,local_financial_validity,pi_valid,account,individual_policy,16,,,,none,monolithic,1,local_financial_validity_16,groth16,56,0.023149059999923338,0.3064463709999927,0.26370192300009876,0.0,0.5932973540000148,801,3,True,,True,ok,
20260728T123050Z_paper_groth16,2026-07-28T12:36:43.906254+00:00,measured,1,1,34,merkle_membership_depth_32,merkle_membership,pi_mem,token,individual_policy,,32,,,none,monolithic,1,merkle_membership_depth_32,groth16,16640,0.04542518299990661,0.7052004449999458,0.29363165800009483,0.0,1.0442572859999473,805,84,True,,True,ok,
20260728T123050Z_paper_groth16,2026-07-28T12:36:46.710061+00:00,measured,1,1,35,separate_token_bundle_32_depth_32,token_policy_bundle,pi_mem+pi_null+pi_valid+pi_budget,token,composition_baseline,32,32,token_bundle_b32_d32,baseline,unbound,separate,4,merkle_membership_depth_32;nullifier_correctness_poseidon;local_financial_validity_32;privacy_budget_32,groth16,17433,0.12124296300021342,1.622943204999956,1.057395525000402,0.0,2.8015816930005712,3223,267,True,,True,ok,
20260728T123050Z_paper_groth16,2026-07-28T12:36:47.295252+00:00,measured,1,1,36,local_validity_and_operating_limit_16,local_validity_and_operating_limit,pi_valid+pi_limit,account,composition,16,,valid_limit_b16,baseline,shared_witness,monolithic,1,local_validity_and_operating_limit_16,groth16,131,0.021572682000169152,0.31124220300011984,0.2517475130000548,0.0,0.5845623980003438,806,12,True,,True,ok,
20260728T123050Z_paper_groth16,2026-07-28T12:36:48.196239+00:00,measured,1,1,37,token_policy_bundle_32_depth_16,token_policy_bundle,pi_mem+pi_null+pi_valid+pi_budget,token,composition,32,16,token_bundle_b32_d16,baseline,shared_witness,monolithic,1,token_policy_bundle_32_depth_16,groth16,9685,0.047519491000002745,0.5524037669999871,0.3004160640000464,0.0,0.9003393220000362,804,260,True,,True,ok,
20260728T123050Z_paper_groth16,2026-07-28T12:36:48.803361+00:00,measured,1,1,38,account_policy_core_16,account_policy_core,pi_valid+pi_trans+pi_limit,account,composition,16,,account_core_b16,baseline,shared_witness,monolithic,1,account_policy_core_16,groth16,186,0.024065690999805156,0.2936329270000897,0.2887532719998944,0.0,0.6064518899997893,804,12,True,,True,ok,
20260728T123050Z_paper_groth16,2026-07-28T12:36:50.002727+00:00,measured,1,1,39,separate_valid_limit_64,local_validity_and_operating_limit,pi_valid+pi_limit,account,composition_baseline,64,,valid_limit_b64,baseline,unbound,separate,2,local_financial_validity_64;operating_limit_64,groth16,532,0.048191130000077465,0.6280554500001472,0.5216183950001323,0.0,1.197864975000357,1610,29,True,,True,ok,
20260728T123050Z_paper_groth16,2026-07-28T12:36:51.753881+00:00,measured,1,1,40,separate_account_core_16,account_policy_core,pi_valid+pi_trans+pi_limit,account,composition_baseline,16,,account_core_b16,baseline,unbound,separate,3,local_financial_validity_16;state_transition_and_conservation_16;operating_limit_16,groth16,237,0.06071686899986162,0.8843768120002551,0.8044404869997379,0.0,1.7495341679998546,2414,18,True,,True,ok,
20260728T123050Z_paper_groth16,2026-07-28T12:36:54.355350+00:00,measured,1,1,41,separate_token_bundle_32_depth_16,token_policy_bundle,pi_mem+pi_null+pi_valid+pi_budget,token,composition_baseline,32,16,token_bundle_b32_d16,baseline,unbound,separate,4,merkle_membership_depth_16;nullifier_correctness_poseidon;local_financial_validity_32;privacy_budget_32,groth16,9113,0.11856266300014795,1.4373050180001883,1.0434286039994731,0.0,2.5992962849998094,3223,267,True,,True,ok,
20260728T123050Z_paper_groth16,2026-07-28T12:36:54.939084+00:00,measured,1,1,42,state_transition_and_conservation_64,state_transition_and_conservation,pi_trans,account,individual_policy,64,,,,none,monolithic,1,state_transition_and_conservation_64,groth16,329,0.022133643999950436,0.3047250150000309,0.2562229490001755,0.0,0.5830816080001568,807,3,True,,True,ok,
20260728T123050Z_paper_groth16,2026-07-28T12:36:56.298156+00:00,measured,1,1,43,linked_separate_valid_limit_32,local_validity_and_operating_limit,pi_valid+pi_limit,account,composition_baseline,32,,valid_limit_b32,commitment_linked,tx_tag,separate,2,linked_valid_limit_validity_32;linked_valid_limit_limit_32,groth16,2210,0.08107732200005557,0.7157012289999329,0.5606597050000346,2.924999989772914e-06,1.3574411810000129,1604,196,True,True,True,ok,
20260728T123050Z_paper_groth16,2026-07-28T12:36:58.033380+00:00,measured,1,1,44,separate_account_core_32,account_policy_core,pi_valid+pi_trans+pi_limit,account,composition_baseline,32,,account_core_b32,baseline,unbound,separate,3,local_financial_validity_32;state_transition_and_conservation_32;operating_limit_32,groth16,445,0.06420399399985399,0.8992316110000047,0.7701243490000707,0.0,1.7335599539999293,2412,22,True,,True,ok,
20260728T123050Z_paper_groth16,2026-07-28T12:37:00.426193+00:00,measured,1,1,45,separate_account_budget_16,account_policy_with_privacy_budget,pi_valid+pi_trans+pi_limit+pi_budget,account,composition_baseline,16,,account_budget_b16,baseline,unbound,separate,4,local_financial_validity_16;state_transition_and_conservation_16;operating_limit_16;privacy_budget_16,groth16,329,0.08259137400023064,1.247128634000319,1.0609373219999725,0.0,2.390657330000522,3222,29,True,,True,ok,
20260728T123050Z_paper_groth16,2026-07-28T12:37:01.615603+00:00,measured,1,1,46,separate_valid_limit_16,local_validity_and_operating_limit,pi_valid+pi_limit,account,composition_baseline,16,,valid_limit_b16,baseline,unbound,separate,2,local_financial_validity_16;operating_limit_16,groth16,148,0.04575366400013081,0.6133764559997417,0.5290141329999187,0.0,1.1881442529997912,1614,15,True,,True,ok,
20260728T123050Z_paper_groth16,2026-07-28T12:37:02.784505+00:00,measured,1,2,1,separate_valid_limit_16,local_validity_and_operating_limit,pi_valid+pi_limit,account,composition_baseline,16,,valid_limit_b16,baseline,unbound,separate,2,local_financial_validity_16;operating_limit_16,groth16,148,0.04524093399982121,0.598823684999843,0.523710544000096,0.0,1.1677751629997601,1614,15,True,,True,ok,
20260728T123050Z_paper_groth16,2026-07-28T12:37:03.715319+00:00,measured,1,2,2,linked_token_bundle_monolithic_32_depth_16,token_policy_bundle,pi_mem+pi_null+pi_valid+pi_budget,token,composition,32,16,token_bundle_b32_d16,commitment_linked,tx_tag,monolithic,1,linked_token_bundle_monolithic_32_depth_16,groth16,11114,0.06586174699987168,0.5716223899999022,0.29049721399996997,2.7060000320489053e-06,0.9279840569997759,805,342,True,True,True,ok,
20260728T123050Z_paper_groth16,2026-07-28T12:37:04.408656+00:00,measured,1,2,3,linked_account_budget_monolithic_32,account_policy_with_privacy_budget,pi_valid+pi_trans+pi_limit+pi_budget,account,composition,32,,account_budget_b32,commitment_linked,tx_tag,monolithic,1,linked_account_budget_monolithic_32,groth16,1914,0.06610919899981127,0.3534983669999292,0.27280004099998223,2.198000174757908e-06,0.6924098049998975,803,111,True,True,True,ok,
20260728T123050Z_paper_groth16,2026-07-28T12:37:06.163690+00:00,measured,1,2,4,separate_account_core_16,account_policy_core,pi_valid+pi_trans+pi_limit,account,composition_baseline,16,,account_core_b16,baseline,unbound,separate,3,local_financial_validity_16;state_transition_and_conservation_16;operating_limit_16,groth16,237,0.07050043400022332,0.8970957330000147,0.7850563839999722,0.0,1.7526525510002102,2418,18,True,,True,ok,
20260728T123050Z_paper_groth16,2026-07-28T12:37:06.747237+00:00,measured,1,2,5,privacy_budget_16,privacy_budget,pi_budget,account,individual_policy,16,,,,none,monolithic,1,privacy_budget_16,groth16,92,0.0199260960000629,0.2995845450000161,0.26338226799998665,0.0,0.5828929090000656,804,11,True,,True,ok,
20260728T123050Z_paper_groth16,2026-07-28T12:37:09.083319+00:00,measured,1,2,6,separate_account_budget_64,account_policy_with_privacy_budget,pi_valid+pi_trans+pi_limit+pi_budget,account,composition_baseline,64,,account_budget_b64,baseline,unbound,separate,4,local_financial_validity_64;state_transition_and_conservation_64;operating_limit_64;privacy_budget_64,groth16,1193,0.08966159399960816,1.2079459229998974,1.0358620300000894,0.0,2.333469546999595,3220,58,True,,True,ok,
20260728T123050Z_paper_groth16,2026-07-28T12:37:10.178011+00:00,measured,1,2,7,token_policy_bundle_32_depth_32,token_policy_bundle,pi_mem+pi_null+pi_valid+pi_budget,token,composition,32,32,token_bundle_b32_d32,baseline,shared_witness,monolithic,1,token_policy_bundle_32_depth_32,groth16,18005,0.052188980999972046,0.7258959450000475,0.3158686270000999,0.0,1.0939535530001194,805,261,True,,True,ok,
20260728T123050Z_paper_groth16,2026-07-28T12:37:10.838105+00:00,measured,1,2,8,account_policy_with_privacy_budget_64,account_policy_with_privacy_budget,pi_valid+pi_trans+pi_limit+pi_budget,account,composition,64,,account_budget_b64,baseline,shared_witness,monolithic,1,account_policy_with_privacy_budget_64,groth16,933,0.02236557800006267,0.3256451739998738,0.3114818379999633,0.0,0.6594925899998998,807,50,True,,True,ok,
20260728T123050Z_paper_groth16,2026-07-28T12:37:11.509855+00:00,measured,1,2,9,account_policy_with_privacy_budget_32,account_policy_with_privacy_budget,pi_valid+pi_trans+pi_limit+pi_budget,account,composition,32,,account_budget_b32,baseline,shared_witness,monolithic,1,account_policy_with_privacy_budget_32,groth16,485,0.025957232000109798,0.33103861800009327,0.31413365700018403,0.0,0.6711295070003871,802,30,True,,True,ok,
20260728T123050Z_paper_groth16,2026-07-28T12:37:12.733316+00:00,measured,1,2,10,separate_valid_limit_64,local_validity_and_operating_limit,pi_valid+pi_limit,account,composition_baseline,64,,valid_limit_b64,baseline,unbound,separate,2,local_financial_validity_64;operating_limit_64,groth16,532,0.04815253899982963,0.6079046450001897,0.5661895039997944,0.0,1.2222466879998137,1609,29,True,,True,ok,
20260728T123050Z_paper_groth16,2026-07-28T12:37:13.315094+00:00,measured,1,2,11,privacy_budget_32,privacy_budget,pi_budget,account,individual_policy,32,,,,none,monolithic,1,privacy_budget_32,groth16,172,0.021833025999967504,0.28801442300004965,0.2713043410001319,0.0,0.581151790000149,806,16,True,,True,ok,
20260728T123050Z_paper_groth16,2026-07-28T12:37:13.906117+00:00,measured,1,2,12,local_financial_validity_16,local_financial_validity,pi_valid,account,individual_policy,16,,,,none,monolithic,1,local_financial_validity_16,groth16,56,0.02183987800003706,0.2982496069998888,0.27030722900008186,0.0,0.5903967140000077,807,3,True,,True,ok,
20260728T123050Z_paper_groth16,2026-07-28T12:37:14.471648+00:00,measured,1,2,13,state_transition_and_conservation_64,state_transition_and_conservation,pi_trans,account,individual_policy,64,,,,none,monolithic,1,state_transition_and_conservation_64,groth16,329,0.021591971999896487,0.29191705299990645,0.2513662950000253,0.0,0.5648753199998282,807,3,True,,True,ok,
20260728T123050Z_paper_groth16,2026-07-28T12:37:15.707688+00:00,measured,1,2,14,separate_valid_limit_32,local_validity_and_operating_limit,pi_valid+pi_limit,account,composition_baseline,32,,valid_limit_b32,baseline,unbound,separate,2,local_financial_validity_32;operating_limit_32,groth16,276,0.04696640900010607,0.6407413750000615,0.5468855100000383,0.0,1.2345932940002058,1600,19,True,,True,ok,
20260728T123050Z_paper_groth16,2026-07-28T12:37:17.636524+00:00,measured,1,2,15,separate_account_core_64,account_policy_core,pi_valid+pi_trans+pi_limit,account,composition_baseline,64,,account_core_b64,baseline,unbound,separate,3,local_financial_validity_64;state_transition_and_conservation_64;operating_limit_64,groth16,861,0.06871493400012696,1.033687165000174,0.8246293639999749,0.0,1.9270314630002758,2415,32,True,,True,ok,
20260728T123050Z_paper_groth16,2026-07-28T12:37:18.299088+00:00,measured,1,2,16,linked_valid_limit_monolithic_32,local_validity_and_operating_limit,pi_valid+pi_limit,account,composition,32,,valid_limit_b32,commitment_linked,tx_tag,monolithic,1,linked_valid_limit_monolithic_32,groth16,1210,0.041508223999926486,0.3547275159999117,0.26537336100000175,3.094000021519605e-06,0.6616121949998615,807,98,True,True,True,ok,
20260728T123050Z_paper_groth16,2026-07-28T12:37:18.897931+00:00,measured,1,2,17,account_policy_core_16,account_policy_core,pi_valid+pi_trans+pi_limit,account,composition,16,,account_core_b16,baseline,shared_witness,monolithic,1,account_policy_core_16,groth16,186,0.02089870300005714,0.3004918879998968,0.2767911539999659,0.0,0.5981817449999198,808,12,True,,True,ok,
20260728T123050Z_paper_groth16,2026-07-28T12:37:19.478569+00:00,measured,1,2,18,local_validity_and_operating_limit_32,local_validity_and_operating_limit,pi_valid+pi_limit,account,composition,32,,valid_limit_b32,baseline,shared_witness,monolithic,1,local_validity_and_operating_limit_32,groth16,243,0.025234652999870377,0.28335434799987524,0.2714113869999437,0.0,0.5800003879996893,806,16,True,,True,ok,
20260728T123050Z_paper_groth16,2026-07-28T12:37:20.087885+00:00,measured,1,2,19,account_policy_with_privacy_budget_16,account_policy_with_privacy_budget,pi_valid+pi_trans+pi_limit+pi_budget,account,composition,16,,account_budget_b16,baseline,shared_witness,monolithic,1,account_policy_with_privacy_budget_16,groth16,261,0.022592765000126747,0.3121993659999589,0.2738925530002234,0.0,0.6086846840003091,805,21,True,,True,ok,
20260728T123050Z_paper_groth16,2026-07-28T12:37:21.117879+00:00,measured,1,2,20,merkle_membership_depth_32,merkle_membership,pi_mem,token,individual_policy,,32,,,none,monolithic,1,merkle_membership_depth_32,groth16,16640,0.04509589600002073,0.7085324180000043,0.27548712299994804,0.0,1.029115436999973,804,84,True,,True,ok,
20260728T123050Z_paper_groth16,2026-07-28T12:37:21.704003+00:00,measured,1,2,21,privacy_budget_64,privacy_budget,pi_budget,account,individual_policy,64,,,,none,monolithic,1,privacy_budget_64,groth16,332,0.021835113000179263,0.3030933720001485,0.26034002799997324,0.0,0.585268513000301,805,26,True,,True,ok,
20260728T123050Z_paper_groth16,2026-07-28T12:37:24.052944+00:00,measured,1,2,22,separate_account_budget_16,account_policy_with_privacy_budget,pi_valid+pi_trans+pi_limit+pi_budget,account,composition_baseline,16,,account_budget_b16,baseline,unbound,separate,4,local_financial_validity_16;state_transition_and_conservation_16;operating_limit_16;privacy_budget_16,groth16,329,0.0868607219997557,1.1778330930001175,1.0818861180000567,0.0,2.34657993299993,3222,29,True,,True,ok,
20260728T123050Z_paper_groth16,2026-07-28T12:37:25.393584+00:00,measured,1,2,23,linked_separate_valid_limit_32,local_validity_and_operating_limit,pi_valid+pi_limit,account,composition_baseline,32,,valid_limit_b32,commitment_linked,tx_tag,separate,2,linked_valid_limit_validity_32;linked_valid_limit_limit_32,groth16,2210,0.08493515100008153,0.6993728699999338,0.5547370560000218,2.5859999368549325e-06,1.339047662999974,1607,196,True,True,True,ok,
20260728T123050Z_paper_groth16,2026-07-28T12:37:26.001489+00:00,measured,1,2,24,local_validity_and_operating_limit_64,local_validity_and_operating_limit,pi_valid+pi_limit,account,composition,64,,valid_limit_b64,baseline,shared_witness,monolithic,1,local_validity_and_operating_limit_64,groth16,467,0.019596140999965428,0.3160696019999705,0.271591909000108,0.0,0.6072576520000439,808,26,True,,True,ok,
20260728T123050Z_paper_groth16,2026-07-28T12:37:26.557594+00:00,measured,1,2,25,operating_limit_16,operating_limit,pi_limit,account,individual_policy,16,,,,none,monolithic,1,operating_limit_16,groth16,92,0.02118848899999648,0.2807343499998751,0.2535519960001693,0.0,0.5554748350000409,806,12,True,,True,ok,
20260728T123050Z_paper_groth16,2026-07-28T12:37:27.345391+00:00,measured,1,2,26,token_policy_bundle_32_depth_8,token_policy_bundle,pi_mem+pi_null+pi_valid+pi_budget,token,composition,32,8,token_bundle_b32_d8,baseline,shared_witness,monolithic,1,token_policy_bundle_32_depth_8,groth16,5525,0.04525174299988066,0.45946204599999874,0.2822789260001173,0.0,0.7869927149999967,807,261,True,,True,ok,
20260728T123050Z_paper_groth16,2026-07-28T12:37:28.196639+00:00,measured,1,2,27,token_policy_bundle_32_depth_16,token_policy_bundle,pi_mem+pi_null+pi_valid+pi_budget,token,composition,32,16,token_bundle_b32_d16,baseline,shared_witness,monolithic,1,token_policy_bundle_32_depth_16,groth16,9685,0.051749189000020124,0.5163982290000604,0.28239652499996737,0.0,0.8505439430000479,806,260,True,,True,ok,
20260728T123050Z_paper_groth16,2026-07-28T12:37:28.811675+00:00,measured,1,2,28,local_financial_validity_64,local_financial_validity,pi_valid,account,individual_policy,64,,,,none,monolithic,1,local_financial_validity_64,groth16,200,0.022637701999883575,0.299449020000111,0.2923506939998788,0.0,0.6144374159998733,807,3,True,,True,ok,
20260728T123050Z_paper_groth16,2026-07-28T12:37:31.510297+00:00,measured,1,2,29,linked_separate_account_budget_32,account_policy_with_privacy_budget,pi_valid+pi_trans+pi_limit+pi_budget,account,composition_baseline,32,,account_budget_b32,commitment_linked,tx_tag,separate,4,linked_account_budget_validity_32;linked_account_budget_transition_32;linked_account_budget_limit_32;linked_account_budget_budget_32,groth16,6333,0.2366901139998845,1.3893438629997945,1.0693639359999452,2.72200009021617e-06,2.6954006349997144,3221,444,True,True,True,ok,
20260728T123050Z_paper_groth16,2026-07-28T12:37:32.086033+00:00,measured,1,2,30,state_transition_and_conservation_16,state_transition_and_conservation,pi_trans,account,individual_policy,16,,,,none,monolithic,1,state_transition_and_conservation_16,groth16,89,0.021010114000091562,0.2853643949999878,0.2687519159999283,0.0,0.5751264250000077,803,3,True,,True,ok,
20260728T123050Z_paper_groth16,2026-07-28T12:37:32.931994+00:00,measured,1,2,31,merkle_membership_depth_16,merkle_membership,pi_mem,token,individual_policy,,16,,,none,monolithic,1,merkle_membership_depth_16,groth16,8320,0.04097580999996353,0.5244272969998747,0.27971619400000236,0.0,0.8451193009998406,802,84,True,,True,ok,
20260728T123050Z_paper_groth16,2026-07-28T12:37:33.514129+00:00,measured,1,2,32,account_policy_core_64,account_policy_core,pi_valid+pi_trans+pi_limit,account,composition,64,,account_core_b64,baseline,shared_witness,monolithic,1,account_policy_core_64,groth16,666,0.022241662000169526,0.3039665909998348,0.2549866930000917,0.0,0.581194946000096,802,26,True,,True,ok,
20260728T123050Z_paper_groth16,2026-07-28T12:37:34.129447+00:00,measured,1,2,33,account_policy_core_32,account_policy_core,pi_valid+pi_trans+pi_limit,account,composition,32,,account_core_b32,baseline,shared_witness,monolithic,1,account_policy_core_32,groth16,346,0.02397853499996927,0.3206694170000901,0.26998069499995836,0.0,0.6146286470000177,805,16,True,,True,ok,
20260728T123050Z_paper_groth16,2026-07-28T12:37:36.472506+00:00,measured,1,2,34,separate_account_budget_32,account_policy_with_privacy_budget,pi_valid+pi_trans+pi_limit+pi_budget,account,composition_baseline,32,,account_budget_b32,baseline,unbound,separate,4,local_financial_validity_32;state_transition_and_conservation_32;operating_limit_32;privacy_budget_32,groth16,617,0.07909782099977747,1.2043968439998025,1.0572590750000472,0.0,2.340753739999627,3218,38,True,,True,ok,
20260728T123050Z_paper_groth16,2026-07-28T12:37:38.267251+00:00,measured,1,2,35,separate_account_core_32,account_policy_core,pi_valid+pi_trans+pi_limit,account,composition_baseline,32,,account_core_b32,baseline,unbound,separate,3,local_financial_validity_32;state_transition_and_conservation_32;operating_limit_32,groth16,445,0.06603393599993979,0.931479735000039,0.7955803160002688,0.0,1.7930939870002476,2416,22,True,,True,ok,
20260728T123050Z_paper_groth16,2026-07-28T12:37:38.872441+00:00,measured,1,2,36,state_transition_and_conservation_32,state_transition_and_conservation,pi_trans,account,individual_policy,32,,,,none,monolithic,1,state_transition_and_conservation_32,groth16,169,0.02133393500002967,0.2985349000000497,0.28467367899997953,0.0,0.6045425140000589,806,3,True,,True,ok,
20260728T123050Z_paper_groth16,2026-07-28T12:37:41.506769+00:00,measured,1,2,37,separate_token_bundle_32_depth_8,token_policy_bundle,pi_mem+pi_null+pi_valid+pi_budget,token,composition_baseline,32,8,token_bundle_b32_d8,baseline,unbound,separate,4,merkle_membership_depth_8;nullifier_correctness_poseidon;local_financial_validity_32;privacy_budget_32,groth16,4953,0.12197616099979314,1.4250924709999708,1.0847968429998218,0.0,2.631865474999586,3226,267,True,,True,ok,
20260728T123050Z_paper_groth16,2026-07-28T12:37:44.397278+00:00,measured,1,2,38,linked_separate_token_bundle_32_depth_16,token_policy_bundle,pi_mem+pi_null+pi_valid+pi_budget,token,composition_baseline,32,16,token_bundle_b32_d16,commitment_linked,tx_tag,separate,4,linked_token_bundle_membership_32_depth_16;linked_token_bundle_nullifier_32_depth_16;linked_token_bundle_validity_32_depth_16;linked_token_bundle_budget_32_depth_16,groth16,15434,0.23731145299984746,1.610256561000142,1.0382939199998873,2.8040001325280173e-06,2.8858647380000093,3216,1368,True,True,True,ok,
20260728T123050Z_paper_groth16,2026-07-28T12:37:45.005519+00:00,measured,1,2,39,operating_limit_32,operating_limit,pi_limit,account,individual_policy,32,,,,none,monolithic,1,operating_limit_32,groth16,172,0.02039260399988052,0.32120280999993156,0.26601912000000993,0.0,0.607614533999822,804,16,True,,True,ok,
20260728T123050Z_paper_groth16,2026-07-28T12:37:47.788397+00:00,measured,1,2,40,separate_token_bundle_32_depth_32,token_policy_bundle,pi_mem+pi_null+pi_valid+pi_budget,token,composition_baseline,32,32,token_bundle_b32_d32,baseline,unbound,separate,4,merkle_membership_depth_32;nullifier_correctness_poseidon;local_financial_validity_32;privacy_budget_32,groth16,17433,0.11543880099998205,1.6266511080000328,1.0386296209999273,0.0,2.780719529999942,3230,267,True,,True,ok,
20260728T123050Z_paper_groth16,2026-07-28T12:37:50.461227+00:00,measured,1,2,41,separate_token_bundle_32_depth_16,token_policy_bundle,pi_mem+pi_null+pi_valid+pi_budget,token,composition_baseline,32,16,token_bundle_b32_d16,baseline,unbound,separate,4,merkle_membership_depth_16;nullifier_correctness_poseidon;local_financial_validity_32;privacy_budget_32,groth16,9113,0.12030302199991638,1.4990701599997465,1.051190222999594,0.0,2.670563404999257,3219,267,True,,True,ok,
20260728T123050Z_paper_groth16,2026-07-28T12:37:51.077033+00:00,measured,1,2,42,operating_limit_64,operating_limit,pi_limit,account,individual_policy,64,,,,none,monolithic,1,operating_limit_64,groth16,332,0.0217649999999594,0.3041002850000041,0.2892653049998444,0.0,0.6151305899998079,803,26,True,,True,ok,
20260728T123050Z_paper_groth16,2026-07-28T12:37:51.821385+00:00,measured,1,2,43,merkle_membership_depth_8,merkle_membership,pi_mem,token,individual_policy,,8,,,none,monolithic,1,merkle_membership_depth_8,groth16,4160,0.040270005999900604,0.42544794499985983,0.2768588340002225,0.0,0.7425767849999829,803,84,True,,True,ok,
20260728T123050Z_paper_groth16,2026-07-28T12:37:52.475887+00:00,measured,1,2,44,nullifier_correctness_poseidon,nullifier_correctness,pi_null,token,individual_policy,,,,,none,monolithic,1,nullifier_correctness_poseidon,groth16,517,0.033879121999916606,0.348501264999868,0.27136235400007536,0.0,0.65374274099986,802,164,True,,True,ok,
20260728T123050Z_paper_groth16,2026-07-28T12:37:53.090046+00:00,measured,1,2,45,local_validity_and_operating_limit_16,local_validity_and_operating_limit,pi_valid+pi_limit,account,composition,16,,valid_limit_b16,baseline,shared_witness,monolithic,1,local_validity_and_operating_limit_16,groth16,131,0.024040100999854985,0.3265507460000663,0.26257303500005946,0.0,0.6131638819999807,808,12,True,,True,ok,
20260728T123050Z_paper_groth16,2026-07-28T12:37:53.652605+00:00,measured,1,2,46,local_financial_validity_32,local_financial_validity,pi_valid,account,individual_policy,32,,,,none,monolithic,1,local_financial_validity_32,groth16,104,0.021364879000202563,0.2842432130000816,0.256347956999889,0.0,0.5619560490001732,806,3,True,,True,ok,
20260728T123050Z_paper_groth16,2026-07-28T12:37:54.225032+00:00,measured,1,3,1,account_policy_core_32,account_policy_core,pi_valid+pi_trans+pi_limit,account,composition,32,,account_core_b32,baseline,shared_witness,monolithic,1,account_policy_core_32,groth16,346,0.020739139999932377,0.2908263069998611,0.260228282000071,0.0,0.5717937289998645,802,16,True,,True,ok,
20260728T123050Z_paper_groth16,2026-07-28T12:37:54.877110+00:00,measured,1,3,2,account_policy_core_16,account_policy_core,pi_valid+pi_trans+pi_limit,account,composition,16,,account_core_b16,baseline,shared_witness,monolithic,1,account_policy_core_16,groth16,186,0.022949363999941852,0.31870221299982404,0.30978798000001007,0.0,0.651439556999776,805,12,True,,True,ok,
20260728T123050Z_paper_groth16,2026-07-28T12:37:55.447827+00:00,measured,1,3,3,local_validity_and_operating_limit_16,local_validity_and_operating_limit,pi_valid+pi_limit,account,composition,16,,valid_limit_b16,baseline,shared_witness,monolithic,1,local_validity_and_operating_limit_16,groth16,131,0.02089508099993509,0.28734310999993795,0.2618511179998677,0.0,0.5700893089997408,804,12,True,,True,ok,
20260728T123050Z_paper_groth16,2026-07-28T12:37:56.025540+00:00,measured,1,3,4,state_transition_and_conservation_64,state_transition_and_conservation,pi_trans,account,individual_policy,64,,,,none,monolithic,1,state_transition_and_conservation_64,groth16,329,0.022696366999980455,0.29102358499994807,0.2633737310000015,0.0,0.57709368299993,804,3,True,,True,ok,
20260728T123050Z_paper_groth16,2026-07-28T12:37:57.056377+00:00,measured,1,3,5,merkle_membership_depth_32,merkle_membership,pi_mem,token,individual_policy,,32,,,none,monolithic,1,merkle_membership_depth_32,groth16,16640,0.04171163700016223,0.7149827739999637,0.2733208319998539,0.0,1.0300152429999798,805,84,True,,True,ok,
20260728T123050Z_paper_groth16,2026-07-28T12:37:58.226308+00:00,measured,1,3,6,separate_valid_limit_64,local_validity_and_operating_limit,pi_valid+pi_limit,account,composition_baseline,64,,valid_limit_b64,baseline,unbound,separate,2,local_financial_validity_64;operating_limit_64,groth16,532,0.042481983000016044,0.6120735819999936,0.5141488169999775,0.0,1.1687043819999872,1610,29,True,,True,ok,
20260728T123050Z_paper_groth16,2026-07-28T12:37:59.120261+00:00,measured,1,3,7,linked_token_bundle_monolithic_32_depth_16,token_policy_bundle,pi_mem+pi_null+pi_valid+pi_budget,token,composition,32,16,token_bundle_b32_d16,commitment_linked,tx_tag,monolithic,1,linked_token_bundle_monolithic_32_depth_16,groth16,11114,0.06369931599988377,0.5387923680000313,0.2892217419998815,2.536000010877615e-06,0.8917159619998074,806,342,True,True,True,ok,
20260728T123050Z_paper_groth16,2026-07-28T12:37:59.865556+00:00,measured,1,3,8,merkle_membership_depth_8,merkle_membership,pi_mem,token,individual_policy,,8,,,none,monolithic,1,merkle_membership_depth_8,groth16,4160,0.042724421999992046,0.4298157559999254,0.27215753800010134,0.0,0.7446977160000188,803,84,True,,True,ok,
20260728T123050Z_paper_groth16,2026-07-28T12:38:01.613463+00:00,measured,1,3,9,separate_account_core_16,account_policy_core,pi_valid+pi_trans+pi_limit,account,composition_baseline,16,,account_core_b16,baseline,unbound,separate,3,local_financial_validity_16;state_transition_and_conservation_16;operating_limit_16,groth16,237,0.06260474700025043,0.8815246589999788,0.8020663070001319,0.0,1.7461957130003611,2414,18,True,,True,ok,
20260728T123050Z_paper_groth16,2026-07-28T12:38:02.196200+00:00,measured,1,3,10,privacy_budget_16,privacy_budget,pi_budget,account,individual_policy,16,,,,none,monolithic,1,privacy_budget_16,groth16,92,0.018032935000064754,0.2886067929998717,0.27543942299985247,0.0,0.5820791509997889,806,11,True,,True,ok,
20260728T123050Z_paper_groth16,2026-07-28T12:38:04.780621+00:00,measured,1,3,11,separate_token_bundle_32_depth_8,token_policy_bundle,pi_mem+pi_null+pi_valid+pi_budget,token,composition_baseline,32,8,token_bundle_b32_d8,baseline,unbound,separate,4,merkle_membership_depth_8;nullifier_correctness_poseidon;local_financial_validity_32;privacy_budget_32,groth16,4953,0.1186688730001606,1.3973862170000757,1.066054111000085,0.0,2.5821092010003213,3221,267,True,,True,ok,
20260728T123050Z_paper_groth16,2026-07-28T12:38:05.401234+00:00,measured,1,3,12,account_policy_with_privacy_budget_16,account_policy_with_privacy_budget,pi_valid+pi_trans+pi_limit+pi_budget,account,composition,16,,account_budget_b16,baseline,shared_witness,monolithic,1,account_policy_with_privacy_budget_16,groth16,261,0.022082309999859717,0.3285938359999818,0.26924800500000856,0.0,0.6199241509998501,803,21,True,,True,ok,
20260728T123050Z_paper_groth16,2026-07-28T12:38:07.219416+00:00,measured,1,3,13,separate_account_core_32,account_policy_core,pi_valid+pi_trans+pi_limit,account,composition_baseline,32,,account_core_b32,baseline,unbound,separate,3,local_financial_validity_32;state_transition_and_conservation_32;operating_limit_32,groth16,445,0.063264854000181,0.9473382359999505,0.8059529869999551,0.0,1.8165560770000866,2417,22,True,,True,ok,
20260728T123050Z_paper_groth16,2026-07-28T12:38:07.790029+00:00,measured,1,3,14,privacy_budget_32,privacy_budget,pi_budget,account,individual_policy,32,,,,none,monolithic,1,privacy_budget_32,groth16,172,0.021424430000024586,0.2933927050000875,0.25516933900007643,0.0,0.5699864740001885,806,16,True,,True,ok,
20260728T123050Z_paper_groth16,2026-07-28T12:38:09.094294+00:00,measured,1,3,15,linked_separate_valid_limit_32,local_validity_and_operating_limit,pi_valid+pi_limit,account,composition_baseline,32,,valid_limit_b32,commitment_linked,tx_tag,separate,2,linked_valid_limit_validity_32;linked_valid_limit_limit_32,groth16,2210,0.08084500700010722,0.6721260239999083,0.549680404000128,2.6119998892681906e-06,1.3026540470000327,1609,196,True,True,True,ok,
20260728T123050Z_paper_groth16,2026-07-28T12:38:09.666146+00:00,measured,1,3,16,operating_limit_16,operating_limit,pi_limit,account,individual_policy,16,,,,none,monolithic,1,operating_limit_16,groth16,92,0.02120528499995089,0.29396385599989117,0.2560941490000914,0.0,0.5712632899999335,803,12,True,,True,ok,
20260728T123050Z_paper_groth16,2026-07-28T12:38:10.248518+00:00,measured,1,3,17,account_policy_with_privacy_budget_32,account_policy_with_privacy_budget,pi_valid+pi_trans+pi_limit+pi_budget,account,composition,32,,account_budget_b32,baseline,shared_witness,monolithic,1,account_policy_with_privacy_budget_32,groth16,485,0.02406165500019597,0.2960724970000683,0.2616186430000198,0.0,0.5817527950002841,809,30,True,,True,ok,
20260728T123050Z_paper_groth16,2026-07-28T12:38:11.281768+00:00,measured,1,3,18,token_policy_bundle_32_depth_32,token_policy_bundle,pi_mem+pi_null+pi_valid+pi_budget,token,composition,32,32,token_bundle_b32_d32,baseline,shared_witness,monolithic,1,token_policy_bundle_32_depth_32,groth16,18005,0.04823665699996127,0.7050319779998517,0.27907072100015284,0.0,1.0323393559999658,804,261,True,,True,ok,
20260728T123050Z_paper_groth16,2026-07-28T12:38:11.856117+00:00,measured,1,3,19,state_transition_and_conservation_16,state_transition_and_conservation,pi_trans,account,individual_policy,16,,,,none,monolithic,1,state_transition_and_conservation_16,groth16,89,0.021306638000169187,0.2938744810001026,0.2585127340000781,0.0,0.5736938530003499,802,3,True,,True,ok,
20260728T123050Z_paper_groth16,2026-07-28T12:38:14.186187+00:00,measured,1,3,20,separate_account_budget_16,account_policy_with_privacy_budget,pi_valid+pi_trans+pi_limit+pi_budget,account,composition_baseline,16,,account_budget_b16,baseline,unbound,separate,4,local_financial_validity_16;state_transition_and_conservation_16;operating_limit_16;privacy_budget_16,groth16,329,0.08080361199995423,1.2187662029996318,1.0284070700001848,0.0,2.327976884999771,3219,29,True,,True,ok,
20260728T123050Z_paper_groth16,2026-07-28T12:38:14.850342+00:00,measured,1,3,21,linked_valid_limit_monolithic_32,local_validity_and_operating_limit,pi_valid+pi_limit,account,composition,32,,valid_limit_b32,commitment_linked,tx_tag,monolithic,1,linked_valid_limit_monolithic_32,groth16,1210,0.03955789200017534,0.34686343800012764,0.27687550699988606,2.350999920963659e-06,0.66329918800011,806,98,True,True,True,ok,
20260728T123050Z_paper_groth16,2026-07-28T12:38:15.766139+00:00,measured,1,3,22,merkle_membership_depth_16,merkle_membership,pi_mem,token,individual_policy,,16,,,none,monolithic,1,merkle_membership_depth_16,groth16,8320,0.04064950399992995,0.5658354890001647,0.3084026270000777,0.0,0.9148876200001723,804,84,True,,True,ok,
20260728T123050Z_paper_groth16,2026-07-28T12:38:16.355586+00:00,measured,1,3,23,local_financial_validity_16,local_financial_validity,pi_valid,account,individual_policy,16,,,,none,monolithic,1,local_financial_validity_16,groth16,56,0.02545527100005529,0.3081195719998959,0.2551725410000927,0.0,0.5887473840000439,808,3,True,,True,ok,
20260728T123050Z_paper_groth16,2026-07-28T12:38:16.968753+00:00,measured,1,3,24,local_financial_validity_32,local_financial_validity,pi_valid,account,individual_policy,32,,,,none,monolithic,1,local_financial_validity_32,groth16,104,0.021810616999800914,0.32741300900011083,0.26315854099993885,0.0,0.6123821669998506,803,3,True,,True,ok,
20260728T123050Z_paper_groth16,2026-07-28T12:38:19.914246+00:00,measured,1,3,25,linked_separate_token_bundle_32_depth_16,token_policy_bundle,pi_mem+pi_null+pi_valid+pi_budget,token,composition_baseline,32,16,token_bundle_b32_d16,commitment_linked,tx_tag,separate,4,linked_token_bundle_membership_32_depth_16;linked_token_bundle_nullifier_32_depth_16;linked_token_bundle_validity_32_depth_16;linked_token_bundle_budget_32_depth_16,groth16,15434,0.24583890000008068,1.6222592019998956,1.0728416529996139,3.017999915755354e-06,2.940942772999506,3226,1368,True,True,True,ok,
20260728T123050Z_paper_groth16,2026-07-28T12:38:22.371495+00:00,measured,1,3,26,separate_account_budget_64,account_policy_with_privacy_budget,pi_valid+pi_trans+pi_limit+pi_budget,account,composition_baseline,64,,account_budget_b64,baseline,unbound,separate,4,local_financial_validity_64;state_transition_and_conservation_64;operating_limit_64;privacy_budget_64,groth16,1193,0.0850537130002067,1.2876477920001435,1.0823984139999538,0.0,2.455099919000304,3220,58,True,,True,ok,
20260728T123050Z_paper_groth16,2026-07-28T12:38:23.618399+00:00,measured,1,3,27,separate_valid_limit_16,local_validity_and_operating_limit,pi_valid+pi_limit,account,composition_baseline,16,,valid_limit_b16,baseline,unbound,separate,2,local_financial_validity_16;operating_limit_16,groth16,148,0.04692896699998528,0.6198961430000054,0.5788641889998871,0.0,1.2456892989998778,1614,15,True,,True,ok,
20260728T123050Z_paper_groth16,2026-07-28T12:38:24.251294+00:00,measured,1,3,28,operating_limit_32,operating_limit,pi_limit,account,individual_policy,32,,,,none,monolithic,1,operating_limit_32,groth16,172,0.0255518439998923,0.32221070500008864,0.284483229999978,0.0,0.6322457789999589,802,16,True,,True,ok,
20260728T123050Z_paper_groth16,2026-07-28T12:38:25.152694+00:00,measured,1,3,29,token_policy_bundle_32_depth_16,token_policy_bundle,pi_mem+pi_null+pi_valid+pi_budget,token,composition,32,16,token_bundle_b32_d16,baseline,shared_witness,monolithic,1,token_policy_bundle_32_depth_16,groth16,9685,0.04963773000008587,0.5770760450000125,0.27404857099986657,0.0,0.900762345999965,800,260,True,,True,ok,
20260728T123050Z_paper_groth16,2026-07-28T12:38:25.817292+00:00,measured,1,3,30,nullifier_correctness_poseidon,nullifier_correctness,pi_null,token,individual_policy,,,,,none,monolithic,1,nullifier_correctness_poseidon,groth16,517,0.03623538900001222,0.3341637809999156,0.2935509189999266,0.0,0.6639500889998544,804,164,True,,True,ok,
20260728T123050Z_paper_groth16,2026-07-28T12:38:26.972368+00:00,measured,1,3,31,separate_valid_limit_32,local_validity_and_operating_limit,pi_valid+pi_limit,account,composition_baseline,32,,valid_limit_b32,baseline,unbound,separate,2,local_financial_validity_32;operating_limit_32,groth16,276,0.04523596099988936,0.5848982089999026,0.5237158990003081,0.0,1.1538500690001001,1612,19,True,,True,ok,
20260728T123050Z_paper_groth16,2026-07-28T12:38:27.559230+00:00,measured,1,3,32,local_validity_and_operating_limit_32,local_validity_and_operating_limit,pi_valid+pi_limit,account,composition,32,,valid_limit_b32,baseline,shared_witness,monolithic,1,local_validity_and_operating_limit_32,groth16,243,0.021745939000084036,0.3042909000000691,0.2602008400001523,0.0,0.5862376790003054,807,16,True,,True,ok,
20260728T123050Z_paper_groth16,2026-07-28T12:38:28.188413+00:00,measured,1,3,33,account_policy_with_privacy_budget_64,account_policy_with_privacy_budget,pi_valid+pi_trans+pi_limit+pi_budget,account,composition,64,,account_budget_b64,baseline,shared_witness,monolithic,1,account_policy_with_privacy_budget_64,groth16,933,0.022651699000107328,0.3143830919998436,0.29145234800012076,0.0,0.6284871390000717,806,50,True,,True,ok,
20260728T123050Z_paper_groth16,2026-07-28T12:38:30.992953+00:00,measured,1,3,34,linked_separate_account_budget_32,account_policy_with_privacy_budget,pi_valid+pi_trans+pi_limit+pi_budget,account,composition_baseline,32,,account_budget_b32,commitment_linked,tx_tag,separate,4,linked_account_budget_validity_32;linked_account_budget_transition_32;linked_account_budget_limit_32;linked_account_budget_budget_32,groth16,6333,0.24063098600004196,1.4726034690002052,1.087900474999742,2.5680001272121444e-06,2.8011374980001165,3217,444,True,True,True,ok,
20260728T123050Z_paper_groth16,2026-07-28T12:38:31.606055+00:00,measured,1,3,35,operating_limit_64,operating_limit,pi_limit,account,individual_policy,64,,,,none,monolithic,1,operating_limit_64,groth16,332,0.021296963000168034,0.3084259080001175,0.2827196040000217,0.0,0.6124424750003072,807,26,True,,True,ok,
20260728T123050Z_paper_groth16,2026-07-28T12:38:33.960204+00:00,measured,1,3,36,separate_account_budget_32,account_policy_with_privacy_budget,pi_valid+pi_trans+pi_limit+pi_budget,account,composition_baseline,32,,account_budget_b32,baseline,unbound,separate,4,local_financial_validity_32;state_transition_and_conservation_32;operating_limit_32;privacy_budget_32,groth16,617,0.08657195399973716,1.2076184829998056,1.0578248610001992,0.0,2.352015297999742,3218,38,True,,True,ok,
20260728T123050Z_paper_groth16,2026-07-28T12:38:34.615289+00:00,measured,1,3,37,local_validity_and_operating_limit_64,local_validity_and_operating_limit,pi_valid+pi_limit,account,composition,64,,valid_limit_b64,baseline,shared_witness,monolithic,1,local_validity_and_operating_limit_64,groth16,467,0.024068252000006396,0.3474428680001438,0.2829052079998746,0.0,0.6544163280000248,805,26,True,,True,ok,
20260728T123050Z_paper_groth16,2026-07-28T12:38:35.200996+00:00,measured,1,3,38,state_transition_and_conservation_32,state_transition_and_conservation,pi_trans,account,individual_policy,32,,,,none,monolithic,1,state_transition_and_conservation_32,groth16,169,0.021835548000126437,0.3043285639998885,0.25890667699991354,0.0,0.5850707889999285,803,3,True,,True,ok,
20260728T123050Z_paper_groth16,2026-07-28T12:38:37.866348+00:00,measured,1,3,39,separate_token_bundle_32_depth_16,token_policy_bundle,pi_mem+pi_null+pi_valid+pi_budget,token,composition_baseline,32,16,token_bundle_b32_d16,baseline,unbound,separate,4,merkle_membership_depth_16;nullifier_correctness_poseidon;local_financial_validity_32;privacy_budget_32,groth16,9113,0.11308968699950128,1.478454432000035,1.0712980200000857,0.0,2.662842138999622,3213,267,True,,True,ok,
20260728T123050Z_paper_groth16,2026-07-28T12:38:38.458786+00:00,measured,1,3,40,local_financial_validity_64,local_financial_validity,pi_valid,account,individual_policy,64,,,,none,monolithic,1,local_financial_validity_64,groth16,200,0.02187630700018417,0.3068472280001515,0.2630661120001605,0.0,0.5917896470004962,804,3,True,,True,ok,
20260728T123050Z_paper_groth16,2026-07-28T12:38:39.184027+00:00,measured,1,3,41,linked_account_budget_monolithic_32,account_policy_with_privacy_budget,pi_valid+pi_trans+pi_limit+pi_budget,account,composition,32,,account_budget_b32,commitment_linked,tx_tag,monolithic,1,linked_account_budget_monolithic_32,groth16,1914,0.05967007799995372,0.3467923379998865,0.31790202399997725,1.886999825728708e-06,0.7243663269996432,804,111,True,True,True,ok,
20260728T123050Z_paper_groth16,2026-07-28T12:38:39.973305+00:00,measured,1,3,42,token_policy_bundle_32_depth_8,token_policy_bundle,pi_mem+pi_null+pi_valid+pi_budget,token,composition,32,8,token_bundle_b32_d8,baseline,shared_witness,monolithic,1,token_policy_bundle_32_depth_8,groth16,5525,0.04634063599996807,0.4489384619998873,0.2933506379999926,0.0,0.788629735999848,805,261,True,,True,ok,
20260728T123050Z_paper_groth16,2026-07-28T12:38:42.754943+00:00,measured,1,3,43,separate_token_bundle_32_depth_32,token_policy_bundle,pi_mem+pi_null+pi_valid+pi_budget,token,composition_baseline,32,32,token_bundle_b32_d32,baseline,unbound,separate,4,merkle_membership_depth_32;nullifier_correctness_poseidon;local_financial_validity_32;privacy_budget_32,groth16,17433,0.11700032599992483,1.6187273499997445,1.043480875999876,0.0,2.7792085519995453,3220,267,True,,True,ok,
20260728T123050Z_paper_groth16,2026-07-28T12:38:43.377718+00:00,measured,1,3,44,account_policy_core_64,account_policy_core,pi_valid+pi_trans+pi_limit,account,composition,64,,account_core_b64,baseline,shared_witness,monolithic,1,account_policy_core_64,groth16,666,0.021382243000061862,0.3293773440000223,0.27136239899982684,0.0,0.622121985999911,808,26,True,,True,ok,
20260728T123050Z_paper_groth16,2026-07-28T12:38:45.167224+00:00,measured,1,3,45,separate_account_core_64,account_policy_core,pi_valid+pi_trans+pi_limit,account,composition_baseline,64,,account_core_b64,baseline,unbound,separate,3,local_financial_validity_64;state_transition_and_conservation_64;operating_limit_64,groth16,861,0.0685476250002921,0.9244249729999865,0.7948715669999729,0.0,1.7878441650002515,2413,32,True,,True,ok,
20260728T123050Z_paper_groth16,2026-07-28T12:38:45.759584+00:00,measured,1,3,46,privacy_budget_64,privacy_budget,pi_budget,account,individual_policy,64,,,,none,monolithic,1,privacy_budget_64,groth16,332,0.022143433000110235,0.30283287099996414,0.2667667580001307,0.0,0.5917430620002051,806,26,True,,True,ok,
20260728T123050Z_paper_groth16,2026-07-28T12:38:48.630135+00:00,measured,1,4,1,linked_separate_token_bundle_32_depth_16,token_policy_bundle,pi_mem+pi_null+pi_valid+pi_budget,token,composition_baseline,32,16,token_bundle_b32_d16,commitment_linked,tx_tag,separate,4,linked_token_bundle_membership_32_depth_16;linked_token_bundle_nullifier_32_depth_16;linked_token_bundle_validity_32_depth_16;linked_token_bundle_budget_32_depth_16,groth16,15434,0.2369904689996929,1.6024031180002112,1.0270505300002242,3.06999982058187e-06,2.866447186999949,3222,1368,True,True,True,ok,
20260728T123050Z_paper_groth16,2026-07-28T12:38:49.299955+00:00,measured,1,4,2,nullifier_correctness_poseidon,nullifier_correctness,pi_null,token,individual_policy,,,,,none,monolithic,1,nullifier_correctness_poseidon,groth16,517,0.04196806100003414,0.3127428080001664,0.3144116630001008,0.0,0.6691225320003014,808,164,True,,True,ok,
20260728T123050Z_paper_groth16,2026-07-28T12:38:51.115749+00:00,measured,1,4,3,separate_account_core_64,account_policy_core,pi_valid+pi_trans+pi_limit,account,composition_baseline,64,,account_core_b64,baseline,unbound,separate,3,local_financial_validity_64;state_transition_and_conservation_64;operating_limit_64,groth16,861,0.0658451670001341,0.9535062669997387,0.7943131270003505,0.0,1.8136645610002233,2421,32,True,,True,ok,
20260728T123050Z_paper_groth16,2026-07-28T12:38:52.902632+00:00,measured,1,4,4,separate_account_core_32,account_policy_core,pi_valid+pi_trans+pi_limit,account,composition_baseline,32,,account_core_b32,baseline,unbound,separate,3,local_financial_validity_32;state_transition_and_conservation_32;operating_limit_32,groth16,445,0.06862517900003695,0.9051798190000682,0.8109166660001392,0.0,1.7847216640002443,2412,22,True,,True,ok,
20260728T123050Z_paper_groth16,2026-07-28T12:38:53.502211+00:00,measured,1,4,5,account_policy_with_privacy_budget_16,account_policy_with_privacy_budget,pi_valid+pi_trans+pi_limit+pi_budget,account,composition,16,,account_budget_b16,baseline,shared_witness,monolithic,1,account_policy_with_privacy_budget_16,groth16,261,0.021479139000120995,0.3145284930001253,0.26285596499997155,0.0,0.5988635970002179,806,21,True,,True,ok,
20260728T123050Z_paper_groth16,2026-07-28T12:38:56.213787+00:00,measured,1,4,6,separate_token_bundle_32_depth_16,token_policy_bundle,pi_mem+pi_null+pi_valid+pi_budget,token,composition_baseline,32,16,token_bundle_b32_d16,baseline,unbound,separate,4,merkle_membership_depth_16;nullifier_correctness_poseidon;local_financial_validity_32;privacy_budget_32,groth16,9113,0.11881340600029944,1.5225977380000586,1.0674084090001088,0.0,2.708819553000467,3223,267,True,,True,ok,
20260728T123050Z_paper_groth16,2026-07-28T12:38:57.423821+00:00,measured,1,4,7,separate_valid_limit_32,local_validity_and_operating_limit,pi_valid+pi_limit,account,composition_baseline,32,,valid_limit_b32,baseline,unbound,separate,2,local_financial_validity_32;operating_limit_32,groth16,276,0.04482395199988787,0.6120581800000764,0.5519649449997814,0.0,1.2088470769997457,1611,19,True,,True,ok,
20260728T123050Z_paper_groth16,2026-07-28T12:38:58.084752+00:00,measured,1,4,8,linked_valid_limit_monolithic_32,local_validity_and_operating_limit,pi_valid+pi_limit,account,composition,32,,valid_limit_b32,commitment_linked,tx_tag,monolithic,1,linked_valid_limit_monolithic_32,groth16,1210,0.04458941200005029,0.34978415399996265,0.26534597299996676,2.564000169513747e-06,0.6597221030001492,806,98,True,True,True,ok,
20260728T123050Z_paper_groth16,2026-07-28T12:38:58.671160+00:00,measured,1,4,9,account_policy_with_privacy_budget_64,account_policy_with_privacy_budget,pi_valid+pi_trans+pi_limit+pi_budget,account,composition,64,,account_budget_b64,baseline,shared_witness,monolithic,1,account_policy_with_privacy_budget_64,groth16,933,0.02256134899994322,0.31320826799992574,0.24995504499997878,0.0,0.5857246619998477,803,50,True,,True,ok,
20260728T123050Z_paper_groth16,2026-07-28T12:38:59.714881+00:00,measured,1,4,10,merkle_membership_depth_32,merkle_membership,pi_mem,token,individual_policy,,32,,,none,monolithic,1,merkle_membership_depth_32,groth16,16640,0.04421307600000546,0.7062508379999599,0.2925852149999173,0.0,1.0430491289998827,806,84,True,,True,ok,
20260728T123050Z_paper_groth16,2026-07-28T12:39:00.292983+00:00,measured,1,4,11,state_transition_and_conservation_16,state_transition_and_conservation,pi_trans,account,individual_policy,16,,,,none,monolithic,1,state_transition_and_conservation_16,groth16,89,0.02388116999986778,0.28922850000003564,0.26437711399989894,0.0,0.5774867839998024,805,3,True,,True,ok,
20260728T123050Z_paper_groth16,2026-07-28T12:39:00.883601+00:00,measured,1,4,12,local_validity_and_operating_limit_64,local_validity_and_operating_limit,pi_valid+pi_limit,account,composition,64,,valid_limit_b64,baseline,shared_witness,monolithic,1,local_validity_and_operating_limit_64,groth16,467,0.02295054999990498,0.2937404259998857,0.2732892709998396,0.0,0.5899802469996303,807,26,True,,True,ok,
20260728T123050Z_paper_groth16,2026-07-28T12:39:01.456830+00:00,measured,1,4,13,local_validity_and_operating_limit_16,local_validity_and_operating_limit,pi_valid+pi_limit,account,composition,16,,valid_limit_b16,baseline,shared_witness,monolithic,1,local_validity_and_operating_limit_16,groth16,131,0.020928896999976132,0.2911162319999221,0.2605443839997861,0.0,0.5725895129996843,804,12,True,,True,ok,
20260728T123050Z_paper_groth16,2026-07-28T12:39:02.034795+00:00,measured,1,4,14,state_transition_and_conservation_32,state_transition_and_conservation,pi_trans,account,individual_policy,32,,,,none,monolithic,1,state_transition_and_conservation_32,groth16,169,0.023157778000040707,0.305798268999979,0.24833468599990738,0.0,0.5772907329999271,805,3,True,,True,ok,
20260728T123050Z_paper_groth16,2026-07-28T12:39:02.958751+00:00,measured,1,4,15,linked_token_bundle_monolithic_32_depth_16,token_policy_bundle,pi_mem+pi_null+pi_valid+pi_budget,token,composition,32,16,token_bundle_b32_d16,commitment_linked,tx_tag,monolithic,1,linked_token_bundle_monolithic_32_depth_16,groth16,11114,0.06432498700019096,0.5517052579998563,0.3054740000000038,2.716999915719498e-06,0.9215069619999667,804,342,True,True,True,ok,
20260728T123050Z_paper_groth16,2026-07-28T12:39:05.328201+00:00,measured,1,4,16,separate_account_budget_64,account_policy_with_privacy_budget,pi_valid+pi_trans+pi_limit+pi_budget,account,composition_baseline,64,,account_budget_b64,baseline,unbound,separate,4,local_financial_validity_64;state_transition_and_conservation_64;operating_limit_64;privacy_budget_64,groth16,1193,0.08830600800024513,1.2216311739998673,1.0569870609999725,0.0,2.366924243000085,3217,58,True,,True,ok,
20260728T123050Z_paper_groth16,2026-07-28T12:39:07.664238+00:00,measured,1,4,17,separate_account_budget_32,account_policy_with_privacy_budget,pi_valid+pi_trans+pi_limit+pi_budget,account,composition_baseline,32,,account_budget_b32,baseline,unbound,separate,4,local_financial_validity_32;state_transition_and_conservation_32;operating_limit_32;privacy_budget_32,groth16,617,0.08518003300014243,1.189604298000404,1.0590961690002132,0.0,2.3338805000007596,3221,38,True,,True,ok,
20260728T123050Z_paper_groth16,2026-07-28T12:39:10.421020+00:00,measured,1,4,18,linked_separate_account_budget_32,account_policy_with_privacy_budget,pi_valid+pi_trans+pi_limit+pi_budget,account,composition_baseline,32,,account_budget_b32,commitment_linked,tx_tag,separate,4,linked_account_budget_validity_32;linked_account_budget_transition_32;linked_account_budget_limit_32;linked_account_budget_budget_32,groth16,6333,0.2399185810002109,1.4386655629998586,1.0748067530000753,2.6679999791667797e-06,2.753393565000124,3221,444,True,True,True,ok,
20260728T123050Z_paper_groth16,2026-07-28T12:39:12.213096+00:00,measured,1,4,19,separate_account_core_16,account_policy_core,pi_valid+pi_trans+pi_limit,account,composition_baseline,16,,account_core_b16,baseline,unbound,separate,3,local_financial_validity_16;state_transition_and_conservation_16;operating_limit_16,groth16,237,0.06171897100011847,0.8978874399999768,0.830025635000311,0.0,1.7896320460004063,2414,18,True,,True,ok,
20260728T123050Z_paper_groth16,2026-07-28T12:39:13.411108+00:00,measured,1,4,20,separate_valid_limit_16,local_validity_and_operating_limit,pi_valid+pi_limit,account,composition_baseline,16,,valid_limit_b16,baseline,unbound,separate,2,local_financial_validity_16;operating_limit_16,groth16,148,0.042354079000006095,0.6040962009999475,0.5503514320000704,0.0,1.196801712000024,1613,15,True,,True,ok,
20260728T123050Z_paper_groth16,2026-07-28T12:39:14.024971+00:00,measured,1,4,21,operating_limit_16,operating_limit,pi_limit,account,individual_policy,16,,,,none,monolithic,1,operating_limit_16,groth16,92,0.022130300000071657,0.30445617300006234,0.286664213999984,0.0,0.613250687000118,807,12,True,,True,ok,
20260728T123050Z_paper_groth16,2026-07-28T12:39:14.599477+00:00,measured,1,4,22,local_financial_validity_16,local_financial_validity,pi_valid,account,individual_policy,16,,,,none,monolithic,1,local_financial_validity_16,groth16,56,0.023580245999937688,0.28523964900000465,0.26503341700004057,0.0,0.5738533119999829,807,3,True,,True,ok,
20260728T123050Z_paper_groth16,2026-07-28T12:39:15.366206+00:00,measured,1,4,23,merkle_membership_depth_8,merkle_membership,pi_mem,token,individual_policy,,8,,,none,monolithic,1,merkle_membership_depth_8,groth16,4160,0.044899831999828166,0.44073283399984575,0.2804627549999168,0.0,0.7660954209995907,805,84,True,,True,ok,
20260728T123050Z_paper_groth16,2026-07-28T12:39:17.921418+00:00,measured,1,4,24,separate_token_bundle_32_depth_8,token_policy_bundle,pi_mem+pi_null+pi_valid+pi_budget,token,composition_baseline,32,8,token_bundle_b32_d8,baseline,unbound,separate,4,merkle_membership_depth_8;nullifier_correctness_poseidon;local_financial_validity_32;privacy_budget_32,groth16,4953,0.11768640299965227,1.3585188080003263,1.0768724889999248,0.0,2.5530776999999034,3225,267,True,,True,ok,
20260728T123050Z_paper_groth16,2026-07-28T12:39:18.532112+00:00,measured,1,4,25,account_policy_core_64,account_policy_core,pi_valid+pi_trans+pi_limit,account,composition,64,,account_core_b64,baseline,shared_witness,monolithic,1,account_policy_core_64,groth16,666,0.021611857000152668,0.31395773000008376,0.27448386600008234,0.0,0.6100534530003188,808,26,True,,True,ok,
20260728T123050Z_paper_groth16,2026-07-28T12:39:19.114128+00:00,measured,1,4,26,local_validity_and_operating_limit_32,local_validity_and_operating_limit,pi_valid+pi_limit,account,composition,32,,valid_limit_b32,baseline,shared_witness,monolithic,1,local_validity_and_operating_limit_32,groth16,243,0.022970080000050075,0.2956992940000873,0.2627534079999805,0.0,0.5814227820001179,803,16,True,,True,ok,
20260728T123050Z_paper_groth16,2026-07-28T12:39:19.684508+00:00,measured,1,4,27,operating_limit_32,operating_limit,pi_limit,account,individual_policy,32,,,,none,monolithic,1,operating_limit_32,groth16,172,0.02320816399992509,0.2828752010000244,0.2636978650000401,0.0,0.5697812299999896,809,16,True,,True,ok,
20260728T123050Z_paper_groth16,2026-07-28T12:39:20.280697+00:00,measured,1,4,28,account_policy_with_privacy_budget_32,account_policy_with_privacy_budget,pi_valid+pi_trans+pi_limit+pi_budget,account,composition,32,,account_budget_b32,baseline,shared_witness,monolithic,1,account_policy_with_privacy_budget_32,groth16,485,0.0245235990000765,0.3034013320000213,0.26764493799987576,0.0,0.5955698689999736,805,30,True,,True,ok,
20260728T123050Z_paper_groth16,2026-07-28T12:39:21.082042+00:00,measured,1,4,29,token_policy_bundle_32_depth_8,token_policy_bundle,pi_mem+pi_null+pi_valid+pi_budget,token,composition,32,8,token_bundle_b32_d8,baseline,shared_witness,monolithic,1,token_policy_bundle_32_depth_8,groth16,5525,0.060168141999838554,0.45698803100003715,0.28356199500012735,0.0,0.8007181680000031,807,261,True,,True,ok,
20260728T123050Z_paper_groth16,2026-07-28T12:39:22.103539+00:00,measured,1,4,30,token_policy_bundle_32_depth_32,token_policy_bundle,pi_mem+pi_null+pi_valid+pi_budget,token,composition,32,32,token_bundle_b32_d32,baseline,shared_witness,monolithic,1,token_policy_bundle_32_depth_32,groth16,18005,0.06129838800006837,0.6725600260001556,0.2869774739999684,0.0,1.0208358880001924,804,261,True,,True,ok,
20260728T123050Z_paper_groth16,2026-07-28T12:39:22.701736+00:00,measured,1,4,31,account_policy_core_32,account_policy_core,pi_valid+pi_trans+pi_limit,account,composition,32,,account_core_b32,baseline,shared_witness,monolithic,1,account_policy_core_32,groth16,346,0.023090901999921698,0.31704957400006606,0.25746489600010136,0.0,0.5976053720000891,804,16,True,,True,ok,
20260728T123050Z_paper_groth16,2026-07-28T12:39:23.282069+00:00,measured,1,4,32,account_policy_core_16,account_policy_core,pi_valid+pi_trans+pi_limit,account,composition,16,,account_core_b16,baseline,shared_witness,monolithic,1,account_policy_core_16,groth16,186,0.021452903000181323,0.2948395129999426,0.26298470200003976,0.0,0.5792771180001637,803,12,True,,True,ok,
20260728T123050Z_paper_groth16,2026-07-28T12:39:23.974690+00:00,measured,1,4,33,linked_account_budget_monolithic_32,account_policy_with_privacy_budget,pi_valid+pi_trans+pi_limit+pi_budget,account,composition,32,,account_budget_b32,commitment_linked,tx_tag,monolithic,1,linked_account_budget_monolithic_32,groth16,1914,0.05896785799995996,0.3587927630001104,0.27354619600009755,2.7070000214735046e-06,0.6913095240001894,808,111,True,True,True,ok,
20260728T123050Z_paper_groth16,2026-07-28T12:39:24.554997+00:00,measured,1,4,34,privacy_budget_32,privacy_budget,pi_budget,account,individual_policy,32,,,,none,monolithic,1,privacy_budget_32,groth16,172,0.022811108000041713,0.3026421740000842,0.25402821199986647,0.0,0.5794814939999924,803,16,True,,True,ok,
20260728T123050Z_paper_groth16,2026-07-28T12:39:25.171597+00:00,measured,1,4,35,local_financial_validity_64,local_financial_validity,pi_valid,account,individual_policy,64,,,,none,monolithic,1,local_financial_validity_64,groth16,200,0.02569276600002013,0.30226547999996,0.2880278760001147,0.0,0.6159861220000948,806,3,True,,True,ok,
20260728T123050Z_paper_groth16,2026-07-28T12:39:26.398082+00:00,measured,1,4,36,separate_valid_limit_64,local_validity_and_operating_limit,pi_valid+pi_limit,account,composition_baseline,64,,valid_limit_b64,baseline,unbound,separate,2,local_financial_validity_64;operating_limit_64,groth16,532,0.044505357999923945,0.6273199320000913,0.5534005429997251,0.0,1.2252258329997403,1612,29,True,,True,ok,
20260728T123050Z_paper_groth16,2026-07-28T12:39:27.282703+00:00,measured,1,4,37,merkle_membership_depth_16,merkle_membership,pi_mem,token,individual_policy,,16,,,none,monolithic,1,merkle_membership_depth_16,groth16,8320,0.044630887000039365,0.5455622080000921,0.29372638800009554,0.0,0.883919483000227,805,84,True,,True,ok,
20260728T123050Z_paper_groth16,2026-07-28T12:39:28.713751+00:00,measured,1,4,38,linked_separate_valid_limit_32,local_validity_and_operating_limit,pi_valid+pi_limit,account,composition_baseline,32,,valid_limit_b32,commitment_linked,tx_tag,separate,2,linked_valid_limit_validity_32;linked_valid_limit_limit_32,groth16,2210,0.09315056999980698,0.7246366749998288,0.6116601610001453,2.435999931549304e-06,1.4294498419997126,1613,196,True,True,True,ok,
20260728T123050Z_paper_groth16,2026-07-28T12:39:31.191070+00:00,measured,1,4,39,separate_account_budget_16,account_policy_with_privacy_budget,pi_valid+pi_trans+pi_limit+pi_budget,account,composition_baseline,16,,account_budget_b16,baseline,unbound,separate,4,local_financial_validity_16;state_transition_and_conservation_16;operating_limit_16;privacy_budget_16,groth16,329,0.08951323499968566,1.2656998119998661,1.1194778139999926,0.0,2.4746908609995444,3219,29,True,,True,ok,
20260728T123050Z_paper_groth16,2026-07-28T12:39:31.748710+00:00,measured,1,4,40,operating_limit_64,operating_limit,pi_limit,account,individual_policy,64,,,,none,monolithic,1,operating_limit_64,groth16,332,0.019114390000140702,0.2920367509998414,0.24580130599997574,0.0,0.5569524469999578,807,26,True,,True,ok,
20260728T123050Z_paper_groth16,2026-07-28T12:39:32.338266+00:00,measured,1,4,41,state_transition_and_conservation_64,state_transition_and_conservation,pi_trans,account,individual_policy,64,,,,none,monolithic,1,state_transition_and_conservation_64,groth16,329,0.020244611999942208,0.29085996100002376,0.2778470030000335,0.0,0.5889515759999995,804,3,True,,True,ok,
20260728T123050Z_paper_groth16,2026-07-28T12:39:32.892767+00:00,measured,1,4,42,local_financial_validity_32,local_financial_validity,pi_valid,account,individual_policy,32,,,,none,monolithic,1,local_financial_validity_32,groth16,104,0.020375012000158677,0.2794530029998441,0.25408303099993645,0.0,0.5539110459999392,806,3,True,,True,ok,
20260728T123050Z_paper_groth16,2026-07-28T12:39:33.483150+00:00,measured,1,4,43,privacy_budget_16,privacy_budget,pi_budget,account,individual_policy,16,,,,none,monolithic,1,privacy_budget_16,groth16,92,0.023102537000113443,0.2914190779999899,0.275257259,0.0,0.5897788740001033,805,11,True,,True,ok,
20260728T123050Z_paper_groth16,2026-07-28T12:39:34.352424+00:00,measured,1,4,44,token_policy_bundle_32_depth_16,token_policy_bundle,pi_mem+pi_null+pi_valid+pi_budget,token,composition,32,16,token_bundle_b32_d16,baseline,shared_witness,monolithic,1,token_policy_bundle_32_depth_16,groth16,9685,0.04541390700001102,0.5566830630000368,0.2665090779998991,0.0,0.8686060479999469,807,260,True,,True,ok,
20260728T123050Z_paper_groth16,2026-07-28T12:39:37.226268+00:00,measured,1,4,45,separate_token_bundle_32_depth_32,token_policy_bundle,pi_mem+pi_null+pi_valid+pi_budget,token,composition_baseline,32,32,token_bundle_b32_d32,baseline,unbound,separate,4,merkle_membership_depth_32;nullifier_correctness_poseidon;local_financial_validity_32;privacy_budget_32,groth16,17433,0.12892095800020797,1.658467291999841,1.0841904859996703,0.0,2.8715787359997194,3221,267,True,,True,ok,
20260728T123050Z_paper_groth16,2026-07-28T12:39:37.831291+00:00,measured,1,4,46,privacy_budget_64,privacy_budget,pi_budget,account,individual_policy,64,,,,none,monolithic,1,privacy_budget_64,groth16,332,0.02451944800009187,0.31069641500016587,0.2690983199997845,0.0,0.6043141830000422,805,26,True,,True,ok,
20260728T123050Z_paper_groth16,2026-07-28T12:39:38.433005+00:00,measured,1,5,1,local_validity_and_operating_limit_32,local_validity_and_operating_limit,pi_valid+pi_limit,account,composition,32,,valid_limit_b32,baseline,shared_witness,monolithic,1,local_validity_and_operating_limit_32,groth16,243,0.024727529000074355,0.3117911069998627,0.2644075690000136,0.0,0.6009262049999506,803,16,True,,True,ok,
20260728T123050Z_paper_groth16,2026-07-28T12:39:41.388378+00:00,measured,1,5,2,linked_separate_token_bundle_32_depth_16,token_policy_bundle,pi_mem+pi_null+pi_valid+pi_budget,token,composition_baseline,32,16,token_bundle_b32_d16,commitment_linked,tx_tag,separate,4,linked_token_bundle_membership_32_depth_16;linked_token_bundle_nullifier_32_depth_16;linked_token_bundle_validity_32_depth_16;linked_token_bundle_budget_32_depth_16,groth16,15434,0.24730505000002267,1.6291548439999133,1.0734883590000663,2.5859999368549325e-06,2.949950838999939,3221,1368,True,True,True,ok,
20260728T123050Z_paper_groth16,2026-07-28T12:39:43.756873+00:00,measured,1,5,3,separate_account_budget_32,account_policy_with_privacy_budget,pi_valid+pi_trans+pi_limit+pi_budget,account,composition_baseline,32,,account_budget_b32,baseline,unbound,separate,4,local_financial_validity_32;state_transition_and_conservation_32;operating_limit_32;privacy_budget_32,groth16,617,0.08695370400005231,1.208415714000239,1.0707149020001907,0.0,2.366084320000482,3217,38,True,,True,ok,
20260728T123050Z_paper_groth16,2026-07-28T12:39:44.808855+00:00,measured,1,5,4,merkle_membership_depth_32,merkle_membership,pi_mem,token,individual_policy,,32,,,none,monolithic,1,merkle_membership_depth_32,groth16,16640,0.04757462200018381,0.7191598639999484,0.2844876970000314,0.0,1.0512221830001636,803,84,True,,True,ok,
20260728T123050Z_paper_groth16,2026-07-28T12:39:47.356448+00:00,measured,1,5,5,separate_token_bundle_32_depth_8,token_policy_bundle,pi_mem+pi_null+pi_valid+pi_budget,token,composition_baseline,32,8,token_bundle_b32_d8,baseline,unbound,separate,4,merkle_membership_depth_8;nullifier_correctness_poseidon;local_financial_validity_32;privacy_budget_32,groth16,4953,0.11882848000004742,1.3717607159996987,1.0547918769998432,0.0,2.5453810729995894,3218,267,True,,True,ok,
20260728T123050Z_paper_groth16,2026-07-28T12:39:48.280289+00:00,measured,1,5,6,linked_token_bundle_monolithic_32_depth_16,token_policy_bundle,pi_mem+pi_null+pi_valid+pi_budget,token,composition,32,16,token_bundle_b32_d16,commitment_linked,tx_tag,monolithic,1,linked_token_bundle_monolithic_32_depth_16,groth16,11114,0.0675125800000842,0.56531512499987,0.288726405000034,2.1490000108315144e-06,0.921556258999999,804,342,True,True,True,ok,
20260728T123050Z_paper_groth16,2026-07-28T12:39:48.902464+00:00,measured,1,5,7,local_validity_and_operating_limit_16,local_validity_and_operating_limit,pi_valid+pi_limit,account,composition,16,,valid_limit_b16,baseline,shared_witness,monolithic,1,local_validity_and_operating_limit_16,groth16,131,0.023198213999876316,0.30587354200019945,0.29252959100017506,0.0,0.6216013470002508,804,12,True,,True,ok,
20260728T123050Z_paper_groth16,2026-07-28T12:39:49.955211+00:00,measured,1,5,8,token_policy_bundle_32_depth_32,token_policy_bundle,pi_mem+pi_null+pi_valid+pi_budget,token,composition,32,32,token_bundle_b32_d32,baseline,shared_witness,monolithic,1,token_policy_bundle_32_depth_32,groth16,18005,0.047612501999992674,0.7141289590001634,0.2903257340001346,0.0,1.0520671950002907,805,261,True,,True,ok,
20260728T123050Z_paper_groth16,2026-07-28T12:39:51.318363+00:00,measured,1,5,9,linked_separate_valid_limit_32,local_validity_and_operating_limit,pi_valid+pi_limit,account,composition_baseline,32,,valid_limit_b32,commitment_linked,tx_tag,separate,2,linked_valid_limit_validity_32;linked_valid_limit_limit_32,groth16,2210,0.0864516909998656,0.7106239320000896,0.5642443369997636,2.6259999685862567e-06,1.3613225859996874,1608,196,True,True,True,ok,
20260728T123050Z_paper_groth16,2026-07-28T12:39:51.917169+00:00,measured,1,5,10,privacy_budget_32,privacy_budget,pi_budget,account,individual_policy,32,,,,none,monolithic,1,privacy_budget_32,groth16,172,0.020238626000036675,0.31219781099980537,0.2657407020001301,0.0,0.5981771389999722,807,16,True,,True,ok,
20260728T123050Z_paper_groth16,2026-07-28T12:39:52.512927+00:00,measured,1,5,11,privacy_budget_64,privacy_budget,pi_budget,account,individual_policy,64,,,,none,monolithic,1,privacy_budget_64,groth16,332,0.02283118399986961,0.2898965470001258,0.2824245130000236,0.0,0.595152244000019,804,26,True,,True,ok,
20260728T123050Z_paper_groth16,2026-07-28T12:39:55.045821+00:00,measured,1,5,12,separate_account_budget_64,account_policy_with_privacy_budget,pi_valid+pi_trans+pi_limit+pi_budget,account,composition_baseline,64,,account_budget_b64,baseline,unbound,separate,4,local_financial_validity_64;state_transition_and_conservation_64;operating_limit_64;privacy_budget_64,groth16,1193,0.09001962000002095,1.3264051740000014,1.1135404670001208,0.0,2.529965261000143,3218,58,True,,True,ok,
20260728T123050Z_paper_groth16,2026-07-28T12:39:55.637010+00:00,measured,1,5,13,state_transition_and_conservation_64,state_transition_and_conservation,pi_trans,account,individual_policy,64,,,,none,monolithic,1,state_transition_and_conservation_64,groth16,329,0.025882417000048008,0.30796177199999875,0.2566397670000242,0.0,0.590483956000071,802,3,True,,True,ok,
20260728T123050Z_paper_groth16,2026-07-28T12:39:56.217102+00:00,measured,1,5,14,account_policy_with_privacy_budget_16,account_policy_with_privacy_budget,pi_valid+pi_trans+pi_limit+pi_budget,account,composition,16,,account_budget_b16,baseline,shared_witness,monolithic,1,account_policy_with_privacy_budget_16,groth16,261,0.022931720000087807,0.29150822199994764,0.2648625289998563,0.0,0.5793024709998917,804,21,True,,True,ok,
20260728T123050Z_paper_groth16,2026-07-28T12:39:56.789401+00:00,measured,1,5,15,account_policy_with_privacy_budget_32,account_policy_with_privacy_budget,pi_valid+pi_trans+pi_limit+pi_budget,account,composition,32,,account_budget_b32,baseline,shared_witness,monolithic,1,account_policy_with_privacy_budget_32,groth16,485,0.022342196000181502,0.29741821700008586,0.25181821399996807,0.0,0.5715786270002354,806,30,True,,True,ok,
20260728T123050Z_paper_groth16,2026-07-28T12:39:57.963829+00:00,measured,1,5,16,separate_valid_limit_32,local_validity_and_operating_limit,pi_valid+pi_limit,account,composition_baseline,32,,valid_limit_b32,baseline,unbound,separate,2,local_financial_validity_32;operating_limit_32,groth16,276,0.043548586999804684,0.5971929820000241,0.5324258190000819,0.0,1.1731673879999107,1610,19,True,,True,ok,
20260728T123050Z_paper_groth16,2026-07-28T12:39:58.549032+00:00,measured,1,5,17,operating_limit_64,operating_limit,pi_limit,account,individual_policy,64,,,,none,monolithic,1,operating_limit_64,groth16,332,0.022659478999912608,0.29020590899995113,0.2716227930000059,0.0,0.5844881809998697,803,26,True,,True,ok,
20260728T123050Z_paper_groth16,2026-07-28T12:40:00.343951+00:00,measured,1,5,18,separate_account_core_32,account_policy_core,pi_valid+pi_trans+pi_limit,account,composition_baseline,32,,account_core_b32,baseline,unbound,separate,3,local_financial_validity_32;state_transition_and_conservation_32;operating_limit_32,groth16,445,0.06149353799992241,0.9146166460000131,0.817142753999633,0.0,1.7932529379995685,2418,22,True,,True,ok,
20260728T123050Z_paper_groth16,2026-07-28T12:40:01.557782+00:00,measured,1,5,19,separate_valid_limit_64,local_validity_and_operating_limit,pi_valid+pi_limit,account,composition_baseline,64,,valid_limit_b64,baseline,unbound,separate,2,local_financial_validity_64;operating_limit_64,groth16,532,0.04458065800008626,0.6300538450000204,0.5380492020001384,0.0,1.212683705000245,1613,29,True,,True,ok,
20260728T123050Z_paper_groth16,2026-07-28T12:40:02.431365+00:00,measured,1,5,20,token_policy_bundle_32_depth_16,token_policy_bundle,pi_mem+pi_null+pi_valid+pi_budget,token,composition,32,16,token_bundle_b32_d16,baseline,shared_witness,monolithic,1,token_policy_bundle_32_depth_16,groth16,9685,0.04834796099999039,0.5558070580000276,0.26858027299999776,0.0,0.8727352920000158,806,260,True,,True,ok,
20260728T123050Z_paper_groth16,2026-07-28T12:40:02.991376+00:00,measured,1,5,21,state_transition_and_conservation_32,state_transition_and_conservation,pi_trans,account,individual_policy,32,,,,none,monolithic,1,state_transition_and_conservation_32,groth16,169,0.02318485899991174,0.28837787600014053,0.24784268199982762,0.0,0.5594054169998799,807,3,True,,True,ok,
20260728T123050Z_paper_groth16,2026-07-28T12:40:04.824057+00:00,measured,1,5,22,separate_account_core_64,account_policy_core,pi_valid+pi_trans+pi_limit,account,composition_baseline,64,,account_core_b64,baseline,unbound,separate,3,local_financial_validity_64;state_transition_and_conservation_64;operating_limit_64,groth16,861,0.06888502900005733,0.933054797000068,0.8291071290000218,0.0,1.8310469550001471,2413,32,True,,True,ok,
20260728T123050Z_paper_groth16,2026-07-28T12:40:07.260670+00:00,measured,1,5,23,separate_account_budget_16,account_policy_with_privacy_budget,pi_valid+pi_trans+pi_limit+pi_budget,account,composition_baseline,16,,account_budget_b16,baseline,unbound,separate,4,local_financial_validity_16;state_transition_and_conservation_16;operating_limit_16;privacy_budget_16,groth16,329,0.08170284799984984,1.2194115089998832,1.1332388249998075,0.0,2.4343531819995405,3212,29,True,,True,ok,
20260728T123050Z_paper_groth16,2026-07-28T12:40:10.035409+00:00,measured,1,5,24,linked_separate_account_budget_32,account_policy_with_privacy_budget,pi_valid+pi_trans+pi_limit+pi_budget,account,composition_baseline,32,,account_budget_b32,commitment_linked,tx_tag,separate,4,linked_account_budget_validity_32;linked_account_budget_transition_32;linked_account_budget_limit_32;linked_account_budget_budget_32,groth16,6333,0.2668286509997415,1.400760106000007,1.1038248649999787,2.7439998575573554e-06,2.7714163659995847,3221,444,True,True,True,ok,
20260728T123050Z_paper_groth16,2026-07-28T12:40:10.670992+00:00,measured,1,5,25,operating_limit_32,operating_limit,pi_limit,account,individual_policy,32,,,,none,monolithic,1,operating_limit_32,groth16,172,0.021548892000055275,0.30579314400006297,0.30761576600002627,0.0,0.6349578020001445,803,16,True,,True,ok,
20260728T123050Z_paper_groth16,2026-07-28T12:40:11.365674+00:00,measured,1,5,26,linked_account_budget_monolithic_32,account_policy_with_privacy_budget,pi_valid+pi_trans+pi_limit+pi_budget,account,composition,32,,account_budget_b32,commitment_linked,tx_tag,monolithic,1,linked_account_budget_monolithic_32,groth16,1914,0.058677270000089266,0.3549698229999194,0.28010504600001696,2.1939999896858353e-06,0.6937543330000153,805,111,True,True,True,ok,
20260728T123050Z_paper_groth16,2026-07-28T12:40:14.292810+00:00,measured,1,5,27,separate_token_bundle_32_depth_32,token_policy_bundle,pi_mem+pi_null+pi_valid+pi_budget,token,composition_baseline,32,32,token_bundle_b32_d32,baseline,unbound,separate,4,merkle_membership_depth_32;nullifier_correctness_poseidon;local_financial_validity_32;privacy_budget_32,groth16,17433,0.12246810099964023,1.707845761000499,1.0945189420001498,0.0,2.924832804000289,3222,267,True,,True,ok,
20260728T123050Z_paper_groth16,2026-07-28T12:40:14.868424+00:00,measured,1,5,28,state_transition_and_conservation_16,state_transition_and_conservation,pi_trans,account,individual_policy,16,,,,none,monolithic,1,state_transition_and_conservation_16,groth16,89,0.02194838099990193,0.29545398599998407,0.24902240100004747,0.0,0.5664247679999335,804,3,True,,True,ok,
20260728T123050Z_paper_groth16,2026-07-28T12:40:15.435665+00:00,measured,1,5,29,account_policy_core_32,account_policy_core,pi_valid+pi_trans+pi_limit,account,composition,32,,account_core_b32,baseline,shared_witness,monolithic,1,account_policy_core_32,groth16,346,0.025960917000020345,0.28600928399987424,0.2546192659999633,0.0,0.5665894669998579,804,16,True,,True,ok,
20260728T123050Z_paper_groth16,2026-07-28T12:40:16.601847+00:00,measured,1,5,30,separate_valid_limit_16,local_validity_and_operating_limit,pi_valid+pi_limit,account,composition_baseline,16,,valid_limit_b16,baseline,unbound,separate,2,local_financial_validity_16;operating_limit_16,groth16,148,0.04102987699980076,0.5817939079997814,0.5422493100002157,0.0,1.1650730949997978,1610,15,True,,True,ok,
20260728T123050Z_paper_groth16,2026-07-28T12:40:17.231670+00:00,measured,1,5,31,linked_valid_limit_monolithic_32,local_validity_and_operating_limit,pi_valid+pi_limit,account,composition,32,,valid_limit_b32,commitment_linked,tx_tag,monolithic,1,linked_valid_limit_monolithic_32,groth16,1210,0.04290934399978141,0.3325521720000779,0.2534785949999332,2.263999931528815e-06,0.628942374999724,804,98,True,True,True,ok,
20260728T123050Z_paper_groth16,2026-07-28T12:40:19.111294+00:00,measured,1,5,32,separate_account_core_16,account_policy_core,pi_valid+pi_trans+pi_limit,account,composition_baseline,16,,account_core_b16,baseline,unbound,separate,3,local_financial_validity_16;state_transition_and_conservation_16;operating_limit_16,groth16,237,0.06631657100001576,0.9068094570002359,0.9045562489998247,0.0,1.8776822770000763,2419,18,True,,True,ok,
20260728T123050Z_paper_groth16,2026-07-28T12:40:19.690332+00:00,measured,1,5,33,privacy_budget_16,privacy_budget,pi_budget,account,individual_policy,16,,,,none,monolithic,1,privacy_budget_16,groth16,92,0.02105946500000755,0.2885008179998749,0.26881832200001554,0.0,0.578378604999898,805,11,True,,True,ok,
20260728T123050Z_paper_groth16,2026-07-28T12:40:20.475489+00:00,measured,1,5,34,token_policy_bundle_32_depth_8,token_policy_bundle,pi_mem+pi_null+pi_valid+pi_budget,token,composition,32,8,token_bundle_b32_d8,baseline,shared_witness,monolithic,1,token_policy_bundle_32_depth_8,groth16,5525,0.048818596000046455,0.4450753779999559,0.29063304300007076,0.0,0.7845270170000731,805,261,True,,True,ok,
20260728T123050Z_paper_groth16,2026-07-28T12:40:21.106298+00:00,measured,1,5,35,local_validity_and_operating_limit_64,local_validity_and_operating_limit,pi_valid+pi_limit,account,composition,64,,valid_limit_b64,baseline,shared_witness,monolithic,1,local_validity_and_operating_limit_64,groth16,467,0.021634790000007342,0.32290029399996456,0.2853485250000176,0.0,0.6298836089999895,802,26,True,,True,ok,
20260728T123050Z_paper_groth16,2026-07-28T12:40:21.683529+00:00,measured,1,5,36,account_policy_core_16,account_policy_core,pi_valid+pi_trans+pi_limit,account,composition,16,,account_core_b16,baseline,shared_witness,monolithic,1,account_policy_core_16,groth16,186,0.020333976000074472,0.2904529150000599,0.2658450559999892,0.0,0.5766319470001235,804,12,True,,True,ok,
20260728T123050Z_paper_groth16,2026-07-28T12:40:22.270345+00:00,measured,1,5,37,account_policy_core_64,account_policy_core,pi_valid+pi_trans+pi_limit,account,composition,64,,account_core_b64,baseline,shared_witness,monolithic,1,account_policy_core_64,groth16,666,0.02191078100008781,0.30455895399995825,0.25970545600011974,0.0,0.5861751910001658,806,26,True,,True,ok,
20260728T123050Z_paper_groth16,2026-07-28T12:40:22.849864+00:00,measured,1,5,38,operating_limit_16,operating_limit,pi_limit,account,individual_policy,16,,,,none,monolithic,1,operating_limit_16,groth16,92,0.021991332999959923,0.27815297799998007,0.27872564499989494,0.0,0.5788699559998349,805,12,True,,True,ok,
20260728T123050Z_paper_groth16,2026-07-28T12:40:23.430934+00:00,measured,1,5,39,account_policy_with_privacy_budget_64,account_policy_with_privacy_budget,pi_valid+pi_trans+pi_limit+pi_budget,account,composition,64,,account_budget_b64,baseline,shared_witness,monolithic,1,account_policy_with_privacy_budget_64,groth16,933,0.02293585000006715,0.30604066399996555,0.2514729469999111,0.0,0.5804494609999438,807,50,True,,True,ok,
20260728T123050Z_paper_groth16,2026-07-28T12:40:24.306612+00:00,measured,1,5,40,merkle_membership_depth_16,merkle_membership,pi_mem,token,individual_policy,,16,,,none,monolithic,1,merkle_membership_depth_16,groth16,8320,0.0422522389999358,0.5414246289999483,0.29135371200004556,0.0,0.8750305799999296,804,84,True,,True,ok,
20260728T123050Z_paper_groth16,2026-07-28T12:40:26.906645+00:00,measured,1,5,41,separate_token_bundle_32_depth_16,token_policy_bundle,pi_mem+pi_null+pi_valid+pi_budget,token,composition_baseline,32,16,token_bundle_b32_d16,baseline,unbound,separate,4,merkle_membership_depth_16;nullifier_correctness_poseidon;local_financial_validity_32;privacy_budget_32,groth16,9113,0.12119123399975251,1.4232465680004225,1.0533822390000296,0.0,2.5978200410002046,3220,267,True,,True,ok,
20260728T123050Z_paper_groth16,2026-07-28T12:40:27.503872+00:00,measured,1,5,42,local_financial_validity_32,local_financial_validity,pi_valid,account,individual_policy,32,,,,none,monolithic,1,local_financial_validity_32,groth16,104,0.0204727959999218,0.3062505059999694,0.269845714999974,0.0,0.5965690169998652,804,3,True,,True,ok,
20260728T123050Z_paper_groth16,2026-07-28T12:40:28.166698+00:00,measured,1,5,43,nullifier_correctness_poseidon,nullifier_correctness,pi_null,token,individual_policy,,,,,none,monolithic,1,nullifier_correctness_poseidon,groth16,517,0.03584145900003932,0.342159176999985,0.28414155900009064,0.0,0.662142195000115,804,164,True,,True,ok,
20260728T123050Z_paper_groth16,2026-07-28T12:40:28.736576+00:00,measured,1,5,44,local_financial_validity_16,local_financial_validity,pi_valid,account,individual_policy,16,,,,none,monolithic,1,local_financial_validity_16,groth16,56,0.020763863999945897,0.2747727980001855,0.2737184290001551,0.0,0.5692550910002865,805,3,True,,True,ok,
20260728T123050Z_paper_groth16,2026-07-28T12:40:29.470079+00:00,measured,1,5,45,merkle_membership_depth_8,merkle_membership,pi_mem,token,individual_policy,,8,,,none,monolithic,1,merkle_membership_depth_8,groth16,4160,0.04269601600003625,0.41769205299988243,0.27248361700003443,0.0,0.7328716859999531,808,84,True,,True,ok,
20260728T123050Z_paper_groth16,2026-07-28T12:40:30.073009+00:00,measured,1,5,46,local_financial_validity_64,local_financial_validity,pi_valid,account,individual_policy,64,,,,none,monolithic,1,local_financial_validity_64,groth16,200,0.021407694000117772,0.3034835779999412,0.2774174659998607,0.0,0.6023087379999197,805,3,True,,True,ok,
20260728T123050Z_paper_groth16,2026-07-28T12:40:30.672180+00:00,measured,1,6,1,account_policy_core_16,account_policy_core,pi_valid+pi_trans+pi_limit,account,composition,16,,account_core_b16,baseline,shared_witness,monolithic,1,account_policy_core_16,groth16,186,0.02298101700012012,0.2987438169998313,0.27676484199992046,0.0,0.5984896759998719,803,12,True,,True,ok,
20260728T123050Z_paper_groth16,2026-07-28T12:40:31.388814+00:00,measured,1,6,2,linked_account_budget_monolithic_32,account_policy_with_privacy_budget,pi_valid+pi_trans+pi_limit+pi_budget,account,composition,32,,account_budget_b32,commitment_linked,tx_tag,monolithic,1,linked_account_budget_monolithic_32,groth16,1914,0.06396100099982505,0.36257416199987347,0.289187327000036,2.2790000002714805e-06,0.7157247689997348,806,111,True,True,True,ok,
20260728T123050Z_paper_groth16,2026-07-28T12:40:32.778114+00:00,measured,1,6,3,linked_separate_valid_limit_32,local_validity_and_operating_limit,pi_valid+pi_limit,account,composition_baseline,32,,valid_limit_b32,commitment_linked,tx_tag,separate,2,linked_valid_limit_validity_32;linked_valid_limit_limit_32,groth16,2210,0.08583692999991399,0.730869931999905,0.5705350380001164,2.89300010081206e-06,1.3872447930000362,1607,196,True,True,True,ok,
20260728T123050Z_paper_groth16,2026-07-28T12:40:33.716513+00:00,measured,1,6,4,linked_token_bundle_monolithic_32_depth_16,token_policy_bundle,pi_mem+pi_null+pi_valid+pi_budget,token,composition,32,16,token_bundle_b32_d16,commitment_linked,tx_tag,monolithic,1,linked_token_bundle_monolithic_32_depth_16,groth16,11114,0.06867003399997884,0.5815795230000731,0.28550608500017916,2.0709999262180645e-06,0.9357577130001573,806,342,True,True,True,ok,
20260728T123050Z_paper_groth16,2026-07-28T12:40:34.469348+00:00,measured,1,6,5,token_policy_bundle_32_depth_8,token_policy_bundle,pi_mem+pi_null+pi_valid+pi_budget,token,composition,32,8,token_bundle_b32_d8,baseline,shared_witness,monolithic,1,token_policy_bundle_32_depth_8,groth16,5525,0.04773323499989601,0.43129341700000623,0.2731629830000202,0.0,0.7521896349999224,803,261,True,,True,ok,
20260728T123050Z_paper_groth16,2026-07-28T12:40:36.849085+00:00,measured,1,6,6,separate_account_budget_32,account_policy_with_privacy_budget,pi_valid+pi_trans+pi_limit+pi_budget,account,composition_baseline,32,,account_budget_b32,baseline,unbound,separate,4,local_financial_validity_32;state_transition_and_conservation_32;operating_limit_32;privacy_budget_32,groth16,617,0.0817947569998978,1.2483765629999652,1.0474320350001562,0.0,2.3776033550000193,3217,38,True,,True,ok,
20260728T123050Z_paper_groth16,2026-07-28T12:40:37.511002+00:00,measured,1,6,7,account_policy_with_privacy_budget_64,account_policy_with_privacy_budget,pi_valid+pi_trans+pi_limit+pi_budget,account,composition,64,,account_budget_b64,baseline,shared_witness,monolithic,1,account_policy_with_privacy_budget_64,groth16,933,0.02265846699992835,0.3485104420001335,0.2898626830001376,0.0,0.6610315920001995,806,50,True,,True,ok,
20260728T123050Z_paper_groth16,2026-07-28T12:40:38.106247+00:00,measured,1,6,8,privacy_budget_64,privacy_budget,pi_budget,account,individual_policy,64,,,,none,monolithic,1,privacy_budget_64,groth16,332,0.02277349599989975,0.31258406300003116,0.25926565600002505,0.0,0.594623214999956,803,26,True,,True,ok,
20260728T123050Z_paper_groth16,2026-07-28T12:40:40.929392+00:00,measured,1,6,9,separate_token_bundle_32_depth_32,token_policy_bundle,pi_mem+pi_null+pi_valid+pi_budget,token,composition_baseline,32,32,token_bundle_b32_d32,baseline,unbound,separate,4,merkle_membership_depth_32;nullifier_correctness_poseidon;local_financial_validity_32;privacy_budget_32,groth16,17433,0.12956332900012058,1.644274779999705,1.0471719850002046,0.0,2.82101009400003,3221,267,True,,True,ok,
20260728T123050Z_paper_groth16,2026-07-28T12:40:41.575548+00:00,measured,1,6,10,linked_valid_limit_monolithic_32,local_validity_and_operating_limit,pi_valid+pi_limit,account,composition,32,,valid_limit_b32,commitment_linked,tx_tag,monolithic,1,linked_valid_limit_monolithic_32,groth16,1210,0.04309073600006741,0.3479447560000608,0.2542604300001585,2.226000106020365e-06,0.6452981480003928,805,98,True,True,True,ok,
20260728T123050Z_paper_groth16,2026-07-28T12:40:42.222466+00:00,measured,1,6,11,account_policy_core_32,account_policy_core,pi_valid+pi_trans+pi_limit,account,composition,32,,account_core_b32,baseline,shared_witness,monolithic,1,account_policy_core_32,groth16,346,0.02391190500020457,0.3465943260000586,0.27579934599998523,0.0,0.6463055770002484,807,16,True,,True,ok,
20260728T123050Z_paper_groth16,2026-07-28T12:40:43.050623+00:00,measured,1,6,12,merkle_membership_depth_16,merkle_membership,pi_mem,token,individual_policy,,16,,,none,monolithic,1,merkle_membership_depth_16,groth16,8320,0.04071397899997464,0.5182065089998105,0.268419078000079,0.0,0.8273395659998641,804,84,True,,True,ok,
20260728T123050Z_paper_groth16,2026-07-28T12:40:43.684007+00:00,measured,1,6,13,nullifier_correctness_poseidon,nullifier_correctness,pi_null,token,individual_policy,,,,,none,monolithic,1,nullifier_correctness_poseidon,groth16,517,0.03671768599997449,0.3225790799999686,0.27347672900009456,0.0,0.6327734950000377,806,164,True,,True,ok,
20260728T123050Z_paper_groth16,2026-07-28T12:40:44.291232+00:00,measured,1,6,14,account_policy_with_privacy_budget_16,account_policy_with_privacy_budget,pi_valid+pi_trans+pi_limit+pi_budget,account,composition,16,,account_budget_b16,baseline,shared_witness,monolithic,1,account_policy_with_privacy_budget_16,groth16,261,0.023847816999932547,0.3091859410001234,0.2735833819999698,0.0,0.6066171400000258,805,21,True,,True,ok,
20260728T123050Z_paper_groth16,2026-07-28T12:40:44.906970+00:00,measured,1,6,15,privacy_budget_32,privacy_budget,pi_budget,account,individual_policy,32,,,,none,monolithic,1,privacy_budget_32,groth16,172,0.022589250000009997,0.31707590399992114,0.27543892699986827,0.0,0.6151040809997994,805,16,True,,True,ok,
20260728T123050Z_paper_groth16,2026-07-28T12:40:45.966375+00:00,measured,1,6,16,merkle_membership_depth_32,merkle_membership,pi_mem,token,individual_policy,,32,,,none,monolithic,1,merkle_membership_depth_32,groth16,16640,0.04599926200012305,0.7196174089999658,0.2930530710000312,0.0,1.05866974200012,804,84,True,,True,ok,
20260728T123050Z_paper_groth16,2026-07-28T12:40:46.543873+00:00,measured,1,6,17,local_financial_validity_16,local_financial_validity,pi_valid,account,individual_policy,16,,,,none,monolithic,1,local_financial_validity_16,groth16,56,0.022059096000020872,0.29515586299999086,0.25964359500017054,0.0,0.5768585540001823,807,3,True,,True,ok,
20260728T123050Z_paper_groth16,2026-07-28T12:40:47.151735+00:00,measured,1,6,18,account_policy_with_privacy_budget_32,account_policy_with_privacy_budget,pi_valid+pi_trans+pi_limit+pi_budget,account,composition,32,,account_budget_b32,baseline,shared_witness,monolithic,1,account_policy_with_privacy_budget_32,groth16,485,0.02063521800005219,0.30884475499988184,0.2777743519998239,0.0,0.607254324999758,804,30,True,,True,ok,
20260728T123050Z_paper_groth16,2026-07-28T12:40:47.755167+00:00,measured,1,6,19,operating_limit_16,operating_limit,pi_limit,account,individual_policy,16,,,,none,monolithic,1,operating_limit_16,groth16,92,0.021206549999988056,0.30135197799995694,0.28025229299987586,0.0,0.6028108209998209,804,12,True,,True,ok,
20260728T123050Z_paper_groth16,2026-07-28T12:40:48.335130+00:00,measured,1,6,20,state_transition_and_conservation_64,state_transition_and_conservation,pi_trans,account,individual_policy,64,,,,none,monolithic,1,state_transition_and_conservation_64,groth16,329,0.021803960999932315,0.3035982829999284,0.2539569579998897,0.0,0.5793592019997504,806,3,True,,True,ok,
20260728T123050Z_paper_groth16,2026-07-28T12:40:51.289181+00:00,measured,1,6,21,linked_separate_token_bundle_32_depth_16,token_policy_bundle,pi_mem+pi_null+pi_valid+pi_budget,token,composition_baseline,32,16,token_bundle_b32_d16,commitment_linked,tx_tag,separate,4,linked_token_bundle_membership_32_depth_16;linked_token_bundle_nullifier_32_depth_16;linked_token_bundle_validity_32_depth_16;linked_token_bundle_budget_32_depth_16,groth16,15434,0.2409019869999156,1.6195532449999064,1.0890111729995624,2.638000069055124e-06,2.9494690429994534,3219,1368,True,True,True,ok,
20260728T123050Z_paper_groth16,2026-07-28T12:40:51.903107+00:00,measured,1,6,22,local_validity_and_operating_limit_64,local_validity_and_operating_limit,pi_valid+pi_limit,account,composition,64,,valid_limit_b64,baseline,shared_witness,monolithic,1,local_validity_and_operating_limit_64,groth16,467,0.03533878799999002,0.31967076699993413,0.2582398900001408,0.0,0.613249445000065,808,26,True,,True,ok,
20260728T123050Z_paper_groth16,2026-07-28T12:40:53.733316+00:00,measured,1,6,23,separate_account_core_32,account_policy_core,pi_valid+pi_trans+pi_limit,account,composition_baseline,32,,account_core_b32,baseline,unbound,separate,3,local_financial_validity_32;state_transition_and_conservation_32;operating_limit_32,groth16,445,0.07186084400018444,0.9313691189995552,0.825265040999966,0.0,1.8284950039997057,2415,22,True,,True,ok,
20260728T123050Z_paper_groth16,2026-07-28T12:40:54.320179+00:00,measured,1,6,24,state_transition_and_conservation_16,state_transition_and_conservation,pi_trans,account,individual_policy,16,,,,none,monolithic,1,state_transition_and_conservation_16,groth16,89,0.02519401600011406,0.2942840079999769,0.26673681599982046,0.0,0.5862148399999114,804,3,True,,True,ok,
20260728T123050Z_paper_groth16,2026-07-28T12:40:54.908640+00:00,measured,1,6,25,state_transition_and_conservation_32,state_transition_and_conservation,pi_trans,account,individual_policy,32,,,,none,monolithic,1,state_transition_and_conservation_32,groth16,169,0.021280181000065568,0.3026037189999897,0.2639640980000877,0.0,0.587847998000143,804,3,True,,True,ok,
20260728T123050Z_paper_groth16,2026-07-28T12:40:56.138920+00:00,measured,1,6,26,separate_valid_limit_32,local_validity_and_operating_limit,pi_valid+pi_limit,account,composition_baseline,32,,valid_limit_b32,baseline,unbound,separate,2,local_financial_validity_32;operating_limit_32,groth16,276,0.04097550599976785,0.6381335489998037,0.550062171999798,0.0,1.2291712269993695,1607,19,True,,True,ok,
20260728T123050Z_paper_groth16,2026-07-28T12:40:57.041635+00:00,measured,1,6,27,token_policy_bundle_32_depth_16,token_policy_bundle,pi_mem+pi_null+pi_valid+pi_budget,token,composition,32,16,token_bundle_b32_d16,baseline,shared_witness,monolithic,1,token_policy_bundle_32_depth_16,groth16,9685,0.0504781259999163,0.5811370569999781,0.27019187500013686,0.0,0.9018070580000312,805,260,True,,True,ok,
20260728T123050Z_paper_groth16,2026-07-28T12:40:59.364506+00:00,measured,1,6,28,separate_account_budget_16,account_policy_with_privacy_budget,pi_valid+pi_trans+pi_limit+pi_budget,account,composition_baseline,16,,account_budget_b16,baseline,unbound,separate,4,local_financial_validity_16;state_transition_and_conservation_16;operating_limit_16;privacy_budget_16,groth16,329,0.07955161199993199,1.1935947159995521,1.0473737580000488,0.0,2.320520085999533,3222,29,True,,True,ok,
20260728T123050Z_paper_groth16,2026-07-28T12:40:59.946003+00:00,measured,1,6,29,operating_limit_32,operating_limit,pi_limit,account,individual_policy,32,,,,none,monolithic,1,operating_limit_32,groth16,172,0.018500033000009353,0.30630928100003985,0.25601402500001313,0.0,0.5808233390000623,804,16,True,,True,ok,
20260728T123050Z_paper_groth16,2026-07-28T12:41:01.154643+00:00,measured,1,6,30,separate_valid_limit_64,local_validity_and_operating_limit,pi_valid+pi_limit,account,composition_baseline,64,,valid_limit_b64,baseline,unbound,separate,2,local_financial_validity_64;operating_limit_64,groth16,532,0.04727169800003139,0.633343411999931,0.5268004629999723,0.0,1.2074155729999347,1610,29,True,,True,ok,
20260728T123050Z_paper_groth16,2026-07-28T12:41:01.729164+00:00,measured,1,6,31,local_financial_validity_64,local_financial_validity,pi_valid,account,individual_policy,64,,,,none,monolithic,1,local_financial_validity_64,groth16,200,0.021277693999991243,0.29407987800004776,0.2584954789999756,0.0,0.5738530510000146,804,3,True,,True,ok,
20260728T123050Z_paper_groth16,2026-07-28T12:41:02.322708+00:00,measured,1,6,32,privacy_budget_16,privacy_budget,pi_budget,account,individual_policy,16,,,,none,monolithic,1,privacy_budget_16,groth16,92,0.0206811689999995,0.2842664459999469,0.28792443699990145,0.0,0.5928720519998478,806,11,True,,True,ok,
20260728T123050Z_paper_groth16,2026-07-28T12:41:02.964878+00:00,measured,1,6,33,local_validity_and_operating_limit_16,local_validity_and_operating_limit,pi_valid+pi_limit,account,composition,16,,valid_limit_b16,baseline,shared_witness,monolithic,1,local_validity_and_operating_limit_16,groth16,131,0.03697721300000012,0.33919138000010207,0.2649976840000363,0.0,0.6411662770001385,805,12,True,,True,ok,
20260728T123050Z_paper_groth16,2026-07-28T12:41:05.522659+00:00,measured,1,6,34,separate_token_bundle_32_depth_8,token_policy_bundle,pi_mem+pi_null+pi_valid+pi_budget,token,composition_baseline,32,8,token_bundle_b32_d8,baseline,unbound,separate,4,merkle_membership_depth_8;nullifier_correctness_poseidon;local_financial_validity_32;privacy_budget_32,groth16,4953,0.11440932800019255,1.3291891419999047,1.1118564719999995,0.0,2.5554549420000967,3219,267,True,,True,ok,
20260728T123050Z_paper_groth16,2026-07-28T12:41:06.119630+00:00,measured,1,6,35,local_financial_validity_32,local_financial_validity,pi_valid,account,individual_policy,32,,,,none,monolithic,1,local_financial_validity_32,groth16,104,0.02024131899997883,0.3088357150002139,0.2672562029999881,0.0,0.5963332370001808,803,3,True,,True,ok,
20260728T123050Z_paper_groth16,2026-07-28T12:41:08.586655+00:00,measured,1,6,36,separate_account_budget_64,account_policy_with_privacy_budget,pi_valid+pi_trans+pi_limit+pi_budget,account,composition_baseline,64,,account_budget_b64,baseline,unbound,separate,4,local_financial_validity_64;state_transition_and_conservation_64;operating_limit_64;privacy_budget_64,groth16,1193,0.08901257099978466,1.2457934619997104,1.130055293000396,0.0,2.464861325999891,3222,58,True,,True,ok,
20260728T123050Z_paper_groth16,2026-07-28T12:41:09.176737+00:00,measured,1,6,37,operating_limit_64,operating_limit,pi_limit,account,individual_policy,64,,,,none,monolithic,1,operating_limit_64,groth16,332,0.022843942999998035,0.3088756279998961,0.25770181600000797,0.0,0.5894213869999021,804,26,True,,True,ok,
20260728T123050Z_paper_groth16,2026-07-28T12:41:11.874214+00:00,measured,1,6,38,separate_token_bundle_32_depth_16,token_policy_bundle,pi_mem+pi_null+pi_valid+pi_budget,token,composition_baseline,32,16,token_bundle_b32_d16,baseline,unbound,separate,4,merkle_membership_depth_16;nullifier_correctness_poseidon;local_financial_validity_32;privacy_budget_32,groth16,9113,0.11590668000008009,1.4988797409998824,1.0799811199999567,0.0,2.694767540999919,3217,267,True,,True,ok,
20260728T123050Z_paper_groth16,2026-07-28T12:41:13.691108+00:00,measured,1,6,39,separate_account_core_64,account_policy_core,pi_valid+pi_trans+pi_limit,account,composition_baseline,64,,account_core_b64,baseline,unbound,separate,3,local_financial_validity_64;state_transition_and_conservation_64;operating_limit_64,groth16,861,0.068522097000141,0.9364391289998366,0.8102029989997845,0.0,1.8151642249997622,2409,32,True,,True,ok,
20260728T123050Z_paper_groth16,2026-07-28T12:41:14.284131+00:00,measured,1,6,40,account_policy_core_64,account_policy_core,pi_valid+pi_trans+pi_limit,account,composition,64,,account_core_b64,baseline,shared_witness,monolithic,1,account_policy_core_64,groth16,666,0.024587116000020615,0.30512049100002514,0.2626826349999192,0.0,0.5923902419999649,807,26,True,,True,ok,
20260728T123050Z_paper_groth16,2026-07-28T12:41:16.964161+00:00,measured,1,6,41,linked_separate_account_budget_32,account_policy_with_privacy_budget,pi_valid+pi_trans+pi_limit+pi_budget,account,composition_baseline,32,,account_budget_b32,commitment_linked,tx_tag,separate,4,linked_account_budget_validity_32;linked_account_budget_transition_32;linked_account_budget_limit_32;linked_account_budget_budget_32,groth16,6333,0.23607794999998077,1.3594636329999048,1.081261908999977,2.6109998998435913e-06,2.6768061029997625,3217,444,True,True,True,ok,
20260728T123050Z_paper_groth16,2026-07-28T12:41:18.026119+00:00,measured,1,6,42,token_policy_bundle_32_depth_32,token_policy_bundle,pi_mem+pi_null+pi_valid+pi_budget,token,composition,32,32,token_bundle_b32_d32,baseline,shared_witness,monolithic,1,token_policy_bundle_32_depth_32,groth16,18005,0.04848821299992778,0.7216902309999114,0.29110476899995774,0.0,1.0612832129997969,805,261,True,,True,ok,
20260728T123050Z_paper_groth16,2026-07-28T12:41:19.203596+00:00,measured,1,6,43,separate_valid_limit_16,local_validity_and_operating_limit,pi_valid+pi_limit,account,composition_baseline,16,,valid_limit_b16,baseline,unbound,separate,2,local_financial_validity_16;operating_limit_16,groth16,148,0.043517754999811586,0.5769557139999506,0.5558334899999409,0.0,1.176306958999703,1610,15,True,,True,ok,
20260728T123050Z_paper_groth16,2026-07-28T12:41:20.994552+00:00,measured,1,6,44,separate_account_core_16,account_policy_core,pi_valid+pi_trans+pi_limit,account,composition_baseline,16,,account_core_b16,baseline,unbound,separate,3,local_financial_validity_16;state_transition_and_conservation_16;operating_limit_16,groth16,237,0.06998680800006696,0.9041117239999039,0.8149556250000387,0.0,1.7890541570000096,2419,18,True,,True,ok,
20260728T123050Z_paper_groth16,2026-07-28T12:41:21.744546+00:00,measured,1,6,45,merkle_membership_depth_8,merkle_membership,pi_mem,token,individual_policy,,8,,,none,monolithic,1,merkle_membership_depth_8,groth16,4160,0.04210913499991875,0.41847922200008725,0.2887626250001176,0.0,0.7493509820001236,807,84,True,,True,ok,
20260728T123050Z_paper_groth16,2026-07-28T12:41:22.333376+00:00,measured,1,6,46,local_validity_and_operating_limit_32,local_validity_and_operating_limit,pi_valid+pi_limit,account,composition,32,,valid_limit_b32,baseline,shared_witness,monolithic,1,local_validity_and_operating_limit_32,groth16,243,0.02320355599999857,0.30275160399992274,0.2622481719999996,0.0,0.5882033319999209,806,16,True,,True,ok,
20260728T123050Z_paper_groth16,2026-07-28T12:41:25.201863+00:00,measured,1,7,1,linked_separate_token_bundle_32_depth_16,token_policy_bundle,pi_mem+pi_null+pi_valid+pi_budget,token,composition_baseline,32,16,token_bundle_b32_d16,commitment_linked,tx_tag,separate,4,linked_token_bundle_membership_32_depth_16;linked_token_bundle_nullifier_32_depth_16;linked_token_bundle_validity_32_depth_16;linked_token_bundle_budget_32_depth_16,groth16,15434,0.23416278900003817,1.5672252809999918,1.0631776259999697,2.72200009021617e-06,2.86456841800009,3223,1368,True,True,True,ok,
20260728T123050Z_paper_groth16,2026-07-28T12:41:25.780614+00:00,measured,1,7,2,local_validity_and_operating_limit_16,local_validity_and_operating_limit,pi_valid+pi_limit,account,composition,16,,valid_limit_b16,baseline,shared_witness,monolithic,1,local_validity_and_operating_limit_16,groth16,131,0.0219010650000655,0.2897419959999752,0.26600532500015106,0.0,0.5776483860001917,802,12,True,,True,ok,
20260728T123050Z_paper_groth16,2026-07-28T12:41:26.342439+00:00,measured,1,7,3,privacy_budget_16,privacy_budget,pi_budget,account,individual_policy,16,,,,none,monolithic,1,privacy_budget_16,groth16,92,0.02230816299993421,0.28900916199995663,0.24988387899998088,0.0,0.5612012039998717,804,11,True,,True,ok,
20260728T123050Z_paper_groth16,2026-07-28T12:41:26.922991+00:00,measured,1,7,4,local_financial_validity_16,local_financial_validity,pi_valid,account,individual_policy,16,,,,none,monolithic,1,local_financial_validity_16,groth16,56,0.02195591899999272,0.3017400850001195,0.2561219379999784,0.0,0.5798179420000906,804,3,True,,True,ok,
20260728T123050Z_paper_groth16,2026-07-28T12:41:29.195574+00:00,measured,1,7,5,separate_account_budget_16,account_policy_with_privacy_budget,pi_valid+pi_trans+pi_limit+pi_budget,account,composition_baseline,16,,account_budget_b16,baseline,unbound,separate,4,local_financial_validity_16;state_transition_and_conservation_16;operating_limit_16;privacy_budget_16,groth16,329,0.0814307899997857,1.164320403000147,1.024711133999972,0.0,2.2704623269999047,3222,29,True,,True,ok,
20260728T123050Z_paper_groth16,2026-07-28T12:41:29.788863+00:00,measured,1,7,6,account_policy_core_16,account_policy_core,pi_valid+pi_trans+pi_limit,account,composition,16,,account_core_b16,baseline,shared_witness,monolithic,1,account_policy_core_16,groth16,186,0.019176154000206225,0.2941335699999854,0.27932904699991923,0.0,0.5926387710001109,802,12,True,,True,ok,
20260728T123050Z_paper_groth16,2026-07-28T12:41:30.385352+00:00,measured,1,7,7,state_transition_and_conservation_32,state_transition_and_conservation,pi_trans,account,individual_policy,32,,,,none,monolithic,1,state_transition_and_conservation_32,groth16,169,0.02422834000003604,0.31582435499990424,0.25572504599995227,0.0,0.5957777409998926,806,3,True,,True,ok,
20260728T123050Z_paper_groth16,2026-07-28T12:41:33.263429+00:00,measured,1,7,8,separate_token_bundle_32_depth_32,token_policy_bundle,pi_mem+pi_null+pi_valid+pi_budget,token,composition_baseline,32,32,token_bundle_b32_d32,baseline,unbound,separate,4,merkle_membership_depth_32;nullifier_correctness_poseidon;local_financial_validity_32;privacy_budget_32,groth16,17433,0.11356651999994938,1.68556710200005,1.0765699730000051,0.0,2.8757035950000045,3225,267,True,,True,ok,
20260728T123050Z_paper_groth16,2026-07-28T12:41:33.978466+00:00,measured,1,7,9,linked_account_budget_monolithic_32,account_policy_with_privacy_budget,pi_valid+pi_trans+pi_limit+pi_budget,account,composition,32,,account_budget_b32,commitment_linked,tx_tag,monolithic,1,linked_account_budget_monolithic_32,groth16,1914,0.06460214799994901,0.3667109929999697,0.28275073199984035,1.8559999261924531e-06,0.7140657289996852,806,111,True,True,True,ok,
20260728T123050Z_paper_groth16,2026-07-28T12:41:34.615714+00:00,measured,1,7,10,local_validity_and_operating_limit_32,local_validity_and_operating_limit,pi_valid+pi_limit,account,composition,32,,valid_limit_b32,baseline,shared_witness,monolithic,1,local_validity_and_operating_limit_32,groth16,243,0.020995804999984102,0.31514335699989715,0.30052246700006435,0.0,0.6366616289999456,805,16,True,,True,ok,
20260728T123050Z_paper_groth16,2026-07-28T12:41:37.010220+00:00,measured,1,7,11,separate_account_budget_32,account_policy_with_privacy_budget,pi_valid+pi_trans+pi_limit+pi_budget,account,composition_baseline,32,,account_budget_b32,baseline,unbound,separate,4,local_financial_validity_32;state_transition_and_conservation_32;operating_limit_32;privacy_budget_32,groth16,617,0.08878300200012745,1.2379424499999914,1.065517133999947,0.0,2.392242586000066,3222,38,True,,True,ok,
20260728T123050Z_paper_groth16,2026-07-28T12:41:37.716671+00:00,measured,1,7,12,privacy_budget_64,privacy_budget,pi_budget,account,individual_policy,64,,,,none,monolithic,1,privacy_budget_64,groth16,332,0.0339449529999456,0.3692971820000821,0.3024588539999513,0.0,0.705700988999979,805,26,True,,True,ok,
20260728T123050Z_paper_groth16,2026-07-28T12:41:38.520015+00:00,measured,1,7,13,token_policy_bundle_32_depth_8,token_policy_bundle,pi_mem+pi_null+pi_valid+pi_budget,token,composition,32,8,token_bundle_b32_d8,baseline,shared_witness,monolithic,1,token_policy_bundle_32_depth_8,groth16,5525,0.0497577190001266,0.4712082680000549,0.281705828999975,0.0,0.8026718160001565,804,261,True,,True,ok,
20260728T123050Z_paper_groth16,2026-07-28T12:41:39.160991+00:00,measured,1,7,14,privacy_budget_32,privacy_budget,pi_budget,account,individual_policy,32,,,,none,monolithic,1,privacy_budget_32,groth16,172,0.020767062000004444,0.33095479700000396,0.28846949100011443,0.0,0.6401913500001228,804,16,True,,True,ok,
20260728T123050Z_paper_groth16,2026-07-28T12:41:39.722645+00:00,measured,1,7,15,state_transition_and_conservation_64,state_transition_and_conservation,pi_trans,account,individual_policy,64,,,,none,monolithic,1,state_transition_and_conservation_64,groth16,329,0.020264626999960456,0.28601960400010285,0.25467718799995964,0.0,0.5609614190000229,804,3,True,,True,ok,
20260728T123050Z_paper_groth16,2026-07-28T12:41:41.538282+00:00,measured,1,7,16,separate_account_core_32,account_policy_core,pi_valid+pi_trans+pi_limit,account,composition_baseline,32,,account_core_b32,baseline,unbound,separate,3,local_financial_validity_32;state_transition_and_conservation_32;operating_limit_32,groth16,445,0.061257053999952404,0.9371764250001888,0.8155933559999085,0.0,1.8140268350000497,2415,22,True,,True,ok,
20260728T123050Z_paper_groth16,2026-07-28T12:41:42.292884+00:00,measured,1,7,17,merkle_membership_depth_8,merkle_membership,pi_mem,token,individual_policy,,8,,,none,monolithic,1,merkle_membership_depth_8,groth16,4160,0.04194958599987331,0.4356820529999368,0.27632251900013216,0.0,0.7539541579999423,807,84,True,,True,ok,
20260728T123050Z_paper_groth16,2026-07-28T12:41:42.939920+00:00,measured,1,7,18,account_policy_with_privacy_budget_16,account_policy_with_privacy_budget,pi_valid+pi_trans+pi_limit+pi_budget,account,composition,16,,account_budget_b16,baseline,shared_witness,monolithic,1,account_policy_with_privacy_budget_16,groth16,261,0.021756418999984817,0.3177648789999239,0.30682176499999514,0.0,0.6463430629999039,806,21,True,,True,ok,
20260728T123050Z_paper_groth16,2026-07-28T12:41:43.537886+00:00,measured,1,7,19,account_policy_with_privacy_budget_32,account_policy_with_privacy_budget,pi_valid+pi_trans+pi_limit+pi_budget,account,composition,32,,account_budget_b32,baseline,shared_witness,monolithic,1,account_policy_with_privacy_budget_32,groth16,485,0.020119966000038403,0.3185128780000923,0.2587052940000376,0.0,0.5973381380001683,805,30,True,,True,ok,
20260728T123050Z_paper_groth16,2026-07-28T12:41:44.104000+00:00,measured,1,7,20,local_financial_validity_32,local_financial_validity,pi_valid,account,individual_policy,32,,,,none,monolithic,1,local_financial_validity_32,groth16,104,0.020979399999987436,0.28871976699997504,0.2555031960000633,0.0,0.5652023630000258,806,3,True,,True,ok,
20260728T123050Z_paper_groth16,2026-07-28T12:41:45.031827+00:00,measured,1,7,21,linked_token_bundle_monolithic_32_depth_16,token_policy_bundle,pi_mem+pi_null+pi_valid+pi_budget,token,composition,32,16,token_bundle_b32_d16,commitment_linked,tx_tag,monolithic,1,linked_token_bundle_monolithic_32_depth_16,groth16,11114,0.0637956209998265,0.5931768310001644,0.2683240589999514,2.7019998469768325e-06,0.9252992129997892,805,342,True,True,True,ok,
20260728T123050Z_paper_groth16,2026-07-28T12:41:47.591256+00:00,measured,1,7,22,separate_token_bundle_32_depth_8,token_policy_bundle,pi_mem+pi_null+pi_valid+pi_budget,token,composition_baseline,32,8,token_bundle_b32_d8,baseline,unbound,separate,4,merkle_membership_depth_8;nullifier_correctness_poseidon;local_financial_validity_32;privacy_budget_32,groth16,4953,0.11653695099971628,1.3700263100001848,1.0700566069999695,0.0,2.5566198679998706,3214,267,True,,True,ok,
20260728T123050Z_paper_groth16,2026-07-28T12:41:48.604700+00:00,measured,1,7,23,token_policy_bundle_32_depth_32,token_policy_bundle,pi_mem+pi_null+pi_valid+pi_budget,token,composition,32,32,token_bundle_b32_d32,baseline,shared_witness,monolithic,1,token_policy_bundle_32_depth_32,groth16,18005,0.04818785699990258,0.705002530999991,0.25918068000009953,0.0,1.012371067999993,805,261,True,,True,ok,
20260728T123050Z_paper_groth16,2026-07-28T12:41:51.294621+00:00,measured,1,7,24,linked_separate_account_budget_32,account_policy_with_privacy_budget,pi_valid+pi_trans+pi_limit+pi_budget,account,composition_baseline,32,,account_budget_b32,commitment_linked,tx_tag,separate,4,linked_account_budget_validity_32;linked_account_budget_transition_32;linked_account_budget_limit_32;linked_account_budget_budget_32,groth16,6333,0.23148013199988782,1.358677773999716,1.0962297630001103,2.9259999791975133e-06,2.6863905949996933,3217,444,True,True,True,ok,
20260728T123050Z_paper_groth16,2026-07-28T12:41:51.923418+00:00,measured,1,7,25,account_policy_with_privacy_budget_64,account_policy_with_privacy_budget,pi_valid+pi_trans+pi_limit+pi_budget,account,composition,64,,account_budget_b64,baseline,shared_witness,monolithic,1,account_policy_with_privacy_budget_64,groth16,933,0.02421997999999803,0.33117308200007756,0.27272916800006897,0.0,0.6281222300001446,803,50,True,,True,ok,
20260728T123050Z_paper_groth16,2026-07-28T12:41:52.754821+00:00,measured,1,7,26,token_policy_bundle_32_depth_16,token_policy_bundle,pi_mem+pi_null+pi_valid+pi_budget,token,composition,32,16,token_bundle_b32_d16,baseline,shared_witness,monolithic,1,token_policy_bundle_32_depth_16,groth16,9685,0.04512040899999192,0.5272602840000218,0.2583670090000396,0.0,0.8307477020000533,804,260,True,,True,ok,
20260728T123050Z_paper_groth16,2026-07-28T12:41:54.596330+00:00,measured,1,7,27,separate_account_core_64,account_policy_core,pi_valid+pi_trans+pi_limit,account,composition_baseline,64,,account_core_b64,baseline,unbound,separate,3,local_financial_validity_64;state_transition_and_conservation_64;operating_limit_64,groth16,861,0.06494018200010032,0.9498391279998941,0.8251031869999679,0.0,1.8398824969999623,2417,32,True,,True,ok,
20260728T123050Z_paper_groth16,2026-07-28T12:41:55.236924+00:00,measured,1,7,28,state_transition_and_conservation_16,state_transition_and_conservation,pi_trans,account,individual_policy,16,,,,none,monolithic,1,state_transition_and_conservation_16,groth16,89,0.019228149000127814,0.30867661100000987,0.3120536449998781,0.0,0.6399584050000158,805,3,True,,True,ok,
20260728T123050Z_paper_groth16,2026-07-28T12:41:55.850453+00:00,measured,1,7,29,account_policy_core_32,account_policy_core,pi_valid+pi_trans+pi_limit,account,composition,32,,account_core_b32,baseline,shared_witness,monolithic,1,account_policy_core_32,groth16,346,0.024346265000076528,0.3209851950000484,0.26756075799994505,0.0,0.61289221800007,807,16,True,,True,ok,
20260728T123050Z_paper_groth16,2026-07-28T12:41:56.470618+00:00,measured,1,7,30,account_policy_core_64,account_policy_core,pi_valid+pi_trans+pi_limit,account,composition,64,,account_core_b64,baseline,shared_witness,monolithic,1,account_policy_core_64,groth16,666,0.02032421599983536,0.32003728900008355,0.27914035799994963,0.0,0.6195018629998685,803,26,True,,True,ok,
20260728T123050Z_paper_groth16,2026-07-28T12:41:57.659221+00:00,measured,1,7,31,separate_valid_limit_64,local_validity_and_operating_limit,pi_valid+pi_limit,account,composition_baseline,64,,valid_limit_b64,baseline,unbound,separate,2,local_financial_validity_64;operating_limit_64,groth16,532,0.04790188400011175,0.6188515759999973,0.5207491889998437,0.0,1.1875026489999527,1610,29,True,,True,ok,
20260728T123050Z_paper_groth16,2026-07-28T12:41:58.259721+00:00,measured,1,7,32,operating_limit_16,operating_limit,pi_limit,account,individual_policy,16,,,,none,monolithic,1,operating_limit_16,groth16,92,0.020849343999998382,0.3005175920000056,0.27851897200002895,0.0,0.5998859080000329,805,12,True,,True,ok,
20260728T123050Z_paper_groth16,2026-07-28T12:41:58.900373+00:00,measured,1,7,33,nullifier_correctness_poseidon,nullifier_correctness,pi_null,token,individual_policy,,,,,none,monolithic,1,nullifier_correctness_poseidon,groth16,517,0.035247300000037285,0.31762727599993923,0.2868201889998545,0.0,0.639694764999831,803,164,True,,True,ok,
20260728T123050Z_paper_groth16,2026-07-28T12:41:59.478393+00:00,measured,1,7,34,local_validity_and_operating_limit_64,local_validity_and_operating_limit,pi_valid+pi_limit,account,composition,64,,valid_limit_b64,baseline,shared_witness,monolithic,1,local_validity_and_operating_limit_64,groth16,467,0.02174224200007302,0.3029979979999098,0.25267141299991636,0.0,0.5774116529998992,803,26,True,,True,ok,
20260728T123050Z_paper_groth16,2026-07-28T12:42:00.077366+00:00,measured,1,7,35,operating_limit_32,operating_limit,pi_limit,account,individual_policy,32,,,,none,monolithic,1,operating_limit_32,groth16,172,0.020440221000171732,0.29433589399991433,0.28359337799997775,0.0,0.5983694930000638,806,16,True,,True,ok,
20260728T123050Z_paper_groth16,2026-07-28T12:42:01.761175+00:00,measured,1,7,36,separate_account_core_16,account_policy_core,pi_valid+pi_trans+pi_limit,account,composition_baseline,16,,account_core_b16,baseline,unbound,separate,3,local_financial_validity_16;state_transition_and_conservation_16;operating_limit_16,groth16,237,0.06661041500001375,0.8542667500000789,0.761255065000114,0.0,1.6821322300002066,2416,18,True,,True,ok,
20260728T123050Z_paper_groth16,2026-07-28T12:42:02.608800+00:00,measured,1,7,37,merkle_membership_depth_16,merkle_membership,pi_mem,token,individual_policy,,16,,,none,monolithic,1,merkle_membership_depth_16,groth16,8320,0.04094230900000184,0.5329926960000648,0.2728541819999464,0.0,0.846789187000013,806,84,True,,True,ok,
20260728T123050Z_paper_groth16,2026-07-28T12:42:03.884028+00:00,measured,1,7,38,linked_separate_valid_limit_32,local_validity_and_operating_limit,pi_valid+pi_limit,account,composition_baseline,32,,valid_limit_b32,commitment_linked,tx_tag,separate,2,linked_valid_limit_validity_32;linked_valid_limit_limit_32,groth16,2210,0.08104416899982425,0.6553111529999569,0.5373762530000477,2.64400000560272e-06,1.2737342189998344,1608,196,True,True,True,ok,
20260728T123050Z_paper_groth16,2026-07-28T12:42:06.228215+00:00,measured,1,7,39,separate_account_budget_64,account_policy_with_privacy_budget,pi_valid+pi_trans+pi_limit+pi_budget,account,composition_baseline,64,,account_budget_b64,baseline,unbound,separate,4,local_financial_validity_64;state_transition_and_conservation_64;operating_limit_64;privacy_budget_64,groth16,1193,0.08549167599994689,1.201915969999618,1.054624831999945,0.0,2.34203247799951,3215,58,True,,True,ok,
20260728T123050Z_paper_groth16,2026-07-28T12:42:06.818075+00:00,measured,1,7,40,operating_limit_64,operating_limit,pi_limit,account,individual_policy,64,,,,none,monolithic,1,operating_limit_64,groth16,332,0.022611007000023164,0.30533370599982845,0.2612632879997818,0.0,0.5892080009996334,801,26,True,,True,ok,
20260728T123050Z_paper_groth16,2026-07-28T12:42:07.456668+00:00,measured,1,7,41,linked_valid_limit_monolithic_32,local_validity_and_operating_limit,pi_valid+pi_limit,account,composition,32,,valid_limit_b32,commitment_linked,tx_tag,monolithic,1,linked_valid_limit_monolithic_32,groth16,1210,0.03962420900006691,0.32923142499998903,0.2688660070000424,2.229000074294163e-06,0.6377238700001726,805,98,True,True,True,ok,
20260728T123050Z_paper_groth16,2026-07-28T12:42:08.052149+00:00,measured,1,7,42,local_financial_validity_64,local_financial_validity,pi_valid,account,individual_policy,64,,,,none,monolithic,1,local_financial_validity_64,groth16,200,0.02352784899994731,0.3124208799999906,0.2589388970000073,0.0,0.5948876259999452,803,3,True,,True,ok,
20260728T123050Z_paper_groth16,2026-07-28T12:42:10.718315+00:00,measured,1,7,43,separate_token_bundle_32_depth_16,token_policy_bundle,pi_mem+pi_null+pi_valid+pi_budget,token,composition_baseline,32,16,token_bundle_b32_d16,baseline,unbound,separate,4,merkle_membership_depth_16;nullifier_correctness_poseidon;local_financial_validity_32;privacy_budget_32,groth16,9113,0.11676101600005495,1.5123274760001095,1.034530641999936,0.0,2.6636191340001005,3223,267,True,,True,ok,
20260728T123050Z_paper_groth16,2026-07-28T12:42:11.903816+00:00,measured,1,7,44,separate_valid_limit_32,local_validity_and_operating_limit,pi_valid+pi_limit,account,composition_baseline,32,,valid_limit_b32,baseline,unbound,separate,2,local_financial_validity_32;operating_limit_32,groth16,276,0.04175692099988737,0.6061940040001446,0.5363828970000668,0.0,1.1843338220000987,1610,19,True,,True,ok,
20260728T123050Z_paper_groth16,2026-07-28T12:42:13.045404+00:00,measured,1,7,45,separate_valid_limit_16,local_validity_and_operating_limit,pi_valid+pi_limit,account,composition_baseline,16,,valid_limit_b16,baseline,unbound,separate,2,local_financial_validity_16;operating_limit_16,groth16,148,0.04005436300008114,0.5802835279998817,0.5201376119998713,0.0,1.1404755029998341,1610,15,True,,True,ok,
20260728T123050Z_paper_groth16,2026-07-28T12:42:14.074131+00:00,measured,1,7,46,merkle_membership_depth_32,merkle_membership,pi_mem,token,individual_policy,,32,,,none,monolithic,1,merkle_membership_depth_32,groth16,16640,0.04455681099989306,0.6801845850000063,0.30324583099991287,0.0,1.0279872269998123,806,84,True,,True,ok,
20260728T123050Z_paper_groth16,2026-07-28T12:42:14.692219+00:00,measured,1,8,1,state_transition_and_conservation_16,state_transition_and_conservation,pi_trans,account,individual_policy,16,,,,none,monolithic,1,state_transition_and_conservation_16,groth16,89,0.020369752999840784,0.32843648900006883,0.2686121090000597,0.0,0.6174183509999693,806,3,True,,True,ok,
20260728T123050Z_paper_groth16,2026-07-28T12:42:16.421557+00:00,measured,1,8,2,separate_account_core_16,account_policy_core,pi_valid+pi_trans+pi_limit,account,composition_baseline,16,,account_core_b16,baseline,unbound,separate,3,local_financial_validity_16;state_transition_and_conservation_16;operating_limit_16,groth16,237,0.06388272000003781,0.888576426000327,0.7752518889999465,0.0,1.7277110350003113,2417,18,True,,True,ok,
20260728T123050Z_paper_groth16,2026-07-28T12:42:17.011544+00:00,measured,1,8,3,privacy_budget_16,privacy_budget,pi_budget,account,individual_policy,16,,,,none,monolithic,1,privacy_budget_16,groth16,92,0.020440307999933793,0.30236631599996144,0.2665045840001312,0.0,0.5893112080000265,803,11,True,,True,ok,
20260728T123050Z_paper_groth16,2026-07-28T12:42:17.873700+00:00,measured,1,8,4,merkle_membership_depth_16,merkle_membership,pi_mem,token,individual_policy,,16,,,none,monolithic,1,merkle_membership_depth_16,groth16,8320,0.04102926399991702,0.5512414750000971,0.268874649000054,0.0,0.8611453880000681,803,84,True,,True,ok,
20260728T123050Z_paper_groth16,2026-07-28T12:42:20.624867+00:00,measured,1,8,5,separate_token_bundle_32_depth_32,token_policy_bundle,pi_mem+pi_null+pi_valid+pi_budget,token,composition_baseline,32,32,token_bundle_b32_d32,baseline,unbound,separate,4,merkle_membership_depth_32;nullifier_correctness_poseidon;local_financial_validity_32;privacy_budget_32,groth16,17433,0.11762995399999454,1.569531651999796,1.0617116270000224,0.0,2.748873232999813,3215,267,True,,True,ok,
20260728T123050Z_paper_groth16,2026-07-28T12:42:21.385204+00:00,measured,1,8,6,merkle_membership_depth_8,merkle_membership,pi_mem,token,individual_policy,,8,,,none,monolithic,1,merkle_membership_depth_8,groth16,4160,0.04399105499987854,0.44847445599998537,0.2671266300001207,0.0,0.7595921409999846,803,84,True,,True,ok,
20260728T123050Z_paper_groth16,2026-07-28T12:42:21.979026+00:00,measured,1,8,7,account_policy_with_privacy_budget_16,account_policy_with_privacy_budget,pi_valid+pi_trans+pi_limit+pi_budget,account,composition,16,,account_budget_b16,baseline,shared_witness,monolithic,1,account_policy_with_privacy_budget_16,groth16,261,0.020416183000179444,0.2923731339999449,0.2802117609999186,0.0,0.593001078000043,803,21,True,,True,ok,
20260728T123050Z_paper_groth16,2026-07-28T12:42:22.581017+00:00,measured,1,8,8,privacy_budget_64,privacy_budget,pi_budget,account,individual_policy,64,,,,none,monolithic,1,privacy_budget_64,groth16,332,0.02284876999988228,0.2865989360000185,0.2918593919998784,0.0,0.6013070979997792,806,26,True,,True,ok,
20260728T123050Z_paper_groth16,2026-07-28T12:42:23.452177+00:00,measured,1,8,9,token_policy_bundle_32_depth_16,token_policy_bundle,pi_mem+pi_null+pi_valid+pi_budget,token,composition,32,16,token_bundle_b32_d16,baseline,shared_witness,monolithic,1,token_policy_bundle_32_depth_16,groth16,9685,0.04717325699994035,0.5627717899999425,0.26024534199996197,0.0,0.8701903889998448,805,260,True,,True,ok,
20260728T123050Z_paper_groth16,2026-07-28T12:42:24.041420+00:00,measured,1,8,10,local_financial_validity_64,local_financial_validity,pi_valid,account,individual_policy,64,,,,none,monolithic,1,local_financial_validity_64,groth16,200,0.021891974000027403,0.2966109689998575,0.2699530689999392,0.0,0.5884560119998241,802,3,True,,True,ok,
20260728T123050Z_paper_groth16,2026-07-28T12:42:26.373695+00:00,measured,1,8,11,separate_account_budget_16,account_policy_with_privacy_budget,pi_valid+pi_trans+pi_limit+pi_budget,account,composition_baseline,16,,account_budget_b16,baseline,unbound,separate,4,local_financial_validity_16;state_transition_and_conservation_16;operating_limit_16;privacy_budget_16,groth16,329,0.08390538200001174,1.2053284710002572,1.0409261719998995,0.0,2.3301600250001684,3223,29,True,,True,ok,
20260728T123050Z_paper_groth16,2026-07-28T12:42:26.971818+00:00,measured,1,8,12,local_validity_and_operating_limit_64,local_validity_and_operating_limit,pi_valid+pi_limit,account,composition,64,,valid_limit_b64,baseline,shared_witness,monolithic,1,local_validity_and_operating_limit_64,groth16,467,0.024898296999936065,0.304512251999995,0.2680578740000783,0.0,0.5974684230000094,804,26,True,,True,ok,
20260728T123050Z_paper_groth16,2026-07-28T12:42:27.538087+00:00,measured,1,8,13,local_financial_validity_16,local_financial_validity,pi_valid,account,individual_policy,16,,,,none,monolithic,1,local_financial_validity_16,groth16,56,0.020708074000140186,0.28175141399992754,0.2628642360000413,0.0,0.565323724000109,805,3,True,,True,ok,
20260728T123050Z_paper_groth16,2026-07-28T12:42:28.144019+00:00,measured,1,8,14,operating_limit_16,operating_limit,pi_limit,account,individual_policy,16,,,,none,monolithic,1,operating_limit_16,groth16,92,0.020722479999903953,0.32105062899995573,0.26349044500011587,0.0,0.6052635539999756,805,12,True,,True,ok,
20260728T123050Z_paper_groth16,2026-07-28T12:42:28.747187+00:00,measured,1,8,15,local_financial_validity_32,local_financial_validity,pi_valid,account,individual_policy,32,,,,none,monolithic,1,local_financial_validity_32,groth16,104,0.01917931499997394,0.30402714199999537,0.2792947869997988,0.0,0.6025012439997681,807,3,True,,True,ok,
20260728T123050Z_paper_groth16,2026-07-28T12:42:29.930624+00:00,measured,1,8,16,separate_valid_limit_16,local_validity_and_operating_limit,pi_valid+pi_limit,account,composition_baseline,16,,valid_limit_b16,baseline,unbound,separate,2,local_financial_validity_16;operating_limit_16,groth16,148,0.04605041499985418,0.6111780069998076,0.5250804559998414,0.0,1.1823088779995032,1606,15,True,,True,ok,
20260728T123050Z_paper_groth16,2026-07-28T12:42:30.543861+00:00,measured,1,8,17,account_policy_core_64,account_policy_core,pi_valid+pi_trans+pi_limit,account,composition,64,,account_core_b64,baseline,shared_witness,monolithic,1,account_policy_core_64,groth16,666,0.023067486999934772,0.3308587799999714,0.2586754450001081,0.0,0.6126017120000142,805,26,True,,True,ok,
20260728T123050Z_paper_groth16,2026-07-28T12:42:31.739911+00:00,measured,1,8,18,separate_valid_limit_32,local_validity_and_operating_limit,pi_valid+pi_limit,account,composition_baseline,32,,valid_limit_b32,baseline,unbound,separate,2,local_financial_validity_32;operating_limit_32,groth16,276,0.043691349999789963,0.6154983389999416,0.5357506510001713,0.0,1.1949403399999028,1606,19,True,,True,ok,
20260728T123050Z_paper_groth16,2026-07-28T12:42:32.316062+00:00,measured,1,8,19,local_validity_and_operating_limit_16,local_validity_and_operating_limit,pi_valid+pi_limit,account,composition,16,,valid_limit_b16,baseline,shared_witness,monolithic,1,local_validity_and_operating_limit_16,groth16,131,0.026859441999931732,0.2920963199999278,0.25657919600007517,0.0,0.5755349579999347,805,12,True,,True,ok,
20260728T123050Z_paper_groth16,2026-07-28T12:42:32.914528+00:00,measured,1,8,20,account_policy_with_privacy_budget_32,account_policy_with_privacy_budget,pi_valid+pi_trans+pi_limit+pi_budget,account,composition,32,,account_budget_b32,baseline,shared_witness,monolithic,1,account_policy_with_privacy_budget_32,groth16,485,0.02276789600000484,0.3153647650001403,0.2596799000000374,0.0,0.5978125610001825,804,30,True,,True,ok,
20260728T123050Z_paper_groth16,2026-07-28T12:42:35.547426+00:00,measured,1,8,21,separate_token_bundle_32_depth_16,token_policy_bundle,pi_mem+pi_null+pi_valid+pi_budget,token,composition_baseline,32,16,token_bundle_b32_d16,baseline,unbound,separate,4,merkle_membership_depth_16;nullifier_correctness_poseidon;local_financial_validity_32;privacy_budget_32,groth16,9113,0.12021989400000166,1.4549987480002073,1.0551546649999182,0.0,2.630373307000127,3222,267,True,,True,ok,
20260728T123050Z_paper_groth16,2026-07-28T12:42:36.474140+00:00,measured,1,8,22,linked_token_bundle_monolithic_32_depth_16,token_policy_bundle,pi_mem+pi_null+pi_valid+pi_budget,token,composition,32,16,token_bundle_b32_d16,commitment_linked,tx_tag,monolithic,1,linked_token_bundle_monolithic_32_depth_16,groth16,11114,0.06324290299994573,0.5753542750001088,0.2850452590000714,2.680000079635647e-06,0.9236451170002056,806,342,True,True,True,ok,
20260728T123050Z_paper_groth16,2026-07-28T12:42:37.255867+00:00,measured,1,8,23,token_policy_bundle_32_depth_8,token_policy_bundle,pi_mem+pi_null+pi_valid+pi_budget,token,composition,32,8,token_bundle_b32_d8,baseline,shared_witness,monolithic,1,token_policy_bundle_32_depth_8,groth16,5525,0.048128276999932496,0.46044284499998867,0.2724289080001654,0.0,0.7810000300000866,804,261,True,,True,ok,
20260728T123050Z_paper_groth16,2026-07-28T12:42:39.005296+00:00,measured,1,8,24,separate_account_core_32,account_policy_core,pi_valid+pi_trans+pi_limit,account,composition_baseline,32,,account_core_b32,baseline,unbound,separate,3,local_financial_validity_32;state_transition_and_conservation_32;operating_limit_32,groth16,445,0.06292025100015053,0.894804795999562,0.7896784780000417,0.0,1.7474035249997542,2417,22,True,,True,ok,
20260728T123050Z_paper_groth16,2026-07-28T12:42:39.616066+00:00,measured,1,8,25,local_validity_and_operating_limit_32,local_validity_and_operating_limit,pi_valid+pi_limit,account,composition,32,,valid_limit_b32,baseline,shared_witness,monolithic,1,local_validity_and_operating_limit_32,groth16,243,0.02171532399984244,0.330345085999852,0.25807369999984076,0.0,0.6101341099995352,806,16,True,,True,ok,
20260728T123050Z_paper_groth16,2026-07-28T12:42:40.272748+00:00,measured,1,8,26,linked_valid_limit_monolithic_32,local_validity_and_operating_limit,pi_valid+pi_limit,account,composition,32,,valid_limit_b32,commitment_linked,tx_tag,monolithic,1,linked_valid_limit_monolithic_32,groth16,1210,0.04328536899993196,0.3391939809998803,0.2731834109999909,2.322999989701202e-06,0.6556650839997928,804,98,True,True,True,ok,
20260728T123050Z_paper_groth16,2026-07-28T12:42:40.847422+00:00,measured,1,8,27,state_transition_and_conservation_64,state_transition_and_conservation,pi_trans,account,individual_policy,64,,,,none,monolithic,1,state_transition_and_conservation_64,groth16,329,0.02089020700009314,0.30943321500012644,0.24376244500012945,0.0,0.574085867000349,802,3,True,,True,ok,
20260728T123050Z_paper_groth16,2026-07-28T12:42:42.683656+00:00,measured,1,8,28,separate_account_core_64,account_policy_core,pi_valid+pi_trans+pi_limit,account,composition_baseline,64,,account_core_b64,baseline,unbound,separate,3,local_financial_validity_64;state_transition_and_conservation_64;operating_limit_64,groth16,861,0.06209565400013162,0.9622400310001922,0.8102836920002119,0.0,1.8346193770005357,2414,32,True,,True,ok,
20260728T123050Z_paper_groth16,2026-07-28T12:42:43.755023+00:00,measured,1,8,29,token_policy_bundle_32_depth_32,token_policy_bundle,pi_mem+pi_null+pi_valid+pi_budget,token,composition,32,32,token_bundle_b32_d32,baseline,shared_witness,monolithic,1,token_policy_bundle_32_depth_32,groth16,18005,0.054604581999910806,0.7501141059999554,0.2659526999998434,0.0,1.0706713879997096,804,261,True,,True,ok,
20260728T123050Z_paper_groth16,2026-07-28T12:42:45.135248+00:00,measured,1,8,30,linked_separate_valid_limit_32,local_validity_and_operating_limit,pi_valid+pi_limit,account,composition_baseline,32,,valid_limit_b32,commitment_linked,tx_tag,separate,2,linked_valid_limit_validity_32;linked_valid_limit_limit_32,groth16,2210,0.08892011100010677,0.7030291709997982,0.5867358130001321,2.751000010903226e-06,1.378687846000048,1606,196,True,True,True,ok,
20260728T123050Z_paper_groth16,2026-07-28T12:42:45.789286+00:00,measured,1,8,31,account_policy_core_16,account_policy_core,pi_valid+pi_trans+pi_limit,account,composition,16,,account_core_b16,baseline,shared_witness,monolithic,1,account_policy_core_16,groth16,186,0.024435713999992004,0.30686729400008517,0.32201606200010247,0.0,0.6533190700001796,805,12,True,,True,ok,
20260728T123050Z_paper_groth16,2026-07-28T12:42:46.451769+00:00,measured,1,8,32,nullifier_correctness_poseidon,nullifier_correctness,pi_null,token,individual_policy,,,,,none,monolithic,1,nullifier_correctness_poseidon,groth16,517,0.034698275999971884,0.34712390600020626,0.2800267159998384,0.0,0.6618488980000166,807,164,True,,True,ok,
20260728T123050Z_paper_groth16,2026-07-28T12:42:49.384336+00:00,measured,1,8,33,linked_separate_token_bundle_32_depth_16,token_policy_bundle,pi_mem+pi_null+pi_valid+pi_budget,token,composition_baseline,32,16,token_bundle_b32_d16,commitment_linked,tx_tag,separate,4,linked_token_bundle_membership_32_depth_16;linked_token_bundle_nullifier_32_depth_16;linked_token_bundle_validity_32_depth_16;linked_token_bundle_budget_32_depth_16,groth16,15434,0.2510558269998455,1.6139986729999691,1.0629090220002126,2.8939998628629837e-06,2.92796641599989,3212,1368,True,True,True,ok,
20260728T123050Z_paper_groth16,2026-07-28T12:42:51.714222+00:00,measured,1,8,34,separate_account_budget_32,account_policy_with_privacy_budget,pi_valid+pi_trans+pi_limit+pi_budget,account,composition_baseline,32,,account_budget_b32,baseline,unbound,separate,4,local_financial_validity_32;state_transition_and_conservation_32;operating_limit_32;privacy_budget_32,groth16,617,0.0816831289998845,1.2184740159998455,1.0271281309999267,0.0,2.3272852759996567,3213,38,True,,True,ok,
20260728T123050Z_paper_groth16,2026-07-28T12:42:52.320643+00:00,measured,1,8,35,account_policy_with_privacy_budget_64,account_policy_with_privacy_budget,pi_valid+pi_trans+pi_limit+pi_budget,account,composition,64,,account_budget_b64,baseline,shared_witness,monolithic,1,account_policy_with_privacy_budget_64,groth16,933,0.02606405699998504,0.3119838779998645,0.2677138170001854,0.0,0.6057617520000349,805,50,True,,True,ok,
20260728T123050Z_paper_groth16,2026-07-28T12:42:52.914161+00:00,measured,1,8,36,state_transition_and_conservation_32,state_transition_and_conservation,pi_trans,account,individual_policy,32,,,,none,monolithic,1,state_transition_and_conservation_32,groth16,169,0.020691684999974314,0.2982168519999959,0.27398770599984346,0.0,0.5928962429998137,807,3,True,,True,ok,
20260728T123050Z_paper_groth16,2026-07-28T12:42:53.939855+00:00,measured,1,8,37,merkle_membership_depth_32,merkle_membership,pi_mem,token,individual_policy,,32,,,none,monolithic,1,merkle_membership_depth_32,groth16,16640,0.04460904099983054,0.7163010060000943,0.26408484200010207,0.0,1.0249948890000269,807,84,True,,True,ok,
20260728T123050Z_paper_groth16,2026-07-28T12:42:54.499649+00:00,measured,1,8,38,account_policy_core_32,account_policy_core,pi_valid+pi_trans+pi_limit,account,composition,32,,account_core_b32,baseline,shared_witness,monolithic,1,account_policy_core_32,groth16,346,0.021368442000039067,0.2930040270000518,0.2447937650001677,0.0,0.5591662340002586,806,16,True,,True,ok,
20260728T123050Z_paper_groth16,2026-07-28T12:42:55.154573+00:00,measured,1,8,39,operating_limit_64,operating_limit,pi_limit,account,individual_policy,64,,,,none,monolithic,1,operating_limit_64,groth16,332,0.020912325999915993,0.34596398799999406,0.2873737400000209,0.0,0.654250053999931,807,26,True,,True,ok,
20260728T123050Z_paper_groth16,2026-07-28T12:42:55.742333+00:00,measured,1,8,40,privacy_budget_32,privacy_budget,pi_budget,account,individual_policy,32,,,,none,monolithic,1,privacy_budget_32,groth16,172,0.023320365000017773,0.29833743399990453,0.2654040110001006,0.0,0.5870618100000229,805,16,True,,True,ok,
20260728T123050Z_paper_groth16,2026-07-28T12:42:57.005698+00:00,measured,1,8,41,separate_valid_limit_64,local_validity_and_operating_limit,pi_valid+pi_limit,account,composition_baseline,64,,valid_limit_b64,baseline,unbound,separate,2,local_financial_validity_64;operating_limit_64,groth16,532,0.04140052100001412,0.6616150659999676,0.5592183530000057,0.0,1.2622339399999873,1611,29,True,,True,ok,
20260728T123050Z_paper_groth16,2026-07-28T12:42:59.870419+00:00,measured,1,8,42,linked_separate_account_budget_32,account_policy_with_privacy_budget,pi_valid+pi_trans+pi_limit+pi_budget,account,composition_baseline,32,,account_budget_b32,commitment_linked,tx_tag,separate,4,linked_account_budget_validity_32;linked_account_budget_transition_32;linked_account_budget_limit_32;linked_account_budget_budget_32,groth16,6333,0.2538357920002454,1.499471412000048,1.1082187819999945,2.7539999791770242e-06,2.861528740000267,3220,444,True,True,True,ok,
20260728T123050Z_paper_groth16,2026-07-28T12:43:02.405440+00:00,measured,1,8,43,separate_token_bundle_32_depth_8,token_policy_bundle,pi_mem+pi_null+pi_valid+pi_budget,token,composition_baseline,32,8,token_bundle_b32_d8,baseline,unbound,separate,4,merkle_membership_depth_8;nullifier_correctness_poseidon;local_financial_validity_32;privacy_budget_32,groth16,4953,0.11555464200000642,1.3866571820001354,1.030620493999777,0.0,2.532832317999919,3225,267,True,,True,ok,
20260728T123050Z_paper_groth16,2026-07-28T12:43:03.071366+00:00,measured,1,8,44,linked_account_budget_monolithic_32,account_policy_with_privacy_budget,pi_valid+pi_trans+pi_limit+pi_budget,account,composition,32,,account_budget_b32,commitment_linked,tx_tag,monolithic,1,linked_account_budget_monolithic_32,groth16,1914,0.05800109599999814,0.34849852899992584,0.2584430550000434,3.445999936957378e-06,0.6649461259999043,806,111,True,True,True,ok,
20260728T123050Z_paper_groth16,2026-07-28T12:43:05.438837+00:00,measured,1,8,45,separate_account_budget_64,account_policy_with_privacy_budget,pi_valid+pi_trans+pi_limit+pi_budget,account,composition_baseline,64,,account_budget_b64,baseline,unbound,separate,4,local_financial_validity_64;state_transition_and_conservation_64;operating_limit_64;privacy_budget_64,groth16,1193,0.09501844900000833,1.209049714999992,1.0612757940000392,0.0,2.3653439580000395,3221,58,True,,True,ok,
20260728T123050Z_paper_groth16,2026-07-28T12:43:06.024787+00:00,measured,1,8,46,operating_limit_32,operating_limit,pi_limit,account,individual_policy,32,,,,none,monolithic,1,operating_limit_32,groth16,172,0.023952971999960937,0.2993590179999046,0.2619700970001304,0.0,0.585282086999996,807,16,True,,True,ok,
20260728T123050Z_paper_groth16,2026-07-28T12:43:06.630884+00:00,measured,1,9,1,account_policy_with_privacy_budget_64,account_policy_with_privacy_budget,pi_valid+pi_trans+pi_limit+pi_budget,account,composition,64,,account_budget_b64,baseline,shared_witness,monolithic,1,account_policy_with_privacy_budget_64,groth16,933,0.021516529999871636,0.32278276700003516,0.2611377429998356,0.0,0.6054370399997424,805,50,True,,True,ok,
20260728T123050Z_paper_groth16,2026-07-28T12:43:09.341152+00:00,measured,1,9,2,linked_separate_account_budget_32,account_policy_with_privacy_budget,pi_valid+pi_trans+pi_limit+pi_budget,account,composition_baseline,32,,account_budget_b32,commitment_linked,tx_tag,separate,4,linked_account_budget_validity_32;linked_account_budget_transition_32;linked_account_budget_limit_32;linked_account_budget_budget_32,groth16,6333,0.23362859899998512,1.420528503000014,1.0528608820000045,2.961000063805841e-06,2.7070209450000675,3216,444,True,True,True,ok,
20260728T123050Z_paper_groth16,2026-07-28T12:43:09.973326+00:00,measured,1,9,3,account_policy_with_privacy_budget_32,account_policy_with_privacy_budget,pi_valid+pi_trans+pi_limit+pi_budget,account,composition,32,,account_budget_b32,baseline,shared_witness,monolithic,1,account_policy_with_privacy_budget_32,groth16,485,0.020987567000020135,0.33223639900006674,0.2782125910000559,0.0,0.6314365570001428,801,30,True,,True,ok,
20260728T123050Z_paper_groth16,2026-07-28T12:43:11.075429+00:00,measured,1,9,4,token_policy_bundle_32_depth_32,token_policy_bundle,pi_mem+pi_null+pi_valid+pi_budget,token,composition,32,32,token_bundle_b32_d32,baseline,shared_witness,monolithic,1,token_policy_bundle_32_depth_32,groth16,18005,0.04891352499998902,0.7359318999999687,0.3164913370001159,0.0,1.1013367620000736,804,261,True,,True,ok,
20260728T123050Z_paper_groth16,2026-07-28T12:43:11.843843+00:00,measured,1,9,5,merkle_membership_depth_8,merkle_membership,pi_mem,token,individual_policy,,8,,,none,monolithic,1,merkle_membership_depth_8,groth16,4160,0.04285269999991215,0.4422882290000416,0.28260633100012456,0.0,0.7677472600000783,805,84,True,,True,ok,
20260728T123050Z_paper_groth16,2026-07-28T12:43:12.399574+00:00,measured,1,9,6,local_financial_validity_16,local_financial_validity,pi_valid,account,individual_policy,16,,,,none,monolithic,1,local_financial_validity_16,groth16,56,0.020067344999915804,0.2784077559999787,0.255165204999912,0.0,0.5536403059998065,803,3,True,,True,ok,
20260728T123050Z_paper_groth16,2026-07-28T12:43:13.014762+00:00,measured,1,9,7,privacy_budget_32,privacy_budget,pi_budget,account,individual_policy,32,,,,none,monolithic,1,privacy_budget_32,groth16,172,0.02085619800004679,0.29305964800005313,0.30062901300016165,0.0,0.6145448590002616,804,16,True,,True,ok,
20260728T123050Z_paper_groth16,2026-07-28T12:43:13.644934+00:00,measured,1,9,8,account_policy_core_16,account_policy_core,pi_valid+pi_trans+pi_limit,account,composition,16,,account_core_b16,baseline,shared_witness,monolithic,1,account_policy_core_16,groth16,186,0.028411324999979115,0.3156086480000795,0.2855192829999851,0.0,0.6295392560000437,808,12,True,,True,ok,
20260728T123050Z_paper_groth16,2026-07-28T12:43:14.381271+00:00,measured,1,9,9,linked_account_budget_monolithic_32,account_policy_with_privacy_budget,pi_valid+pi_trans+pi_limit+pi_budget,account,composition,32,,account_budget_b32,commitment_linked,tx_tag,monolithic,1,linked_account_budget_monolithic_32,groth16,1914,0.0701578939999763,0.3712050840001666,0.2938434640000196,3.0210001114028273e-06,0.7352094630002739,805,111,True,True,True,ok,
20260728T123050Z_paper_groth16,2026-07-28T12:43:15.036798+00:00,measured,1,9,10,state_transition_and_conservation_64,state_transition_and_conservation,pi_trans,account,individual_policy,64,,,,none,monolithic,1,state_transition_and_conservation_64,groth16,329,0.022661968999955207,0.3331822520001424,0.29902533699987544,0.0,0.654869557999973,806,3,True,,True,ok,
20260728T123050Z_paper_groth16,2026-07-28T12:43:15.719390+00:00,measured,1,9,11,operating_limit_64,operating_limit,pi_limit,account,individual_policy,64,,,,none,monolithic,1,operating_limit_64,groth16,332,0.022271565999972154,0.32403701099997306,0.33563460200002737,0.0,0.6819431789999726,802,26,True,,True,ok,
20260728T123050Z_paper_groth16,2026-07-28T12:43:17.583851+00:00,measured,1,9,12,separate_account_core_64,account_policy_core,pi_valid+pi_trans+pi_limit,account,composition_baseline,64,,account_core_b64,baseline,unbound,separate,3,local_financial_validity_64;state_transition_and_conservation_64;operating_limit_64,groth16,861,0.0668402970002262,0.9567930329999399,0.837915343000077,0.0,1.861548673000243,2419,32,True,,True,ok,
20260728T123050Z_paper_groth16,2026-07-28T12:43:20.171575+00:00,measured,1,9,13,separate_token_bundle_32_depth_16,token_policy_bundle,pi_mem+pi_null+pi_valid+pi_budget,token,composition_baseline,32,16,token_bundle_b32_d16,baseline,unbound,separate,4,merkle_membership_depth_16;nullifier_correctness_poseidon;local_financial_validity_32;privacy_budget_32,groth16,9113,0.1127126369999587,1.4408684290001474,1.0317848879999474,0.0,2.5853659540000535,3224,267,True,,True,ok,
20260728T123050Z_paper_groth16,2026-07-28T12:43:22.607141+00:00,measured,1,9,14,separate_account_budget_64,account_policy_with_privacy_budget,pi_valid+pi_trans+pi_limit+pi_budget,account,composition_baseline,64,,account_budget_b64,baseline,unbound,separate,4,local_financial_validity_64;state_transition_and_conservation_64;operating_limit_64;privacy_budget_64,groth16,1193,0.08656066899993675,1.251641915999926,1.0878270969997175,0.0,2.42602968199958,3223,58,True,,True,ok,
20260728T123050Z_paper_groth16,2026-07-28T12:43:23.216504+00:00,measured,1,9,15,account_policy_core_64,account_policy_core,pi_valid+pi_trans+pi_limit,account,composition,64,,account_core_b64,baseline,shared_witness,monolithic,1,account_policy_core_64,groth16,666,0.02228679699987879,0.32145124199996644,0.26494912899988776,0.0,0.608687167999733,803,26,True,,True,ok,
20260728T123050Z_paper_groth16,2026-07-28T12:43:23.828959+00:00,measured,1,9,16,state_transition_and_conservation_16,state_transition_and_conservation,pi_trans,account,individual_policy,16,,,,none,monolithic,1,state_transition_and_conservation_16,groth16,89,0.019776285000034477,0.31172593799988135,0.2803618269999788,0.0,0.6118640499998946,807,3,True,,True,ok,
20260728T123050Z_paper_groth16,2026-07-28T12:43:25.029662+00:00,measured,1,9,17,separate_valid_limit_64,local_validity_and_operating_limit,pi_valid+pi_limit,account,composition_baseline,64,,valid_limit_b64,baseline,unbound,separate,2,local_financial_validity_64;operating_limit_64,groth16,532,0.044487451000122746,0.6155112030000964,0.5395476349999626,0.0,1.1995462890001818,1607,29,True,,True,ok,
20260728T123050Z_paper_groth16,2026-07-28T12:43:25.957437+00:00,measured,1,9,18,linked_token_bundle_monolithic_32_depth_16,token_policy_bundle,pi_mem+pi_null+pi_valid+pi_budget,token,composition,32,16,token_bundle_b32_d16,commitment_linked,tx_tag,monolithic,1,linked_token_bundle_monolithic_32_depth_16,groth16,11114,0.06834966300016276,0.5926022989999638,0.2641264650001176,2.2449999050877523e-06,0.9250806720001492,805,342,True,True,True,ok,
20260728T123050Z_paper_groth16,2026-07-28T12:43:26.555863+00:00,measured,1,9,19,local_validity_and_operating_limit_16,local_validity_and_operating_limit,pi_valid+pi_limit,account,composition,16,,valid_limit_b16,baseline,shared_witness,monolithic,1,local_validity_and_operating_limit_16,groth16,131,0.02443221800012907,0.3102948400000969,0.26311381299979075,0.0,0.5978408710000167,805,12,True,,True,ok,
20260728T123050Z_paper_groth16,2026-07-28T12:43:27.126184+00:00,measured,1,9,20,local_validity_and_operating_limit_32,local_validity_and_operating_limit,pi_valid+pi_limit,account,composition,32,,valid_limit_b32,baseline,shared_witness,monolithic,1,local_validity_and_operating_limit_32,groth16,243,0.020562997999832078,0.29920962599999257,0.24994023199997173,0.0,0.5697128559997964,806,16,True,,True,ok,
20260728T123050Z_paper_groth16,2026-07-28T12:43:27.734397+00:00,measured,1,9,21,operating_limit_32,operating_limit,pi_limit,account,individual_policy,32,,,,none,monolithic,1,operating_limit_32,groth16,172,0.024599280999836992,0.2942577640001218,0.28026368099995125,0.0,0.5991207259999101,803,16,True,,True,ok,
20260728T123050Z_paper_groth16,2026-07-28T12:43:30.509884+00:00,measured,1,9,22,separate_token_bundle_32_depth_32,token_policy_bundle,pi_mem+pi_null+pi_valid+pi_budget,token,composition_baseline,32,32,token_bundle_b32_d32,baseline,unbound,separate,4,merkle_membership_depth_32;nullifier_correctness_poseidon;local_financial_validity_32;privacy_budget_32,groth16,17433,0.11474524400000519,1.5917134959997838,1.0663296950003769,0.0,2.772788435000166,3220,267,True,,True,ok,
20260728T123050Z_paper_groth16,2026-07-28T12:43:31.700650+00:00,measured,1,9,23,separate_valid_limit_16,local_validity_and_operating_limit,pi_valid+pi_limit,account,composition_baseline,16,,valid_limit_b16,baseline,unbound,separate,2,local_financial_validity_16;operating_limit_16,groth16,148,0.041179444000135845,0.6044929439999578,0.5439555729999483,0.0,1.189627961000042,1612,15,True,,True,ok,
20260728T123050Z_paper_groth16,2026-07-28T12:43:32.273925+00:00,measured,1,9,24,local_financial_validity_32,local_financial_validity,pi_valid,account,individual_policy,32,,,,none,monolithic,1,local_financial_validity_32,groth16,104,0.0204660919998787,0.2867806120000296,0.2654081809998843,0.0,0.5726548849997926,803,3,True,,True,ok,
20260728T123050Z_paper_groth16,2026-07-28T12:43:32.845732+00:00,measured,1,9,25,operating_limit_16,operating_limit,pi_limit,account,individual_policy,16,,,,none,monolithic,1,operating_limit_16,groth16,92,0.020571556000049895,0.2939138889998958,0.2567017339999893,0.0,0.571187178999935,802,12,True,,True,ok,
20260728T123050Z_paper_groth16,2026-07-28T12:43:33.407059+00:00,measured,1,9,26,account_policy_core_32,account_policy_core,pi_valid+pi_trans+pi_limit,account,composition,32,,account_core_b32,baseline,shared_witness,monolithic,1,account_policy_core_32,groth16,346,0.023534655000048588,0.2816515519998575,0.25554620799994154,0.0,0.5607324149998476,808,16,True,,True,ok,
20260728T123050Z_paper_groth16,2026-07-28T12:43:33.994231+00:00,measured,1,9,27,state_transition_and_conservation_32,state_transition_and_conservation,pi_trans,account,individual_policy,32,,,,none,monolithic,1,state_transition_and_conservation_32,groth16,169,0.021234981999896263,0.29351057099984246,0.2718391430000793,0.0,0.586584695999818,805,3,True,,True,ok,
20260728T123050Z_paper_groth16,2026-07-28T12:43:35.158724+00:00,measured,1,9,28,separate_valid_limit_32,local_validity_and_operating_limit,pi_valid+pi_limit,account,composition_baseline,32,,valid_limit_b32,baseline,unbound,separate,2,local_financial_validity_32;operating_limit_32,groth16,276,0.04091436899989276,0.5840635349998138,0.5384231319999344,0.0,1.163401035999641,1609,19,True,,True,ok,
20260728T123050Z_paper_groth16,2026-07-28T12:43:35.737547+00:00,measured,1,9,29,local_financial_validity_64,local_financial_validity,pi_valid,account,individual_policy,64,,,,none,monolithic,1,local_financial_validity_64,groth16,200,0.02146633400002429,0.297924766000051,0.2587795060001099,0.0,0.5781706060001852,802,3,True,,True,ok,
20260728T123050Z_paper_groth16,2026-07-28T12:43:36.602263+00:00,measured,1,9,30,token_policy_bundle_32_depth_16,token_policy_bundle,pi_mem+pi_null+pi_valid+pi_budget,token,composition,32,16,token_bundle_b32_d16,baseline,shared_witness,monolithic,1,token_policy_bundle_32_depth_16,groth16,9685,0.046108331000141334,0.5483046599999852,0.26966984399996363,0.0,0.8640828350000902,804,260,True,,True,ok,
20260728T123050Z_paper_groth16,2026-07-28T12:43:38.335710+00:00,measured,1,9,31,separate_account_core_16,account_policy_core,pi_valid+pi_trans+pi_limit,account,composition_baseline,16,,account_core_b16,baseline,unbound,separate,3,local_financial_validity_16;state_transition_and_conservation_16;operating_limit_16,groth16,237,0.06267673600018497,0.8758883750001587,0.7932877190000909,0.0,1.7318528300004346,2414,18,True,,True,ok,
20260728T123050Z_paper_groth16,2026-07-28T12:43:38.922927+00:00,measured,1,9,32,local_validity_and_operating_limit_64,local_validity_and_operating_limit,pi_valid+pi_limit,account,composition,64,,valid_limit_b64,baseline,shared_witness,monolithic,1,local_validity_and_operating_limit_64,groth16,467,0.022220396000193432,0.2973415969997859,0.26658230799989724,0.0,0.5861443009998766,803,26,True,,True,ok,
20260728T123050Z_paper_groth16,2026-07-28T12:43:40.214856+00:00,measured,1,9,33,linked_separate_valid_limit_32,local_validity_and_operating_limit,pi_valid+pi_limit,account,composition_baseline,32,,valid_limit_b32,commitment_linked,tx_tag,separate,2,linked_valid_limit_validity_32;linked_valid_limit_limit_32,groth16,2210,0.08238333499980399,0.6744313620001776,0.533571965000192,2.1880000531382393e-06,1.2903888500002267,1608,196,True,True,True,ok,
20260728T123050Z_paper_groth16,2026-07-28T12:43:40.780013+00:00,measured,1,9,34,account_policy_with_privacy_budget_16,account_policy_with_privacy_budget,pi_valid+pi_trans+pi_limit+pi_budget,account,composition,16,,account_budget_b16,baseline,shared_witness,monolithic,1,account_policy_with_privacy_budget_16,groth16,261,0.020570941999949355,0.2895719910000025,0.2544081600001391,0.0,0.564551093000091,806,21,True,,True,ok,
20260728T123050Z_paper_groth16,2026-07-28T12:43:41.820309+00:00,measured,1,9,35,merkle_membership_depth_32,merkle_membership,pi_mem,token,individual_policy,,32,,,none,monolithic,1,merkle_membership_depth_32,groth16,16640,0.04247913199992581,0.7265118780001103,0.27058297300004597,0.0,1.039573983000082,804,84,True,,True,ok,
20260728T123050Z_paper_groth16,2026-07-28T12:43:42.471973+00:00,measured,1,9,36,nullifier_correctness_poseidon,nullifier_correctness,pi_null,token,individual_policy,,,,,none,monolithic,1,nullifier_correctness_poseidon,groth16,517,0.03782642000010128,0.33901019800009635,0.27419341500012706,0.0,0.6510300330003247,804,164,True,,True,ok,
20260728T123050Z_paper_groth16,2026-07-28T12:43:44.236072+00:00,measured,1,9,37,separate_account_core_32,account_policy_core,pi_valid+pi_trans+pi_limit,account,composition_baseline,32,,account_core_b32,baseline,unbound,separate,3,local_financial_validity_32;state_transition_and_conservation_32;operating_limit_32,groth16,445,0.06048989500004609,0.9025075790000301,0.799384917999987,0.0,1.7623823920000632,2415,22,True,,True,ok,
20260728T123050Z_paper_groth16,2026-07-28T12:43:46.563480+00:00,measured,1,9,38,separate_account_budget_32,account_policy_with_privacy_budget,pi_valid+pi_trans+pi_limit+pi_budget,account,composition_baseline,32,,account_budget_b32,baseline,unbound,separate,4,local_financial_validity_32;state_transition_and_conservation_32;operating_limit_32;privacy_budget_32,groth16,617,0.07755441099970994,1.188138853000055,1.0591733940000267,0.0,2.3248666579997916,3221,38,True,,True,ok,
20260728T123050Z_paper_groth16,2026-07-28T12:43:49.504586+00:00,measured,1,9,39,linked_separate_token_bundle_32_depth_16,token_policy_bundle,pi_mem+pi_null+pi_valid+pi_budget,token,composition_baseline,32,16,token_bundle_b32_d16,commitment_linked,tx_tag,separate,4,linked_token_bundle_membership_32_depth_16;linked_token_bundle_nullifier_32_depth_16;linked_token_bundle_validity_32_depth_16;linked_token_bundle_budget_32_depth_16,groth16,15434,0.24666228599971873,1.5950773370000206,1.0946681640000406,2.651999920999515e-06,2.936410438999701,3218,1368,True,True,True,ok,
20260728T123050Z_paper_groth16,2026-07-28T12:43:50.081663+00:00,measured,1,9,40,privacy_budget_16,privacy_budget,pi_budget,account,individual_policy,16,,,,none,monolithic,1,privacy_budget_16,groth16,92,0.02102224300006128,0.2958657460001177,0.2595933669999795,0.0,0.5764813560001585,802,11,True,,True,ok,
20260728T123050Z_paper_groth16,2026-07-28T12:43:50.847178+00:00,measured,1,9,41,token_policy_bundle_32_depth_8,token_policy_bundle,pi_mem+pi_null+pi_valid+pi_budget,token,composition,32,8,token_bundle_b32_d8,baseline,shared_witness,monolithic,1,token_policy_bundle_32_depth_8,groth16,5525,0.045199178999837386,0.44800760499992975,0.27135839099992154,0.0,0.7645651749996887,804,261,True,,True,ok,
20260728T123050Z_paper_groth16,2026-07-28T12:43:51.473581+00:00,measured,1,9,42,linked_valid_limit_monolithic_32,local_validity_and_operating_limit,pi_valid+pi_limit,account,composition,32,,valid_limit_b32,commitment_linked,tx_tag,monolithic,1,linked_valid_limit_monolithic_32,groth16,1210,0.040498214000081134,0.31897141599984025,0.26606632900006844,2.168000037272577e-06,0.6255381270000271,804,98,True,True,True,ok,
20260728T123050Z_paper_groth16,2026-07-28T12:43:52.282353+00:00,measured,1,9,43,merkle_membership_depth_16,merkle_membership,pi_mem,token,individual_policy,,16,,,none,monolithic,1,merkle_membership_depth_16,groth16,8320,0.039088191000018924,0.5016482810001435,0.26734505800004627,0.0,0.8080815300002087,806,84,True,,True,ok,
20260728T123050Z_paper_groth16,2026-07-28T12:43:54.664015+00:00,measured,1,9,44,separate_account_budget_16,account_policy_with_privacy_budget,pi_valid+pi_trans+pi_limit+pi_budget,account,composition_baseline,16,,account_budget_b16,baseline,unbound,separate,4,local_financial_validity_16;state_transition_and_conservation_16;operating_limit_16;privacy_budget_16,groth16,329,0.08238070500010508,1.220996261999744,1.0759867110000414,0.0,2.3793636779998906,3225,29,True,,True,ok,
20260728T123050Z_paper_groth16,2026-07-28T12:43:55.240389+00:00,measured,1,9,45,privacy_budget_64,privacy_budget,pi_budget,account,individual_policy,64,,,,none,monolithic,1,privacy_budget_64,groth16,332,0.021309642000005624,0.3009727589999329,0.25345506500002557,0.0,0.5757374659999641,806,26,True,,True,ok,
20260728T123050Z_paper_groth16,2026-07-28T12:43:57.752850+00:00,measured,1,9,46,separate_token_bundle_32_depth_8,token_policy_bundle,pi_mem+pi_null+pi_valid+pi_budget,token,composition_baseline,32,8,token_bundle_b32_d8,baseline,unbound,separate,4,merkle_membership_depth_8;nullifier_correctness_poseidon;local_financial_validity_32;privacy_budget_32,groth16,4953,0.11359765099973629,1.3431443530005254,1.0527536020001662,0.0,2.509495606000428,3223,267,True,,True,ok,
20260728T123050Z_paper_groth16,2026-07-28T12:43:59.445709+00:00,measured,1,10,1,separate_account_core_16,account_policy_core,pi_valid+pi_trans+pi_limit,account,composition_baseline,16,,account_core_b16,baseline,unbound,separate,3,local_financial_validity_16;state_transition_and_conservation_16;operating_limit_16,groth16,237,0.059775860999479846,0.8647164880001128,0.7665947020000203,0.0,1.691087050999613,2414,18,True,,True,ok,
20260728T123050Z_paper_groth16,2026-07-28T12:44:00.026991+00:00,measured,1,10,2,local_validity_and_operating_limit_32,local_validity_and_operating_limit,pi_valid+pi_limit,account,composition,32,,valid_limit_b32,baseline,shared_witness,monolithic,1,local_validity_and_operating_limit_32,groth16,243,0.021008083999959126,0.3036176880000312,0.2560161080000398,0.0,0.5806418800000301,805,16,True,,True,ok,
20260728T123050Z_paper_groth16,2026-07-28T12:44:00.615022+00:00,measured,1,10,3,privacy_budget_32,privacy_budget,pi_budget,account,individual_policy,32,,,,none,monolithic,1,privacy_budget_32,groth16,172,0.02243353600010778,0.28968034800004716,0.27529418099993563,0.0,0.5874080650000906,807,16,True,,True,ok,
20260728T123050Z_paper_groth16,2026-07-28T12:44:03.182193+00:00,measured,1,10,4,separate_token_bundle_32_depth_16,token_policy_bundle,pi_mem+pi_null+pi_valid+pi_budget,token,composition_baseline,32,16,token_bundle_b32_d16,baseline,unbound,separate,4,merkle_membership_depth_16;nullifier_correctness_poseidon;local_financial_validity_32;privacy_budget_32,groth16,9113,0.10768873600000006,1.4077737390000493,1.0494468620001953,0.0,2.5649093370002447,3215,267,True,,True,ok,
20260728T123050Z_paper_groth16,2026-07-28T12:44:06.019002+00:00,measured,1,10,5,linked_separate_token_bundle_32_depth_16,token_policy_bundle,pi_mem+pi_null+pi_valid+pi_budget,token,composition_baseline,32,16,token_bundle_b32_d16,commitment_linked,tx_tag,separate,4,linked_token_bundle_membership_32_depth_16;linked_token_bundle_nullifier_32_depth_16;linked_token_bundle_validity_32_depth_16;linked_token_bundle_budget_32_depth_16,groth16,15434,0.23527857599992785,1.5754802980000022,1.0221431570000732,2.4060000214376487e-06,2.8329044370000247,3224,1368,True,True,True,ok,
20260728T123050Z_paper_groth16,2026-07-28T12:44:07.071934+00:00,measured,1,10,6,token_policy_bundle_32_depth_32,token_policy_bundle,pi_mem+pi_null+pi_valid+pi_budget,token,composition,32,32,token_bundle_b32_d32,baseline,shared_witness,monolithic,1,token_policy_bundle_32_depth_32,groth16,18005,0.04903619699985029,0.6914327810000032,0.3117519740001171,0.0,1.0522209519999706,804,261,True,,True,ok,
20260728T123050Z_paper_groth16,2026-07-28T12:44:07.683774+00:00,measured,1,10,7,account_policy_with_privacy_budget_64,account_policy_with_privacy_budget,pi_valid+pi_trans+pi_limit+pi_budget,account,composition,64,,account_budget_b64,baseline,shared_witness,monolithic,1,account_policy_with_privacy_budget_64,groth16,933,0.02391066299992417,0.3186023739999655,0.26863484299997253,0.0,0.6111478799998622,806,50,True,,True,ok,
20260728T123050Z_paper_groth16,2026-07-28T12:44:08.252738+00:00,measured,1,10,8,privacy_budget_64,privacy_budget,pi_budget,account,individual_policy,64,,,,none,monolithic,1,privacy_budget_64,groth16,332,0.020526517000007516,0.2876221670001087,0.26010321799981284,0.0,0.568251901999929,808,26,True,,True,ok,
20260728T123050Z_paper_groth16,2026-07-28T12:44:10.782367+00:00,measured,1,10,9,separate_token_bundle_32_depth_8,token_policy_bundle,pi_mem+pi_null+pi_valid+pi_budget,token,composition_baseline,32,8,token_bundle_b32_d8,baseline,unbound,separate,4,merkle_membership_depth_8;nullifier_correctness_poseidon;local_financial_validity_32;privacy_budget_32,groth16,4953,0.11354220300017914,1.348867850000488,1.0648763429999235,0.0,2.5272863960005907,3220,267,True,,True,ok,
20260728T123050Z_paper_groth16,2026-07-28T12:44:13.101728+00:00,measured,1,10,10,separate_account_budget_32,account_policy_with_privacy_budget,pi_valid+pi_trans+pi_limit+pi_budget,account,composition_baseline,32,,account_budget_b32,baseline,unbound,separate,4,local_financial_validity_32;state_transition_and_conservation_32;operating_limit_32;privacy_budget_32,groth16,617,0.0819922529994983,1.2129723759999251,1.0222571520000656,0.0,2.317221780999489,3216,38,True,,True,ok,
20260728T123050Z_paper_groth16,2026-07-28T12:44:14.315636+00:00,measured,1,10,11,separate_valid_limit_64,local_validity_and_operating_limit,pi_valid+pi_limit,account,composition_baseline,64,,valid_limit_b64,baseline,unbound,separate,2,local_financial_validity_64;operating_limit_64,groth16,532,0.04245734899996023,0.6310152730000027,0.5392570720002823,0.0,1.2127296940002452,1612,29,True,,True,ok,
20260728T123050Z_paper_groth16,2026-07-28T12:44:17.151066+00:00,measured,1,10,12,separate_token_bundle_32_depth_32,token_policy_bundle,pi_mem+pi_null+pi_valid+pi_budget,token,composition_baseline,32,32,token_bundle_b32_d32,baseline,unbound,separate,4,merkle_membership_depth_32;nullifier_correctness_poseidon;local_financial_validity_32;privacy_budget_32,groth16,17433,0.1153323300000011,1.6702619339998819,1.0471238179998181,0.0,2.832718081999701,3219,267,True,,True,ok,
20260728T123050Z_paper_groth16,2026-07-28T12:44:18.906160+00:00,measured,1,10,13,separate_account_core_64,account_policy_core,pi_valid+pi_trans+pi_limit,account,composition_baseline,64,,account_core_b64,baseline,unbound,separate,3,local_financial_validity_64;state_transition_and_conservation_64;operating_limit_64,groth16,861,0.06433934199981195,0.9046027869999307,0.7844926469999791,0.0,1.7534347759997218,2410,32,True,,True,ok,
20260728T123050Z_paper_groth16,2026-07-28T12:44:19.473209+00:00,measured,1,10,14,state_transition_and_conservation_16,state_transition_and_conservation,pi_trans,account,individual_policy,16,,,,none,monolithic,1,state_transition_and_conservation_16,groth16,89,0.019718612000133362,0.2839969970000311,0.2623129920000338,0.0,0.5660286010001983,805,3,True,,True,ok,
20260728T123050Z_paper_groth16,2026-07-28T12:44:20.038754+00:00,measured,1,10,15,local_financial_validity_32,local_financial_validity,pi_valid,account,individual_policy,32,,,,none,monolithic,1,local_financial_validity_32,groth16,104,0.022923680999838325,0.2697340480001458,0.2722579860001133,0.0,0.5649157150000974,806,3,True,,True,ok,
20260728T123050Z_paper_groth16,2026-07-28T12:44:20.614751+00:00,measured,1,10,16,local_validity_and_operating_limit_64,local_validity_and_operating_limit,pi_valid+pi_limit,account,composition,64,,valid_limit_b64,baseline,shared_witness,monolithic,1,local_validity_and_operating_limit_64,groth16,467,0.02075140600004488,0.30073249499992016,0.25354003100005684,0.0,0.5750239320000219,801,26,True,,True,ok,
20260728T123050Z_paper_groth16,2026-07-28T12:44:21.210280+00:00,measured,1,10,17,local_validity_and_operating_limit_16,local_validity_and_operating_limit,pi_valid+pi_limit,account,composition,16,,valid_limit_b16,baseline,shared_witness,monolithic,1,local_validity_and_operating_limit_16,groth16,131,0.01917659899982027,0.31015240800002175,0.2655965640001341,0.0,0.5949255709999761,806,12,True,,True,ok,
20260728T123050Z_paper_groth16,2026-07-28T12:44:21.809178+00:00,measured,1,10,18,account_policy_core_64,account_policy_core,pi_valid+pi_trans+pi_limit,account,composition,64,,account_core_b64,baseline,shared_witness,monolithic,1,account_policy_core_64,groth16,666,0.021305594999830646,0.31005431499988845,0.26684102600006554,0.0,0.5982009359997846,804,26,True,,True,ok,
20260728T123050Z_paper_groth16,2026-07-28T12:44:22.653404+00:00,measured,1,10,19,merkle_membership_depth_16,merkle_membership,pi_mem,token,individual_policy,,16,,,none,monolithic,1,merkle_membership_depth_16,groth16,8320,0.05408390999991752,0.531583282000156,0.25787556700015557,0.0,0.8435427590002291,809,84,True,,True,ok,
20260728T123050Z_paper_groth16,2026-07-28T12:44:23.835180+00:00,measured,1,10,20,separate_valid_limit_16,local_validity_and_operating_limit,pi_valid+pi_limit,account,composition_baseline,16,,valid_limit_b16,baseline,unbound,separate,2,local_financial_validity_16;operating_limit_16,groth16,148,0.04234862399994199,0.5822916099998565,0.5560039189997497,0.0,1.1806441529995482,1611,15,True,,True,ok,
20260728T123050Z_paper_groth16,2026-07-28T12:44:24.968437+00:00,measured,1,10,21,separate_valid_limit_32,local_validity_and_operating_limit,pi_valid+pi_limit,account,composition_baseline,32,,valid_limit_b32,baseline,unbound,separate,2,local_financial_validity_32;operating_limit_32,groth16,276,0.03897575600012715,0.5765951390001192,0.516484415999912,0.0,1.1320553110001583,1607,19,True,,True,ok,
20260728T123050Z_paper_groth16,2026-07-28T12:44:25.825595+00:00,measured,1,10,22,token_policy_bundle_32_depth_16,token_policy_bundle,pi_mem+pi_null+pi_valid+pi_budget,token,composition,32,16,token_bundle_b32_d16,baseline,shared_witness,monolithic,1,token_policy_bundle_32_depth_16,groth16,9685,0.04900276700004724,0.5494028919999892,0.2580556790001083,0.0,0.8564613380001447,803,260,True,,True,ok,
20260728T123050Z_paper_groth16,2026-07-28T12:44:28.129701+00:00,measured,1,10,23,separate_account_budget_64,account_policy_with_privacy_budget,pi_valid+pi_trans+pi_limit+pi_budget,account,composition_baseline,64,,account_budget_b64,baseline,unbound,separate,4,local_financial_validity_64;state_transition_and_conservation_64;operating_limit_64;privacy_budget_64,groth16,1193,0.08781382999950438,1.196915870000339,1.0170003419998466,0.0,2.30173004199969,3216,58,True,,True,ok,
20260728T123050Z_paper_groth16,2026-07-28T12:44:28.791660+00:00,measured,1,10,24,linked_account_budget_monolithic_32,account_policy_with_privacy_budget,pi_valid+pi_trans+pi_limit+pi_budget,account,composition,32,,account_budget_b32,commitment_linked,tx_tag,monolithic,1,linked_account_budget_monolithic_32,groth16,1914,0.05798224099999061,0.3440315660000124,0.2589259079998101,2.2930000795895467e-06,0.6609420079998927,807,111,True,True,True,ok,
20260728T123050Z_paper_groth16,2026-07-28T12:44:29.425530+00:00,measured,1,10,25,nullifier_correctness_poseidon,nullifier_correctness,pi_null,token,individual_policy,,,,,none,monolithic,1,nullifier_correctness_poseidon,groth16,517,0.03170269399993231,0.32913168800018866,0.27246169800014286,0.0,0.6332960800002638,807,164,True,,True,ok,
20260728T123050Z_paper_groth16,2026-07-28T12:44:31.668985+00:00,measured,1,10,26,separate_account_budget_16,account_policy_with_privacy_budget,pi_valid+pi_trans+pi_limit+pi_budget,account,composition_baseline,16,,account_budget_b16,baseline,unbound,separate,4,local_financial_validity_16;state_transition_and_conservation_16;operating_limit_16;privacy_budget_16,groth16,329,0.083579478999809,1.1383906660000775,1.0188705690000006,0.0,2.240840713999887,3225,29,True,,True,ok,
20260728T123050Z_paper_groth16,2026-07-28T12:44:32.238210+00:00,measured,1,10,27,account_policy_core_16,account_policy_core,pi_valid+pi_trans+pi_limit,account,composition,16,,account_core_b16,baseline,shared_witness,monolithic,1,account_policy_core_16,groth16,186,0.020457310999972833,0.29543471099987073,0.2526687800000218,0.0,0.5685608019998654,802,12,True,,True,ok,
20260728T123050Z_paper_groth16,2026-07-28T12:44:32.987307+00:00,measured,1,10,28,token_policy_bundle_32_depth_8,token_policy_bundle,pi_mem+pi_null+pi_valid+pi_budget,token,composition,32,8,token_bundle_b32_d8,baseline,shared_witness,monolithic,1,token_policy_bundle_32_depth_8,groth16,5525,0.046138659000007465,0.4337415110001075,0.26860714000008556,0.0,0.7484873100002005,807,261,True,,True,ok,
20260728T123050Z_paper_groth16,2026-07-28T12:44:33.561274+00:00,measured,1,10,29,state_transition_and_conservation_64,state_transition_and_conservation,pi_trans,account,individual_policy,64,,,,none,monolithic,1,state_transition_and_conservation_64,groth16,329,0.020341442000017196,0.289943108999978,0.2583702690001246,0.0,0.5686548200001198,807,3,True,,True,ok,
20260728T123050Z_paper_groth16,2026-07-28T12:44:36.186741+00:00,measured,1,10,30,linked_separate_account_budget_32,account_policy_with_privacy_budget,pi_valid+pi_trans+pi_limit+pi_budget,account,composition_baseline,32,,account_budget_b32,commitment_linked,tx_tag,separate,4,linked_account_budget_validity_32;linked_account_budget_transition_32;linked_account_budget_limit_32;linked_account_budget_budget_32,groth16,6333,0.23206473699997332,1.351197455999909,1.0385983000001033,2.64400000560272e-06,2.621863136999991,3225,444,True,True,True,ok,
20260728T123050Z_paper_groth16,2026-07-28T12:44:36.811973+00:00,measured,1,10,31,linked_valid_limit_monolithic_32,local_validity_and_operating_limit,pi_valid+pi_limit,account,composition,32,,valid_limit_b32,commitment_linked,tx_tag,monolithic,1,linked_valid_limit_monolithic_32,groth16,1210,0.03909144799990827,0.330469457999925,0.254829964999999,2.145000053133117e-06,0.6243930159998854,807,98,True,True,True,ok,
20260728T123050Z_paper_groth16,2026-07-28T12:44:37.362753+00:00,measured,1,10,32,privacy_budget_16,privacy_budget,pi_budget,account,individual_policy,16,,,,none,monolithic,1,privacy_budget_16,groth16,92,0.01974507799991443,0.2701953810001214,0.2602590209999107,0.0,0.5501994799999466,803,11,True,,True,ok,
20260728T123050Z_paper_groth16,2026-07-28T12:44:38.071131+00:00,measured,1,10,33,merkle_membership_depth_8,merkle_membership,pi_mem,token,individual_policy,,8,,,none,monolithic,1,merkle_membership_depth_8,groth16,4160,0.04007389600019451,0.41419603800000004,0.2534464539999135,0.0,0.707716388000108,805,84,True,,True,ok,
20260728T123050Z_paper_groth16,2026-07-28T12:44:38.646667+00:00,measured,1,10,34,account_policy_with_privacy_budget_32,account_policy_with_privacy_budget,pi_valid+pi_trans+pi_limit+pi_budget,account,composition,32,,account_budget_b32,baseline,shared_witness,monolithic,1,account_policy_with_privacy_budget_32,groth16,485,0.020814276000010068,0.2884430579999844,0.26566809099995226,0.0,0.5749254249999467,804,30,True,,True,ok,
20260728T123050Z_paper_groth16,2026-07-28T12:44:39.537790+00:00,measured,1,10,35,linked_token_bundle_monolithic_32_depth_16,token_policy_bundle,pi_mem+pi_null+pi_valid+pi_budget,token,composition,32,16,token_bundle_b32_d16,commitment_linked,tx_tag,monolithic,1,linked_token_bundle_monolithic_32_depth_16,groth16,11114,0.06042188099991108,0.5603340400000434,0.2675299919999361,2.728000026763766e-06,0.8882886409999173,806,342,True,True,True,ok,
20260728T123050Z_paper_groth16,2026-07-28T12:44:40.113945+00:00,measured,1,10,36,local_financial_validity_16,local_financial_validity,pi_valid,account,individual_policy,16,,,,none,monolithic,1,local_financial_validity_16,groth16,56,0.020115719999921566,0.3059633909999775,0.24949622100007218,0.0,0.5755753319999712,803,3,True,,True,ok,
20260728T123050Z_paper_groth16,2026-07-28T12:44:40.682261+00:00,measured,1,10,37,operating_limit_32,operating_limit,pi_limit,account,individual_policy,32,,,,none,monolithic,1,operating_limit_32,groth16,172,0.020203814999831593,0.2855327009999655,0.261961170999939,0.0,0.5676976869997361,808,16,True,,True,ok,
20260728T123050Z_paper_groth16,2026-07-28T12:44:41.244798+00:00,measured,1,10,38,state_transition_and_conservation_32,state_transition_and_conservation,pi_trans,account,individual_policy,32,,,,none,monolithic,1,state_transition_and_conservation_32,groth16,169,0.02258720000008907,0.27939155900003243,0.25993454700005714,0.0,0.5619133060001786,804,3,True,,True,ok,
20260728T123050Z_paper_groth16,2026-07-28T12:44:41.815721+00:00,measured,1,10,39,local_financial_validity_64,local_financial_validity,pi_valid,account,individual_policy,64,,,,none,monolithic,1,local_financial_validity_64,groth16,200,0.020505060999994384,0.2977278099999694,0.25204994099999567,0.0,0.5702828119999594,807,3,True,,True,ok,
20260728T123050Z_paper_groth16,2026-07-28T12:44:42.391073+00:00,measured,1,10,40,operating_limit_64,operating_limit,pi_limit,account,individual_policy,64,,,,none,monolithic,1,operating_limit_64,groth16,332,0.019541713000080563,0.29898487099990234,0.25609146000010696,0.0,0.5746180440000899,806,26,True,,True,ok,
20260728T123050Z_paper_groth16,2026-07-28T12:44:42.959356+00:00,measured,1,10,41,account_policy_with_privacy_budget_16,account_policy_with_privacy_budget,pi_valid+pi_trans+pi_limit+pi_budget,account,composition,16,,account_budget_b16,baseline,shared_witness,monolithic,1,account_policy_with_privacy_budget_16,groth16,261,0.02433710999980576,0.2909029490001558,0.2524028039999848,0.0,0.5676428629999464,806,21,True,,True,ok,
20260728T123050Z_paper_groth16,2026-07-28T12:44:43.540078+00:00,measured,1,10,42,account_policy_core_32,account_policy_core,pi_valid+pi_trans+pi_limit,account,composition,32,,account_core_b32,baseline,shared_witness,monolithic,1,account_policy_core_32,groth16,346,0.022314223999956084,0.29064248000008774,0.26716117199998735,0.0,0.5801178760000312,807,16,True,,True,ok,
20260728T123050Z_paper_groth16,2026-07-28T12:44:44.087691+00:00,measured,1,10,43,operating_limit_16,operating_limit,pi_limit,account,individual_policy,16,,,,none,monolithic,1,operating_limit_16,groth16,92,0.021445486999937202,0.27542744400011543,0.2501396110001224,0.0,0.547012542000175,803,12,True,,True,ok,
20260728T123050Z_paper_groth16,2026-07-28T12:44:45.371808+00:00,measured,1,10,44,linked_separate_valid_limit_32,local_validity_and_operating_limit,pi_valid+pi_limit,account,composition_baseline,32,,valid_limit_b32,commitment_linked,tx_tag,separate,2,linked_valid_limit_validity_32;linked_valid_limit_limit_32,groth16,2210,0.08199266599967814,0.6721977859999697,0.5280255830000442,2.573000074335141e-06,1.2822186079997664,1609,196,True,True,True,ok,
20260728T123050Z_paper_groth16,2026-07-28T12:44:46.407766+00:00,measured,1,10,45,merkle_membership_depth_32,merkle_membership,pi_mem,token,individual_policy,,32,,,none,monolithic,1,merkle_membership_depth_32,groth16,16640,0.043182207999961975,0.7161107900001298,0.2759777490000488,0.0,1.0352707470001405,807,84,True,,True,ok,
20260728T123050Z_paper_groth16,2026-07-28T12:44:48.172331+00:00,measured,1,10,46,separate_account_core_32,account_policy_core,pi_valid+pi_trans+pi_limit,account,composition_baseline,32,,account_core_b32,baseline,unbound,separate,3,local_financial_validity_32;state_transition_and_conservation_32;operating_limit_32,groth16,445,0.05981621000000814,0.9266336600001068,0.7764978640000209,0.0,1.7629477340001358,2417,22,True,,True,ok,
20260728T123050Z_paper_groth16,2026-07-28T12:44:48.754758+00:00,measured,2,11,1,local_validity_and_operating_limit_32,local_validity_and_operating_limit,pi_valid+pi_limit,account,composition,32,,valid_limit_b32,baseline,shared_witness,monolithic,1,local_validity_and_operating_limit_32,groth16,243,0.021001096999953006,0.3029883809999774,0.25780821499984086,0.0,0.5817976929997712,804,16,True,,True,ok,
20260728T123050Z_paper_groth16,2026-07-28T12:44:49.588405+00:00,measured,2,11,2,merkle_membership_depth_16,merkle_membership,pi_mem,token,individual_policy,,16,,,none,monolithic,1,merkle_membership_depth_16,groth16,8320,0.04088158499985184,0.5115030850001858,0.2806061670000872,0.0,0.8329908370001249,805,84,True,,True,ok,
20260728T123050Z_paper_groth16,2026-07-28T12:44:50.171922+00:00,measured,2,11,3,state_transition_and_conservation_16,state_transition_and_conservation,pi_trans,account,individual_policy,16,,,,none,monolithic,1,state_transition_and_conservation_16,groth16,89,0.020218872999976156,0.29499338200002967,0.2676577670001734,0.0,0.5828700220001792,804,3,True,,True,ok,
20260728T123050Z_paper_groth16,2026-07-28T12:44:51.023601+00:00,measured,2,11,4,token_policy_bundle_32_depth_16,token_policy_bundle,pi_mem+pi_null+pi_valid+pi_budget,token,composition,32,16,token_bundle_b32_d16,baseline,shared_witness,monolithic,1,token_policy_bundle_32_depth_16,groth16,9685,0.04363949899993713,0.5367157999999108,0.2706644370000504,0.0,0.8510197359998983,799,260,True,,True,ok,
20260728T123050Z_paper_groth16,2026-07-28T12:44:51.910704+00:00,measured,2,11,5,linked_token_bundle_monolithic_32_depth_16,token_policy_bundle,pi_mem+pi_null+pi_valid+pi_budget,token,composition,32,16,token_bundle_b32_d16,commitment_linked,tx_tag,monolithic,1,linked_token_bundle_monolithic_32_depth_16,groth16,11114,0.06377345800001422,0.5710253459999421,0.2496187749998171,2.1939999896858353e-06,0.8844197729997632,806,342,True,True,True,ok,
20260728T123050Z_paper_groth16,2026-07-28T12:44:52.832036+00:00,measured,2,11,6,merkle_membership_depth_32,merkle_membership,pi_mem,token,individual_policy,,32,,,none,monolithic,1,merkle_membership_depth_32,groth16,16640,0.04330639399995562,0.6213861219998762,0.25598949100003665,0.0,0.9206820069998685,806,84,True,,True,ok,
20260728T123050Z_paper_groth16,2026-07-28T12:44:55.368545+00:00,measured,2,11,7,separate_token_bundle_32_depth_16,token_policy_bundle,pi_mem+pi_null+pi_valid+pi_budget,token,composition_baseline,32,16,token_bundle_b32_d16,baseline,unbound,separate,4,merkle_membership_depth_16;nullifier_correctness_poseidon;local_financial_validity_32;privacy_budget_32,groth16,9113,0.10686020200000712,1.3836977259998093,1.0354850179999175,0.0,2.526042945999734,3223,267,True,,True,ok,
20260728T123050Z_paper_groth16,2026-07-28T12:44:56.631112+00:00,measured,2,11,8,linked_separate_valid_limit_32,local_validity_and_operating_limit,pi_valid+pi_limit,account,composition_baseline,32,,valid_limit_b32,commitment_linked,tx_tag,separate,2,linked_valid_limit_validity_32;linked_valid_limit_limit_32,groth16,2210,0.07840168300003825,0.6644033779998608,0.5178789139999935,2.446000053168973e-06,1.2606864209999458,1610,196,True,True,True,ok,
20260728T123050Z_paper_groth16,2026-07-28T12:44:59.461697+00:00,measured,2,11,9,linked_separate_token_bundle_32_depth_16,token_policy_bundle,pi_mem+pi_null+pi_valid+pi_budget,token,composition_baseline,32,16,token_bundle_b32_d16,commitment_linked,tx_tag,separate,4,linked_token_bundle_membership_32_depth_16;linked_token_bundle_nullifier_32_depth_16;linked_token_bundle_validity_32_depth_16;linked_token_bundle_budget_32_depth_16,groth16,15434,0.23440705600023648,1.5892138849999355,1.0025293529995452,2.6019999950221973e-06,2.826152895999712,3220,1368,True,True,True,ok,
20260728T123050Z_paper_groth16,2026-07-28T12:45:00.052267+00:00,measured,2,11,10,state_transition_and_conservation_32,state_transition_and_conservation,pi_trans,account,individual_policy,32,,,,none,monolithic,1,state_transition_and_conservation_32,groth16,169,0.020828134999874237,0.2919720939999024,0.2771401259999493,0.0,0.589940354999726,805,3,True,,True,ok,
20260728T123050Z_paper_groth16,2026-07-28T12:45:01.769281+00:00,measured,2,11,11,separate_account_core_64,account_policy_core,pi_valid+pi_trans+pi_limit,account,composition_baseline,64,,account_core_b64,baseline,unbound,separate,3,local_financial_validity_64;state_transition_and_conservation_64;operating_limit_64,groth16,861,0.06404115700001967,0.8994678660001227,0.7518679229999634,0.0,1.7153769460001058,2417,32,True,,True,ok,
20260728T123050Z_paper_groth16,2026-07-28T12:45:02.386363+00:00,measured,2,11,12,nullifier_correctness_poseidon,nullifier_correctness,pi_null,token,individual_policy,,,,,none,monolithic,1,nullifier_correctness_poseidon,groth16,517,0.03264742600003956,0.3222138650000943,0.261576494999872,0.0,0.6164377860000059,806,164,True,,True,ok,
20260728T123050Z_paper_groth16,2026-07-28T12:45:02.993044+00:00,measured,2,11,13,account_policy_with_privacy_budget_16,account_policy_with_privacy_budget,pi_valid+pi_trans+pi_limit+pi_budget,account,composition,16,,account_budget_b16,baseline,shared_witness,monolithic,1,account_policy_with_privacy_budget_16,groth16,261,0.02064452500007974,0.31742714899996827,0.2677154560001327,0.0,0.6057871300001807,805,21,True,,True,ok,
20260728T123050Z_paper_groth16,2026-07-28T12:45:03.572635+00:00,measured,2,11,14,account_policy_core_16,account_policy_core,pi_valid+pi_trans+pi_limit,account,composition,16,,account_core_b16,baseline,shared_witness,monolithic,1,account_policy_core_16,groth16,186,0.02149354200014386,0.29364231399995333,0.2638102660000641,0.0,0.5789461220001613,804,12,True,,True,ok,
20260728T123050Z_paper_groth16,2026-07-28T12:45:04.146419+00:00,measured,2,11,15,local_financial_validity_64,local_financial_validity,pi_valid,account,individual_policy,64,,,,none,monolithic,1,local_financial_validity_64,groth16,200,0.02084905200013054,0.2961609479998515,0.2561373099999855,0.0,0.5731473099999675,804,3,True,,True,ok,
20260728T123050Z_paper_groth16,2026-07-28T12:45:04.747417+00:00,measured,2,11,16,account_policy_with_privacy_budget_64,account_policy_with_privacy_budget,pi_valid+pi_trans+pi_limit+pi_budget,account,composition,64,,account_budget_b64,baseline,shared_witness,monolithic,1,account_policy_with_privacy_budget_64,groth16,933,0.021463214000050357,0.3208788150000146,0.2580302500000471,0.0,0.600372279000112,805,50,True,,True,ok,
20260728T123050Z_paper_groth16,2026-07-28T12:45:05.884313+00:00,measured,2,11,17,separate_valid_limit_16,local_validity_and_operating_limit,pi_valid+pi_limit,account,composition_baseline,16,,valid_limit_b16,baseline,unbound,separate,2,local_financial_validity_16;operating_limit_16,groth16,148,0.04056468700014193,0.5638363900000058,0.5313684990001093,0.0,1.135769576000257,1610,15,True,,True,ok,
20260728T123050Z_paper_groth16,2026-07-28T12:45:06.995352+00:00,measured,2,11,18,separate_valid_limit_64,local_validity_and_operating_limit,pi_valid+pi_limit,account,composition_baseline,64,,valid_limit_b64,baseline,unbound,separate,2,local_financial_validity_64;operating_limit_64,groth16,532,0.04154515100003664,0.5806515929998568,0.4876876960001937,0.0,1.1098844400000871,1610,29,True,,True,ok,
20260728T123050Z_paper_groth16,2026-07-28T12:45:09.507884+00:00,measured,2,11,19,separate_token_bundle_32_depth_8,token_policy_bundle,pi_mem+pi_null+pi_valid+pi_budget,token,composition_baseline,32,8,token_bundle_b32_d8,baseline,unbound,separate,4,merkle_membership_depth_8;nullifier_correctness_poseidon;local_financial_validity_32;privacy_budget_32,groth16,4953,0.11628584800018871,1.338614077000102,1.05545514299979,0.0,2.510355068000081,3214,267,True,,True,ok,
20260728T123050Z_paper_groth16,2026-07-28T12:45:12.210163+00:00,measured,2,11,20,separate_token_bundle_32_depth_32,token_policy_bundle,pi_mem+pi_null+pi_valid+pi_budget,token,composition_baseline,32,32,token_bundle_b32_d32,baseline,unbound,separate,4,merkle_membership_depth_32;nullifier_correctness_poseidon;local_financial_validity_32;privacy_budget_32,groth16,17433,0.11815087399986623,1.5652556899999581,1.0164926200000082,0.0,2.6998991839998325,3218,267,True,,True,ok,
20260728T123050Z_paper_groth16,2026-07-28T12:45:12.769749+00:00,measured,2,11,21,local_financial_validity_32,local_financial_validity,pi_valid,account,individual_policy,32,,,,none,monolithic,1,local_financial_validity_32,groth16,104,0.02046304600003168,0.2853418969998529,0.2528055029999905,0.0,0.5586104459998751,805,3,True,,True,ok,
20260728T123050Z_paper_groth16,2026-07-28T12:45:13.341549+00:00,measured,2,11,22,privacy_budget_16,privacy_budget,pi_budget,account,individual_policy,16,,,,none,monolithic,1,privacy_budget_16,groth16,92,0.020103020000078686,0.30063384699997187,0.25042477800002416,0.0,0.5711616450000747,804,11,True,,True,ok,
20260728T123050Z_paper_groth16,2026-07-28T12:45:15.677659+00:00,measured,2,11,23,separate_account_budget_16,account_policy_with_privacy_budget,pi_valid+pi_trans+pi_limit+pi_budget,account,composition_baseline,16,,account_budget_b16,baseline,unbound,separate,4,local_financial_validity_16;state_transition_and_conservation_16;operating_limit_16;privacy_budget_16,groth16,329,0.07912431899990224,1.2150603860000047,1.039458416000116,0.0,2.333643121000023,3216,29,True,,True,ok,
20260728T123050Z_paper_groth16,2026-07-28T12:45:16.277799+00:00,measured,2,11,24,account_policy_with_privacy_budget_32,account_policy_with_privacy_budget,pi_valid+pi_trans+pi_limit+pi_budget,account,composition,32,,account_budget_b32,baseline,shared_witness,monolithic,1,account_policy_with_privacy_budget_32,groth16,485,0.02144615999986854,0.3171146529998623,0.26093435300003875,0.0,0.5994951659997696,805,30,True,,True,ok,
20260728T123050Z_paper_groth16,2026-07-28T12:45:16.953593+00:00,measured,2,11,25,linked_account_budget_monolithic_32,account_policy_with_privacy_budget,pi_valid+pi_trans+pi_limit+pi_budget,account,composition,32,,account_budget_b32,commitment_linked,tx_tag,monolithic,1,linked_account_budget_monolithic_32,groth16,1914,0.08161443299991333,0.3411406839998108,0.2521433739998429,2.0730001324409386e-06,0.6749005639996994,806,111,True,True,True,ok,
20260728T123050Z_paper_groth16,2026-07-28T12:45:17.519666+00:00,measured,2,11,26,local_financial_validity_16,local_financial_validity,pi_valid,account,individual_policy,16,,,,none,monolithic,1,local_financial_validity_16,groth16,56,0.02088300600007642,0.29472153000006074,0.24990274799984036,0.0,0.5655072839999775,803,3,True,,True,ok,
20260728T123050Z_paper_groth16,2026-07-28T12:45:18.082641+00:00,measured,2,11,27,privacy_budget_32,privacy_budget,pi_budget,account,individual_policy,32,,,,none,monolithic,1,privacy_budget_32,groth16,172,0.020813245999988794,0.28819462000001295,0.25335345500002404,0.0,0.5623613210000258,803,16,True,,True,ok,
20260728T123050Z_paper_groth16,2026-07-28T12:45:18.655155+00:00,measured,2,11,28,operating_limit_16,operating_limit,pi_limit,account,individual_policy,16,,,,none,monolithic,1,operating_limit_16,groth16,92,0.021427769999945667,0.2907133440000962,0.25974184599999717,0.0,0.571882960000039,804,12,True,,True,ok,
20260728T123050Z_paper_groth16,2026-07-28T12:45:19.269079+00:00,measured,2,11,29,account_policy_core_64,account_policy_core,pi_valid+pi_trans+pi_limit,account,composition,64,,account_core_b64,baseline,shared_witness,monolithic,1,account_policy_core_64,groth16,666,0.02272415400011596,0.3356566639999983,0.2548413800000162,0.0,0.6132221980001304,806,26,True,,True,ok,
20260728T123050Z_paper_groth16,2026-07-28T12:45:19.873436+00:00,measured,2,11,30,privacy_budget_64,privacy_budget,pi_budget,account,individual_policy,64,,,,none,monolithic,1,privacy_budget_64,groth16,332,0.02265123400002267,0.31384874499985926,0.2671813340000426,0.0,0.6036813129999246,807,26,True,,True,ok,
20260728T123050Z_paper_groth16,2026-07-28T12:45:20.471020+00:00,measured,2,11,31,local_validity_and_operating_limit_16,local_validity_and_operating_limit,pi_valid+pi_limit,account,composition,16,,valid_limit_b16,baseline,shared_witness,monolithic,1,local_validity_and_operating_limit_16,groth16,131,0.020526847999917663,0.3138261330000205,0.2626211310000599,0.0,0.5969741119999981,809,12,True,,True,ok,
20260728T123050Z_paper_groth16,2026-07-28T12:45:21.604830+00:00,measured,2,11,32,separate_valid_limit_32,local_validity_and_operating_limit,pi_valid+pi_limit,account,composition_baseline,32,,valid_limit_b32,baseline,unbound,separate,2,local_financial_validity_32;operating_limit_32,groth16,276,0.04144240300001911,0.5859063080001761,0.5053183910001735,0.0,1.1326671020003687,1606,19,True,,True,ok,
20260728T123050Z_paper_groth16,2026-07-28T12:45:23.304018+00:00,measured,2,11,33,separate_account_core_32,account_policy_core,pi_valid+pi_trans+pi_limit,account,composition_baseline,32,,account_core_b32,baseline,unbound,separate,3,local_financial_validity_32;state_transition_and_conservation_32;operating_limit_32,groth16,445,0.05662168499998188,0.8733508019997771,0.7671927879998748,0.0,1.6971652749996338,2419,22,True,,True,ok,
20260728T123050Z_paper_groth16,2026-07-28T12:45:24.062031+00:00,measured,2,11,34,merkle_membership_depth_8,merkle_membership,pi_mem,token,individual_policy,,8,,,none,monolithic,1,merkle_membership_depth_8,groth16,4160,0.04290301200012436,0.4558190679999825,0.25861484000006385,0.0,0.7573369200001707,805,84,True,,True,ok,
20260728T123050Z_paper_groth16,2026-07-28T12:45:26.421717+00:00,measured,2,11,35,separate_account_budget_64,account_policy_with_privacy_budget,pi_valid+pi_trans+pi_limit+pi_budget,account,composition_baseline,64,,account_budget_b64,baseline,unbound,separate,4,local_financial_validity_64;state_transition_and_conservation_64;operating_limit_64;privacy_budget_64,groth16,1193,0.08205660500016165,1.2103347320003195,1.065074574000164,0.0,2.357465911000645,3220,58,True,,True,ok,
20260728T123050Z_paper_groth16,2026-07-28T12:45:27.001599+00:00,measured,2,11,36,operating_limit_64,operating_limit,pi_limit,account,individual_policy,64,,,,none,monolithic,1,operating_limit_64,groth16,332,0.02185594200000196,0.30619370799990975,0.2511669880000227,0.0,0.5792166379999344,803,26,True,,True,ok,
20260728T123050Z_paper_groth16,2026-07-28T12:45:28.702131+00:00,measured,2,11,37,separate_account_core_16,account_policy_core,pi_valid+pi_trans+pi_limit,account,composition_baseline,16,,account_core_b16,baseline,unbound,separate,3,local_financial_validity_16;state_transition_and_conservation_16;operating_limit_16,groth16,237,0.058298338999975385,0.8747376569999687,0.7659013039997262,0.0,1.6989372999996704,2415,18,True,,True,ok,
20260728T123050Z_paper_groth16,2026-07-28T12:45:29.287416+00:00,measured,2,11,38,state_transition_and_conservation_64,state_transition_and_conservation,pi_trans,account,individual_policy,64,,,,none,monolithic,1,state_transition_and_conservation_64,groth16,329,0.02125548699996216,0.2993111690000205,0.2640805629998795,0.0,0.5846472189998622,807,3,True,,True,ok,
20260728T123050Z_paper_groth16,2026-07-28T12:45:29.903620+00:00,measured,2,11,39,linked_valid_limit_monolithic_32,local_validity_and_operating_limit,pi_valid+pi_limit,account,composition,32,,valid_limit_b32,commitment_linked,tx_tag,monolithic,1,linked_valid_limit_monolithic_32,groth16,1210,0.038878797000052145,0.3243954039999153,0.2520726760001253,2.3889999738457846e-06,0.6153492660000666,804,98,True,True,True,ok,
20260728T123050Z_paper_groth16,2026-07-28T12:45:30.493167+00:00,measured,2,11,40,operating_limit_32,operating_limit,pi_limit,account,individual_policy,32,,,,none,monolithic,1,operating_limit_32,groth16,172,0.02273566500002744,0.3061236309999913,0.26008460100001685,0.0,0.5889438970000356,801,16,True,,True,ok,
20260728T123050Z_paper_groth16,2026-07-28T12:45:33.124339+00:00,measured,2,11,41,linked_separate_account_budget_32,account_policy_with_privacy_budget,pi_valid+pi_trans+pi_limit+pi_budget,account,composition_baseline,32,,account_budget_b32,commitment_linked,tx_tag,separate,4,linked_account_budget_validity_32;linked_account_budget_transition_32;linked_account_budget_limit_32;linked_account_budget_budget_32,groth16,6333,0.22865552400003253,1.3735855299999002,1.0258213360000354,2.429000005577109e-06,2.628064818999974,3220,444,True,True,True,ok,
20260728T123050Z_paper_groth16,2026-07-28T12:45:33.679796+00:00,measured,2,11,42,local_validity_and_operating_limit_64,local_validity_and_operating_limit,pi_valid+pi_limit,account,composition,64,,valid_limit_b64,baseline,shared_witness,monolithic,1,local_validity_and_operating_limit_64,groth16,467,0.02186131899998145,0.2906478390000302,0.242333785000028,0.0,0.5548429430000397,805,26,True,,True,ok,
20260728T123050Z_paper_groth16,2026-07-28T12:45:34.438890+00:00,measured,2,11,43,token_policy_bundle_32_depth_8,token_policy_bundle,pi_mem+pi_null+pi_valid+pi_budget,token,composition,32,8,token_bundle_b32_d8,baseline,shared_witness,monolithic,1,token_policy_bundle_32_depth_8,groth16,5525,0.04755912599966905,0.4550628130000405,0.25585984800000006,0.0,0.7584817869997096,806,261,True,,True,ok,
20260728T123050Z_paper_groth16,2026-07-28T12:45:35.039287+00:00,measured,2,11,44,account_policy_core_32,account_policy_core,pi_valid+pi_trans+pi_limit,account,composition,32,,account_core_b32,baseline,shared_witness,monolithic,1,account_policy_core_32,groth16,346,0.020400440999765124,0.30537339900001825,0.2739889900003618,0.0,0.5997628300001452,804,16,True,,True,ok,
20260728T123050Z_paper_groth16,2026-07-28T12:45:36.046940+00:00,measured,2,11,45,token_policy_bundle_32_depth_32,token_policy_bundle,pi_mem+pi_null+pi_valid+pi_budget,token,composition,32,32,token_bundle_b32_d32,baseline,shared_witness,monolithic,1,token_policy_bundle_32_depth_32,groth16,18005,0.04844215000002805,0.7076512449998518,0.25083416500001476,0.0,1.0069275599998946,805,261,True,,True,ok,
20260728T123050Z_paper_groth16,2026-07-28T12:45:38.344412+00:00,measured,2,11,46,separate_account_budget_32,account_policy_with_privacy_budget,pi_valid+pi_trans+pi_limit+pi_budget,account,composition_baseline,32,,account_budget_b32,baseline,unbound,separate,4,local_financial_validity_32;state_transition_and_conservation_32;operating_limit_32;privacy_budget_32,groth16,617,0.07500793999997768,1.1703200870001638,1.0500149810004586,0.0,2.2953430080006,3221,38,True,,True,ok,
20260728T123050Z_paper_groth16,2026-07-28T12:45:40.639079+00:00,measured,2,12,1,separate_account_budget_64,account_policy_with_privacy_budget,pi_valid+pi_trans+pi_limit+pi_budget,account,composition_baseline,64,,account_budget_b64,baseline,unbound,separate,4,local_financial_validity_64;state_transition_and_conservation_64;operating_limit_64;privacy_budget_64,groth16,1193,0.08448833800048305,1.183328323999831,1.0247029820002354,0.0,2.2925196440005493,3221,58,True,,True,ok,
20260728T123050Z_paper_groth16,2026-07-28T12:45:43.006359+00:00,measured,2,12,2,separate_account_budget_32,account_policy_with_privacy_budget,pi_valid+pi_trans+pi_limit+pi_budget,account,composition_baseline,32,,account_budget_b32,baseline,unbound,separate,4,local_financial_validity_32;state_transition_and_conservation_32;operating_limit_32;privacy_budget_32,groth16,617,0.08041767499935304,1.220880274999672,1.0638002659998165,0.0,2.3650982159988416,3214,38,True,,True,ok,
20260728T123050Z_paper_groth16,2026-07-28T12:45:44.199730+00:00,measured,2,12,3,separate_valid_limit_64,local_validity_and_operating_limit,pi_valid+pi_limit,account,composition_baseline,64,,valid_limit_b64,baseline,unbound,separate,2,local_financial_validity_64;operating_limit_64,groth16,532,0.042751424000016414,0.6312457800004267,0.5182087239995781,0.0,1.1922059280000212,1614,29,True,,True,ok,
20260728T123050Z_paper_groth16,2026-07-28T12:45:44.797056+00:00,measured,2,12,4,account_policy_with_privacy_budget_16,account_policy_with_privacy_budget,pi_valid+pi_trans+pi_limit+pi_budget,account,composition,16,,account_budget_b16,baseline,shared_witness,monolithic,1,account_policy_with_privacy_budget_16,groth16,261,0.021892660000048636,0.30383042599987675,0.26350798800012853,0.0,0.5892310740000539,806,21,True,,True,ok,
20260728T123050Z_paper_groth16,2026-07-28T12:45:45.370869+00:00,measured,2,12,5,local_validity_and_operating_limit_32,local_validity_and_operating_limit,pi_valid+pi_limit,account,composition,32,,valid_limit_b32,baseline,shared_witness,monolithic,1,local_validity_and_operating_limit_32,groth16,243,0.021102190999954473,0.28560939899989535,0.26646731699975135,0.0,0.5731789069996012,803,16,True,,True,ok,
20260728T123050Z_paper_groth16,2026-07-28T12:45:47.187758+00:00,measured,2,12,6,separate_account_core_32,account_policy_core,pi_valid+pi_trans+pi_limit,account,composition_baseline,32,,account_core_b32,baseline,unbound,separate,3,local_financial_validity_32;state_transition_and_conservation_32;operating_limit_32,groth16,445,0.06296373399982258,0.9413935780003158,0.8108910899995863,0.0,1.8152484019997246,2414,22,True,,True,ok,
20260728T123050Z_paper_groth16,2026-07-28T12:45:47.781793+00:00,measured,2,12,7,local_financial_validity_32,local_financial_validity,pi_valid,account,individual_policy,32,,,,none,monolithic,1,local_financial_validity_32,groth16,104,0.021059382000203186,0.296203150999645,0.27612161900015053,0.0,0.5933841519999987,806,3,True,,True,ok,
20260728T123050Z_paper_groth16,2026-07-28T12:45:48.416876+00:00,measured,2,12,8,operating_limit_64,operating_limit,pi_limit,account,individual_policy,64,,,,none,monolithic,1,operating_limit_64,groth16,332,0.022621945000082633,0.3204119689999061,0.29142514700015454,0.0,0.6344590610001433,804,26,True,,True,ok,
20260728T123050Z_paper_groth16,2026-07-28T12:45:49.054014+00:00,measured,2,12,9,operating_limit_16,operating_limit,pi_limit,account,individual_policy,16,,,,none,monolithic,1,operating_limit_16,groth16,92,0.023577825999836932,0.32755196600010095,0.2853802959998575,0.0,0.6365100879997954,807,12,True,,True,ok,
20260728T123050Z_paper_groth16,2026-07-28T12:45:49.681832+00:00,measured,2,12,10,account_policy_with_privacy_budget_32,account_policy_with_privacy_budget,pi_valid+pi_trans+pi_limit+pi_budget,account,composition,32,,account_budget_b32,baseline,shared_witness,monolithic,1,account_policy_with_privacy_budget_32,groth16,485,0.02341346599996541,0.3346026289996189,0.2691974819999814,0.0,0.6272135769995657,805,30,True,,True,ok,
20260728T123050Z_paper_groth16,2026-07-28T12:45:50.914916+00:00,measured,2,12,11,separate_valid_limit_32,local_validity_and_operating_limit,pi_valid+pi_limit,account,composition_baseline,32,,valid_limit_b32,baseline,unbound,separate,2,local_financial_validity_32;operating_limit_32,groth16,276,0.04173966300004395,0.6342206089993851,0.5559483530000762,0.0,1.2319086249995053,1612,19,True,,True,ok,
20260728T123050Z_paper_groth16,2026-07-28T12:45:53.543090+00:00,measured,2,12,12,linked_separate_account_budget_32,account_policy_with_privacy_budget,pi_valid+pi_trans+pi_limit+pi_budget,account,composition_baseline,32,,account_budget_b32,commitment_linked,tx_tag,separate,4,linked_account_budget_validity_32;linked_account_budget_transition_32;linked_account_budget_limit_32;linked_account_budget_budget_32,groth16,6333,0.23119780200022433,1.3803438850004568,1.0132742490000055,2.6439997782290448e-06,2.624818580000465,3223,444,True,True,True,ok,
20260728T123050Z_paper_groth16,2026-07-28T12:45:54.116629+00:00,measured,2,12,13,account_policy_core_16,account_policy_core,pi_valid+pi_trans+pi_limit,account,composition,16,,account_core_b16,baseline,shared_witness,monolithic,1,account_policy_core_16,groth16,186,0.020803938999961247,0.29624476599974514,0.25572048899994115,0.0,0.5727691939996475,805,12,True,,True,ok,
20260728T123050Z_paper_groth16,2026-07-28T12:45:54.706403+00:00,measured,2,12,14,privacy_budget_32,privacy_budget,pi_budget,account,individual_policy,32,,,,none,monolithic,1,privacy_budget_32,groth16,172,0.02100747400027103,0.28903716899958454,0.2791128529997877,0.0,0.5891574959996433,804,16,True,,True,ok,
20260728T123050Z_paper_groth16,2026-07-28T12:45:55.573677+00:00,measured,2,12,15,token_policy_bundle_32_depth_16,token_policy_bundle,pi_mem+pi_null+pi_valid+pi_budget,token,composition,32,16,token_bundle_b32_d16,baseline,shared_witness,monolithic,1,token_policy_bundle_32_depth_16,groth16,9685,0.044342939000216575,0.5766381169996748,0.2455879070002993,0.0,0.8665689630001907,805,260,True,,True,ok,
20260728T123050Z_paper_groth16,2026-07-28T12:45:56.138280+00:00,measured,2,12,16,local_validity_and_operating_limit_16,local_validity_and_operating_limit,pi_valid+pi_limit,account,composition,16,,valid_limit_b16,baseline,shared_witness,monolithic,1,local_validity_and_operating_limit_16,groth16,131,0.019978779000211944,0.2868616529999599,0.2571545509999851,0.0,0.5639949830001569,805,12,True,,True,ok,
20260728T123050Z_paper_groth16,2026-07-28T12:45:58.938149+00:00,measured,2,12,17,linked_separate_token_bundle_32_depth_16,token_policy_bundle,pi_mem+pi_null+pi_valid+pi_budget,token,composition_baseline,32,16,token_bundle_b32_d16,commitment_linked,tx_tag,separate,4,linked_token_bundle_membership_32_depth_16;linked_token_bundle_nullifier_32_depth_16;linked_token_bundle_validity_32_depth_16;linked_token_bundle_budget_32_depth_16,groth16,15434,0.2334791859998404,1.5292396419999932,1.0332316919998448,2.657000095496187e-06,2.795953176999774,3216,1368,True,True,True,ok,
20260728T123050Z_paper_groth16,2026-07-28T12:45:59.559456+00:00,measured,2,12,18,state_transition_and_conservation_32,state_transition_and_conservation,pi_trans,account,individual_policy,32,,,,none,monolithic,1,state_transition_and_conservation_32,groth16,169,0.03097039499971288,0.31575500799999645,0.27376796299995476,0.0,0.6204933659996641,805,3,True,,True,ok,
20260728T123050Z_paper_groth16,2026-07-28T12:46:00.179025+00:00,measured,2,12,19,account_policy_core_32,account_policy_core,pi_valid+pi_trans+pi_limit,account,composition,32,,account_core_b32,baseline,shared_witness,monolithic,1,account_policy_core_32,groth16,346,0.02174922099993637,0.30933524300007775,0.28786259199978304,0.0,0.6189470559997972,802,16,True,,True,ok,
20260728T123050Z_paper_groth16,2026-07-28T12:46:01.937340+00:00,measured,2,12,20,separate_account_core_64,account_policy_core,pi_valid+pi_trans+pi_limit,account,composition_baseline,64,,account_core_b64,baseline,unbound,separate,3,local_financial_validity_64;state_transition_and_conservation_64;operating_limit_64,groth16,861,0.06362505799961582,0.9059343660001105,0.7868901079996249,0.0,1.7564495319993512,2414,32,True,,True,ok,
20260728T123050Z_paper_groth16,2026-07-28T12:46:02.523325+00:00,measured,2,12,21,account_policy_core_64,account_policy_core,pi_valid+pi_trans+pi_limit,account,composition,64,,account_core_b64,baseline,shared_witness,monolithic,1,account_policy_core_64,groth16,666,0.02317568599983133,0.31315970400009974,0.2490169020002213,0.0,0.5853522920001524,806,26,True,,True,ok,
20260728T123050Z_paper_groth16,2026-07-28T12:46:03.156232+00:00,measured,2,12,22,linked_valid_limit_monolithic_32,local_validity_and_operating_limit,pi_valid+pi_limit,account,composition,32,,valid_limit_b32,commitment_linked,tx_tag,monolithic,1,linked_valid_limit_monolithic_32,groth16,1210,0.03910764000011113,0.33258893799984435,0.2603607920000286,2.29499983106507e-06,0.6320596649998151,804,98,True,True,True,ok,
20260728T123050Z_paper_groth16,2026-07-28T12:46:03.699012+00:00,measured,2,12,23,state_transition_and_conservation_64,state_transition_and_conservation,pi_trans,account,individual_policy,64,,,,none,monolithic,1,state_transition_and_conservation_64,groth16,329,0.020991144999698008,0.28300552999962747,0.23819312199975684,0.0,0.5421897969990823,804,3,True,,True,ok,
20260728T123050Z_paper_groth16,2026-07-28T12:46:06.101945+00:00,measured,2,12,24,separate_token_bundle_32_depth_8,token_policy_bundle,pi_mem+pi_null+pi_valid+pi_budget,token,composition_baseline,32,8,token_bundle_b32_d8,baseline,unbound,separate,4,merkle_membership_depth_8;nullifier_correctness_poseidon;local_financial_validity_32;privacy_budget_32,groth16,4953,0.11034485200025301,1.2979109760003666,0.992564138999569,0.0,2.4008199670001886,3223,267,True,,True,ok,
20260728T123050Z_paper_groth16,2026-07-28T12:46:07.052897+00:00,measured,2,12,25,merkle_membership_depth_32,merkle_membership,pi_mem,token,individual_policy,,32,,,none,monolithic,1,merkle_membership_depth_32,groth16,16640,0.04011374899982911,0.6618034389998684,0.2483130489999894,0.0,0.9502302369996869,806,84,True,,True,ok,
20260728T123050Z_paper_groth16,2026-07-28T12:46:08.164439+00:00,measured,2,12,26,separate_valid_limit_16,local_validity_and_operating_limit,pi_valid+pi_limit,account,composition_baseline,16,,valid_limit_b16,baseline,unbound,separate,2,local_financial_validity_16;operating_limit_16,groth16,148,0.03925749900008668,0.5712956209999902,0.4995199159998265,0.0,1.1100730359999034,1607,15,True,,True,ok,
20260728T123050Z_paper_groth16,2026-07-28T12:46:08.735698+00:00,measured,2,12,27,local_validity_and_operating_limit_64,local_validity_and_operating_limit,pi_valid+pi_limit,account,composition,64,,valid_limit_b64,baseline,shared_witness,monolithic,1,local_validity_and_operating_limit_64,groth16,467,0.019346666999808804,0.302074260000154,0.2492196849998436,0.0,0.5706406119998064,806,26,True,,True,ok,
20260728T123050Z_paper_groth16,2026-07-28T12:46:09.604431+00:00,measured,2,12,28,linked_token_bundle_monolithic_32_depth_16,token_policy_bundle,pi_mem+pi_null+pi_valid+pi_budget,token,composition,32,16,token_bundle_b32_d16,commitment_linked,tx_tag,monolithic,1,linked_token_bundle_monolithic_32_depth_16,groth16,11114,0.062420727999779047,0.5555596399999558,0.24869686100009858,2.573000074335141e-06,0.8666798019999078,802,342,True,True,True,ok,
20260728T123050Z_paper_groth16,2026-07-28T12:46:10.169338+00:00,measured,2,12,29,local_financial_validity_16,local_financial_validity,pi_valid,account,individual_policy,16,,,,none,monolithic,1,local_financial_validity_16,groth16,56,0.019607014000030176,0.2908263130002524,0.253868705000059,0.0,0.5643020320003416,807,3,True,,True,ok,
20260728T123050Z_paper_groth16,2026-07-28T12:46:10.910059+00:00,measured,2,12,30,token_policy_bundle_32_depth_8,token_policy_bundle,pi_mem+pi_null+pi_valid+pi_budget,token,composition,32,8,token_bundle_b32_d8,baseline,shared_witness,monolithic,1,token_policy_bundle_32_depth_8,groth16,5525,0.043521165999663936,0.4396585069998764,0.2569160080001893,0.0,0.7400956809997297,806,261,True,,True,ok,
20260728T123050Z_paper_groth16,2026-07-28T12:46:11.460599+00:00,measured,2,12,31,state_transition_and_conservation_16,state_transition_and_conservation,pi_trans,account,individual_policy,16,,,,none,monolithic,1,state_transition_and_conservation_16,groth16,89,0.0197093409997251,0.28307919899998524,0.24715114699984042,0.0,0.5499396869995508,801,3,True,,True,ok,
20260728T123050Z_paper_groth16,2026-07-28T12:46:14.103442+00:00,measured,2,12,32,separate_token_bundle_32_depth_16,token_policy_bundle,pi_mem+pi_null+pi_valid+pi_budget,token,composition_baseline,32,16,token_bundle_b32_d16,baseline,unbound,separate,4,merkle_membership_depth_16;nullifier_correctness_poseidon;local_financial_validity_32;privacy_budget_32,groth16,9113,0.11156766099975357,1.462846220999836,1.0663107469999886,0.0,2.6407246289995783,3216,267,True,,True,ok,
20260728T123050Z_paper_groth16,2026-07-28T12:46:15.958518+00:00,measured,2,12,33,separate_account_core_16,account_policy_core,pi_valid+pi_trans+pi_limit,account,composition_baseline,16,,account_core_b16,baseline,unbound,separate,3,local_financial_validity_16;state_transition_and_conservation_16;operating_limit_16,groth16,237,0.06568260800031567,0.9616510149999158,0.8260279800001626,0.0,1.853361603000394,2415,18,True,,True,ok,
20260728T123050Z_paper_groth16,2026-07-28T12:46:16.560028+00:00,measured,2,12,34,account_policy_with_privacy_budget_64,account_policy_with_privacy_budget,pi_valid+pi_trans+pi_limit+pi_budget,account,composition,64,,account_budget_b64,baseline,shared_witness,monolithic,1,account_policy_with_privacy_budget_64,groth16,933,0.022337582999625738,0.3134977820000131,0.2649846859999343,0.0,0.6008200509995731,805,50,True,,True,ok,
20260728T123050Z_paper_groth16,2026-07-28T12:46:17.118228+00:00,measured,2,12,35,operating_limit_32,operating_limit,pi_limit,account,individual_policy,32,,,,none,monolithic,1,operating_limit_32,groth16,172,0.01912951000031171,0.29018202899987955,0.2482650779998039,0.0,0.5575766169999952,806,16,True,,True,ok,
20260728T123050Z_paper_groth16,2026-07-28T12:46:17.723950+00:00,measured,2,12,36,privacy_budget_16,privacy_budget,pi_budget,account,individual_policy,16,,,,none,monolithic,1,privacy_budget_16,groth16,92,0.018146702999729314,0.28289311899970926,0.30404612199981784,0.0,0.6050859439992564,806,11,True,,True,ok,
20260728T123050Z_paper_groth16,2026-07-28T12:46:18.457818+00:00,measured,2,12,37,merkle_membership_depth_8,merkle_membership,pi_mem,token,individual_policy,,8,,,none,monolithic,1,merkle_membership_depth_8,groth16,4160,0.04162412999994558,0.43283493799981443,0.2587628579999546,0.0,0.7332219259997146,804,84,True,,True,ok,
20260728T123050Z_paper_groth16,2026-07-28T12:46:19.772939+00:00,measured,2,12,38,linked_separate_valid_limit_32,local_validity_and_operating_limit,pi_valid+pi_limit,account,composition_baseline,32,,valid_limit_b32,commitment_linked,tx_tag,separate,2,linked_valid_limit_validity_32;linked_valid_limit_limit_32,groth16,2210,0.07885031200021331,0.6726646889997028,0.5620892319998347,2.6620000426191837e-06,1.3136068949997934,1612,196,True,True,True,ok,
20260728T123050Z_paper_groth16,2026-07-28T12:46:20.616395+00:00,measured,2,12,39,merkle_membership_depth_16,merkle_membership,pi_mem,token,individual_policy,,16,,,none,monolithic,1,merkle_membership_depth_16,groth16,8320,0.040589927000382886,0.5482975059999262,0.25389800500033743,0.0,0.8427854380006465,806,84,True,,True,ok,
20260728T123050Z_paper_groth16,2026-07-28T12:46:21.244502+00:00,measured,2,12,40,nullifier_correctness_poseidon,nullifier_correctness,pi_null,token,individual_policy,,,,,none,monolithic,1,nullifier_correctness_poseidon,groth16,517,0.035764426000241656,0.3396210019996033,0.25211260199967,0.0,0.627498029999515,805,164,True,,True,ok,
20260728T123050Z_paper_groth16,2026-07-28T12:46:21.920832+00:00,measured,2,12,41,linked_account_budget_monolithic_32,account_policy_with_privacy_budget,pi_valid+pi_trans+pi_limit+pi_budget,account,composition,32,,account_budget_b32,commitment_linked,tx_tag,monolithic,1,linked_account_budget_monolithic_32,groth16,1914,0.056892521000008855,0.3571083329998146,0.2614399690000937,2.0810002752114087e-06,0.6754429040001924,805,111,True,True,True,ok,
20260728T123050Z_paper_groth16,2026-07-28T12:46:24.711287+00:00,measured,2,12,42,separate_token_bundle_32_depth_32,token_policy_bundle,pi_mem+pi_null+pi_valid+pi_budget,token,composition_baseline,32,32,token_bundle_b32_d32,baseline,unbound,separate,4,merkle_membership_depth_32;nullifier_correctness_poseidon;local_financial_validity_32;privacy_budget_32,groth16,17433,0.11444126400010646,1.6079143689994453,1.0658107550007117,0.0,2.7881663880002634,3218,267,True,,True,ok,
20260728T123050Z_paper_groth16,2026-07-28T12:46:25.308413+00:00,measured,2,12,43,local_financial_validity_64,local_financial_validity,pi_valid,account,individual_policy,64,,,,none,monolithic,1,local_financial_validity_64,groth16,200,0.019686912999986816,0.315773566000189,0.2610152779998316,0.0,0.5964757570000074,803,3,True,,True,ok,
20260728T123050Z_paper_groth16,2026-07-28T12:46:26.329598+00:00,measured,2,12,44,token_policy_bundle_32_depth_32,token_policy_bundle,pi_mem+pi_null+pi_valid+pi_budget,token,composition,32,32,token_bundle_b32_d32,baseline,shared_witness,monolithic,1,token_policy_bundle_32_depth_32,groth16,18005,0.04683400799967785,0.7049707559999661,0.2686693639998339,0.0,1.0204741279994778,802,261,True,,True,ok,
20260728T123050Z_paper_groth16,2026-07-28T12:46:26.959983+00:00,measured,2,12,45,privacy_budget_64,privacy_budget,pi_budget,account,individual_policy,64,,,,none,monolithic,1,privacy_budget_64,groth16,332,0.025560067999776948,0.32039100600013626,0.2838002859998596,0.0,0.6297513599997728,807,26,True,,True,ok,
20260728T123050Z_paper_groth16,2026-07-28T12:46:29.344835+00:00,measured,2,12,46,separate_account_budget_16,account_policy_with_privacy_budget,pi_valid+pi_trans+pi_limit+pi_budget,account,composition_baseline,16,,account_budget_b16,baseline,unbound,separate,4,local_financial_validity_16;state_transition_and_conservation_16;operating_limit_16;privacy_budget_16,groth16,329,0.08080763199996,1.230786655000884,1.0711626669999532,0.0,2.382756954000797,3213,29,True,,True,ok,
20260728T123050Z_paper_groth16,2026-07-28T12:46:31.080483+00:00,measured,2,13,1,separate_account_core_32,account_policy_core,pi_valid+pi_trans+pi_limit,account,composition_baseline,32,,account_core_b32,baseline,unbound,separate,3,local_financial_validity_32;state_transition_and_conservation_32;operating_limit_32,groth16,445,0.06039385800022501,0.8970981610000308,0.7764630780002335,0.0,1.7339550970004893,2418,22,True,,True,ok,
20260728T123050Z_paper_groth16,2026-07-28T12:46:32.049433+00:00,measured,2,13,2,merkle_membership_depth_32,merkle_membership,pi_mem,token,individual_policy,,32,,,none,monolithic,1,merkle_membership_depth_32,groth16,16640,0.04307308700026624,0.6640058210000461,0.2611432430003333,0.0,0.9682221510006457,806,84,True,,True,ok,
20260728T123050Z_paper_groth16,2026-07-28T12:46:34.468443+00:00,measured,2,13,3,separate_account_budget_32,account_policy_with_privacy_budget,pi_valid+pi_trans+pi_limit+pi_budget,account,composition_baseline,32,,account_budget_b32,baseline,unbound,separate,4,local_financial_validity_32;state_transition_and_conservation_32;operating_limit_32;privacy_budget_32,groth16,617,0.08210429600057978,1.2499193519993241,1.084852519999913,0.0,2.416876167999817,3220,38,True,,True,ok,
20260728T123050Z_paper_groth16,2026-07-28T12:46:37.302030+00:00,measured,2,13,4,linked_separate_token_bundle_32_depth_16,token_policy_bundle,pi_mem+pi_null+pi_valid+pi_budget,token,composition_baseline,32,16,token_bundle_b32_d16,commitment_linked,tx_tag,separate,4,linked_token_bundle_membership_32_depth_16;linked_token_bundle_nullifier_32_depth_16;linked_token_bundle_validity_32_depth_16;linked_token_bundle_budget_32_depth_16,groth16,15434,0.23535696600038136,1.5609941069997149,1.0328272859992467,2.6650000108929817e-06,2.829181023999354,3223,1368,True,True,True,ok,
20260728T123050Z_paper_groth16,2026-07-28T12:46:39.015306+00:00,measured,2,13,5,separate_account_core_16,account_policy_core,pi_valid+pi_trans+pi_limit,account,composition_baseline,16,,account_core_b16,baseline,unbound,separate,3,local_financial_validity_16;state_transition_and_conservation_16;operating_limit_16,groth16,237,0.05975191600009566,0.8711069390001285,0.7807636949996777,0.0,1.7116225499999018,2414,18,True,,True,ok,
20260728T123050Z_paper_groth16,2026-07-28T12:46:39.626210+00:00,measured,2,13,6,local_validity_and_operating_limit_64,local_validity_and_operating_limit,pi_valid+pi_limit,account,composition,64,,valid_limit_b64,baseline,shared_witness,monolithic,1,local_validity_and_operating_limit_64,groth16,467,0.020304827000018122,0.3052536630002578,0.2847011570001996,0.0,0.6102596470004755,804,26,True,,True,ok,
20260728T123050Z_paper_groth16,2026-07-28T12:46:42.254893+00:00,measured,2,13,7,linked_separate_account_budget_32,account_policy_with_privacy_budget,pi_valid+pi_trans+pi_limit+pi_budget,account,composition_baseline,32,,account_budget_b32,commitment_linked,tx_tag,separate,4,linked_account_budget_validity_32;linked_account_budget_transition_32;linked_account_budget_limit_32;linked_account_budget_budget_32,groth16,6333,0.2331016470002396,1.3541836270001113,1.03798586899984,2.5129997993644793e-06,2.6252736559999903,3220,444,True,True,True,ok,
20260728T123050Z_paper_groth16,2026-07-28T12:46:42.844361+00:00,measured,2,13,8,account_policy_with_privacy_budget_64,account_policy_with_privacy_budget,pi_valid+pi_trans+pi_limit+pi_budget,account,composition,64,,account_budget_b64,baseline,shared_witness,monolithic,1,account_policy_with_privacy_budget_64,groth16,933,0.022566695000023174,0.29479232799985766,0.27149184800009607,0.0,0.5888508709999769,806,50,True,,True,ok,
20260728T123050Z_paper_groth16,2026-07-28T12:46:44.027910+00:00,measured,2,13,9,separate_valid_limit_32,local_validity_and_operating_limit,pi_valid+pi_limit,account,composition_baseline,32,,valid_limit_b32,baseline,unbound,separate,2,local_financial_validity_32;operating_limit_32,groth16,276,0.03860903100030555,0.6210176849999698,0.5227932879997752,0.0,1.1824200040000505,1611,19,True,,True,ok,
20260728T123050Z_paper_groth16,2026-07-28T12:46:46.302878+00:00,measured,2,13,10,separate_account_budget_16,account_policy_with_privacy_budget,pi_valid+pi_trans+pi_limit+pi_budget,account,composition_baseline,16,,account_budget_b16,baseline,unbound,separate,4,local_financial_validity_16;state_transition_and_conservation_16;operating_limit_16;privacy_budget_16,groth16,329,0.07838251300017873,1.1670759150001686,1.0273736079998343,0.0,2.2728320360001817,3223,29,True,,True,ok,
20260728T123050Z_paper_groth16,2026-07-28T12:46:46.886321+00:00,measured,2,13,11,account_policy_core_16,account_policy_core,pi_valid+pi_trans+pi_limit,account,composition,16,,account_core_b16,baseline,shared_witness,monolithic,1,account_policy_core_16,groth16,186,0.01967758499995398,0.3081742290000875,0.25495740900032615,0.0,0.5828092230003676,803,12,True,,True,ok,
20260728T123050Z_paper_groth16,2026-07-28T12:46:48.096046+00:00,measured,2,13,12,separate_valid_limit_64,local_validity_and_operating_limit,pi_valid+pi_limit,account,composition_baseline,64,,valid_limit_b64,baseline,unbound,separate,2,local_financial_validity_64;operating_limit_64,groth16,532,0.045882873999744334,0.6196375939998688,0.5431310650001251,0.0,1.2086515329997383,1608,29,True,,True,ok,
20260728T123050Z_paper_groth16,2026-07-28T12:46:48.636447+00:00,measured,2,13,13,local_financial_validity_16,local_financial_validity,pi_valid,account,individual_policy,16,,,,none,monolithic,1,local_financial_validity_16,groth16,56,0.0197193479998532,0.2708589320000101,0.24920339599975705,0.0,0.5397816759996203,806,3,True,,True,ok,
20260728T123050Z_paper_groth16,2026-07-28T12:46:49.322918+00:00,measured,2,13,14,linked_account_budget_monolithic_32,account_policy_with_privacy_budget,pi_valid+pi_trans+pi_limit+pi_budget,account,composition,32,,account_budget_b32,commitment_linked,tx_tag,monolithic,1,linked_account_budget_monolithic_32,groth16,1914,0.06011826900021333,0.34502721399985603,0.28046402900008616,2.3729999156785198e-06,0.6856118850000712,805,111,True,True,True,ok,
20260728T123050Z_paper_groth16,2026-07-28T12:46:50.197545+00:00,measured,2,13,15,merkle_membership_depth_16,merkle_membership,pi_mem,token,individual_policy,,16,,,none,monolithic,1,merkle_membership_depth_16,groth16,8320,0.039671795000231214,0.5775883699998303,0.25675189999992654,0.0,0.8740120649999881,803,84,True,,True,ok,
20260728T123050Z_paper_groth16,2026-07-28T12:46:50.774055+00:00,measured,2,13,16,account_policy_with_privacy_budget_16,account_policy_with_privacy_budget,pi_valid+pi_trans+pi_limit+pi_budget,account,composition,16,,account_budget_b16,baseline,shared_witness,monolithic,1,account_policy_with_privacy_budget_16,groth16,261,0.02333133699994505,0.30322421599976224,0.24935641499996564,0.0,0.5759119679996729,802,21,True,,True,ok,
20260728T123050Z_paper_groth16,2026-07-28T12:46:53.320354+00:00,measured,2,13,17,separate_token_bundle_32_depth_16,token_policy_bundle,pi_mem+pi_null+pi_valid+pi_budget,token,composition_baseline,32,16,token_bundle_b32_d16,baseline,unbound,separate,4,merkle_membership_depth_16;nullifier_correctness_poseidon;local_financial_validity_32;privacy_budget_32,groth16,9113,0.11022578199981581,1.4004432829997313,1.0334678789999998,0.0,2.544136943999547,3216,267,True,,True,ok,
20260728T123050Z_paper_groth16,2026-07-28T12:46:55.875208+00:00,measured,2,13,18,separate_token_bundle_32_depth_8,token_policy_bundle,pi_mem+pi_null+pi_valid+pi_budget,token,composition_baseline,32,8,token_bundle_b32_d8,baseline,unbound,separate,4,merkle_membership_depth_8;nullifier_correctness_poseidon;local_financial_validity_32;privacy_budget_32,groth16,4953,0.11416669399932289,1.3798063519998323,1.0586021680005615,0.0,2.5525752139997167,3223,267,True,,True,ok,
20260728T123050Z_paper_groth16,2026-07-28T12:46:56.749096+00:00,measured,2,13,19,linked_token_bundle_monolithic_32_depth_16,token_policy_bundle,pi_mem+pi_null+pi_valid+pi_budget,token,composition,32,16,token_bundle_b32_d16,commitment_linked,tx_tag,monolithic,1,linked_token_bundle_monolithic_32_depth_16,groth16,11114,0.06167159000005995,0.5548285640002177,0.2550682030000644,2.3070001589076128e-06,0.871570664000501,805,342,True,True,True,ok,
20260728T123050Z_paper_groth16,2026-07-28T12:46:59.612546+00:00,measured,2,13,20,separate_token_bundle_32_depth_32,token_policy_bundle,pi_mem+pi_null+pi_valid+pi_budget,token,composition_baseline,32,32,token_bundle_b32_d32,baseline,unbound,separate,4,merkle_membership_depth_32;nullifier_correctness_poseidon;local_financial_validity_32;privacy_budget_32,groth16,17433,0.12140432100022736,1.6166839040001832,1.1227234180000778,0.0,2.8608116430004884,3224,267,True,,True,ok,
20260728T123050Z_paper_groth16,2026-07-28T12:47:00.689655+00:00,measured,2,13,21,token_policy_bundle_32_depth_32,token_policy_bundle,pi_mem+pi_null+pi_valid+pi_budget,token,composition,32,32,token_bundle_b32_d32,baseline,shared_witness,monolithic,1,token_policy_bundle_32_depth_32,groth16,18005,0.04749054100011563,0.7589649800002007,0.26155379400006495,0.0,1.0680093150003813,809,261,True,,True,ok,
20260728T123050Z_paper_groth16,2026-07-28T12:47:01.268949+00:00,measured,2,13,22,privacy_budget_16,privacy_budget,pi_budget,account,individual_policy,16,,,,none,monolithic,1,privacy_budget_16,groth16,92,0.019951676999880874,0.2778066650002984,0.28090760499981116,0.0,0.5786659469999904,807,11,True,,True,ok,
20260728T123050Z_paper_groth16,2026-07-28T12:47:01.857645+00:00,measured,2,13,23,privacy_budget_64,privacy_budget,pi_budget,account,individual_policy,64,,,,none,monolithic,1,privacy_budget_64,groth16,332,0.02271418000009362,0.3182839290002448,0.246801934999894,0.0,0.5878000440002324,805,26,True,,True,ok,
20260728T123050Z_paper_groth16,2026-07-28T12:47:02.415328+00:00,measured,2,13,24,privacy_budget_32,privacy_budget,pi_budget,account,individual_policy,32,,,,none,monolithic,1,privacy_budget_32,groth16,172,0.02412127000025066,0.2902069169999777,0.2427357680003297,0.0,0.557063955000558,801,16,True,,True,ok,
20260728T123050Z_paper_groth16,2026-07-28T12:47:02.991127+00:00,measured,2,13,25,account_policy_with_privacy_budget_32,account_policy_with_privacy_budget,pi_valid+pi_trans+pi_limit+pi_budget,account,composition,32,,account_budget_b32,baseline,shared_witness,monolithic,1,account_policy_with_privacy_budget_32,groth16,485,0.02212454499976957,0.2943153119999806,0.2583784459998242,0.0,0.5748183029995744,804,30,True,,True,ok,
20260728T123050Z_paper_groth16,2026-07-28T12:47:05.333214+00:00,measured,2,13,26,separate_account_budget_64,account_policy_with_privacy_budget,pi_valid+pi_trans+pi_limit+pi_budget,account,composition_baseline,64,,account_budget_b64,baseline,unbound,separate,4,local_financial_validity_64;state_transition_and_conservation_64;operating_limit_64;privacy_budget_64,groth16,1193,0.08256013499931214,1.2062726260001,1.0510469020000528,0.0,2.339879662999465,3220,58,True,,True,ok,
20260728T123050Z_paper_groth16,2026-07-28T12:47:05.869889+00:00,measured,2,13,27,state_transition_and_conservation_16,state_transition_and_conservation,pi_trans,account,individual_policy,16,,,,none,monolithic,1,state_transition_and_conservation_16,groth16,89,0.01885246099982396,0.2807273999997051,0.2364594109999416,0.0,0.5360392719994707,802,3,True,,True,ok,
20260728T123050Z_paper_groth16,2026-07-28T12:47:06.590254+00:00,measured,2,13,28,merkle_membership_depth_8,merkle_membership,pi_mem,token,individual_policy,,8,,,none,monolithic,1,merkle_membership_depth_8,groth16,4160,0.03953109000030963,0.4178243940000357,0.2623889230003442,0.0,0.7197444070006895,807,84,True,,True,ok,
20260728T123050Z_paper_groth16,2026-07-28T12:47:07.776256+00:00,measured,2,13,29,separate_valid_limit_16,local_validity_and_operating_limit,pi_valid+pi_limit,account,composition_baseline,16,,valid_limit_b16,baseline,unbound,separate,2,local_financial_validity_16;operating_limit_16,groth16,148,0.040301792999798636,0.5976757779999389,0.5469258490002176,0.0,1.184903419999955,1606,15,True,,True,ok,
20260728T123050Z_paper_groth16,2026-07-28T12:47:08.358470+00:00,measured,2,13,30,state_transition_and_conservation_32,state_transition_and_conservation,pi_trans,account,individual_policy,32,,,,none,monolithic,1,state_transition_and_conservation_32,groth16,169,0.019925125000099797,0.31547274299964556,0.24621141100033128,0.0,0.5816092790000766,806,3,True,,True,ok,
20260728T123050Z_paper_groth16,2026-07-28T12:47:08.915303+00:00,measured,2,13,31,operating_limit_16,operating_limit,pi_limit,account,individual_policy,16,,,,none,monolithic,1,operating_limit_16,groth16,92,0.02047748999984833,0.284164230999977,0.25159037599996736,0.0,0.5562320969997927,805,12,True,,True,ok,
20260728T123050Z_paper_groth16,2026-07-28T12:47:10.635296+00:00,measured,2,13,32,separate_account_core_64,account_policy_core,pi_valid+pi_trans+pi_limit,account,composition_baseline,64,,account_core_b64,baseline,unbound,separate,3,local_financial_validity_64;state_transition_and_conservation_64;operating_limit_64,groth16,861,0.06009185599987177,0.883656097000312,0.7746734559996185,0.0,1.7184214089998022,2417,32,True,,True,ok,
20260728T123050Z_paper_groth16,2026-07-28T12:47:11.373761+00:00,measured,2,13,33,token_policy_bundle_32_depth_8,token_policy_bundle,pi_mem+pi_null+pi_valid+pi_budget,token,composition,32,8,token_bundle_b32_d8,baseline,shared_witness,monolithic,1,token_policy_bundle_32_depth_8,groth16,5525,0.04368393599997944,0.44603895000000193,0.2477781090001372,0.0,0.7375009950001186,806,261,True,,True,ok,
20260728T123050Z_paper_groth16,2026-07-28T12:47:11.941802+00:00,measured,2,13,34,account_policy_core_32,account_policy_core,pi_valid+pi_trans+pi_limit,account,composition,32,,account_core_b32,baseline,shared_witness,monolithic,1,account_policy_core_32,groth16,346,0.022046921999844926,0.29345753200004765,0.2519226869999329,0.0,0.5674271409998255,807,16,True,,True,ok,
20260728T123050Z_paper_groth16,2026-07-28T12:47:12.601868+00:00,measured,2,13,35,linked_valid_limit_monolithic_32,local_validity_and_operating_limit,pi_valid+pi_limit,account,composition,32,,valid_limit_b32,commitment_linked,tx_tag,monolithic,1,linked_valid_limit_monolithic_32,groth16,1210,0.03879387699998915,0.352985260999958,0.2674324930003422,2.4690002646821085e-06,0.659214100000554,807,98,True,True,True,ok,
20260728T123050Z_paper_groth16,2026-07-28T12:47:13.168613+00:00,measured,2,13,36,operating_limit_32,operating_limit,pi_limit,account,individual_policy,32,,,,none,monolithic,1,operating_limit_32,groth16,172,0.021297959000094124,0.29245294100019237,0.2523998639999263,0.0,0.5661507640002128,808,16,True,,True,ok,
20260728T123050Z_paper_groth16,2026-07-28T12:47:13.735291+00:00,measured,2,13,37,state_transition_and_conservation_64,state_transition_and_conservation,pi_trans,account,individual_policy,64,,,,none,monolithic,1,state_transition_and_conservation_64,groth16,329,0.021683569999822794,0.2969898930000454,0.24737158700008877,0.0,0.566045049999957,802,3,True,,True,ok,
20260728T123050Z_paper_groth16,2026-07-28T12:47:14.340283+00:00,measured,2,13,38,local_validity_and_operating_limit_16,local_validity_and_operating_limit,pi_valid+pi_limit,account,composition,16,,valid_limit_b16,baseline,shared_witness,monolithic,1,local_validity_and_operating_limit_16,groth16,131,0.021563436000178626,0.32463752600006046,0.25812653100001626,0.0,0.6043274930002553,804,12,True,,True,ok,
20260728T123050Z_paper_groth16,2026-07-28T12:47:14.933223+00:00,measured,2,13,39,account_policy_core_64,account_policy_core,pi_valid+pi_trans+pi_limit,account,composition,64,,account_core_b64,baseline,shared_witness,monolithic,1,account_policy_core_64,groth16,666,0.02472681900007956,0.31131172599998536,0.2562516439998035,0.0,0.5922901889998684,806,26,True,,True,ok,
20260728T123050Z_paper_groth16,2026-07-28T12:47:15.505595+00:00,measured,2,13,40,local_validity_and_operating_limit_32,local_validity_and_operating_limit,pi_valid+pi_limit,account,composition,32,,valid_limit_b32,baseline,shared_witness,monolithic,1,local_validity_and_operating_limit_32,groth16,243,0.020845074999670032,0.30147852799973407,0.24908431699986977,0.0,0.5714079199992739,807,16,True,,True,ok,
20260728T123050Z_paper_groth16,2026-07-28T12:47:16.074009+00:00,measured,2,13,41,local_financial_validity_64,local_financial_validity,pi_valid,account,individual_policy,64,,,,none,monolithic,1,local_financial_validity_64,groth16,200,0.020931412000209093,0.30426672700014024,0.24262117499984015,0.0,0.5678193140001895,807,3,True,,True,ok,
20260728T123050Z_paper_groth16,2026-07-28T12:47:17.013752+00:00,measured,2,13,42,token_policy_bundle_32_depth_16,token_policy_bundle,pi_mem+pi_null+pi_valid+pi_budget,token,composition,32,16,token_bundle_b32_d16,baseline,shared_witness,monolithic,1,token_policy_bundle_32_depth_16,groth16,9685,0.04551709799989112,0.6109743580000213,0.28259700299986434,0.0,0.9390884589997768,802,260,True,,True,ok,
20260728T123050Z_paper_groth16,2026-07-28T12:47:17.638296+00:00,measured,2,13,43,nullifier_correctness_poseidon,nullifier_correctness,pi_null,token,individual_policy,,,,,none,monolithic,1,nullifier_correctness_poseidon,groth16,517,0.033445916999880865,0.3256628549997913,0.26481262100014646,0.0,0.6239213929998186,803,164,True,,True,ok,
20260728T123050Z_paper_groth16,2026-07-28T12:47:18.261182+00:00,measured,2,13,44,operating_limit_64,operating_limit,pi_limit,account,individual_policy,64,,,,none,monolithic,1,operating_limit_64,groth16,332,0.02213724400007777,0.30527320999999574,0.29483474299968293,0.0,0.6222451969997564,803,26,True,,True,ok,
20260728T123050Z_paper_groth16,2026-07-28T12:47:19.720685+00:00,measured,2,13,45,linked_separate_valid_limit_32,local_validity_and_operating_limit,pi_valid+pi_limit,account,composition_baseline,32,,valid_limit_b32,commitment_linked,tx_tag,separate,2,linked_valid_limit_validity_32;linked_valid_limit_limit_32,groth16,2210,0.08329214000013963,0.7647138409997751,0.6099914320002426,2.3930001589178573e-06,1.4579998060003163,1607,196,True,True,True,ok,
20260728T123050Z_paper_groth16,2026-07-28T12:47:20.299022+00:00,measured,2,13,46,local_financial_validity_32,local_financial_validity,pi_valid,account,individual_policy,32,,,,none,monolithic,1,local_financial_validity_32,groth16,104,0.019600781000008283,0.297809394000069,0.26033753399997295,0.0,0.5777477090000502,809,3,True,,True,ok,
20260728T123050Z_paper_groth16,2026-07-28T12:47:20.870609+00:00,measured,2,14,1,state_transition_and_conservation_16,state_transition_and_conservation,pi_trans,account,individual_policy,16,,,,none,monolithic,1,state_transition_and_conservation_16,groth16,89,0.0218945269998585,0.28791137700000036,0.2611403920000157,0.0,0.5709462959998746,801,3,True,,True,ok,
20260728T123050Z_paper_groth16,2026-07-28T12:47:21.538019+00:00,measured,2,14,2,nullifier_correctness_poseidon,nullifier_correctness,pi_null,token,individual_policy,,,,,none,monolithic,1,nullifier_correctness_poseidon,groth16,517,0.03274481599964929,0.3449559919999956,0.2890823210000235,0.0,0.6667831289996684,804,164,True,,True,ok,
20260728T123050Z_paper_groth16,2026-07-28T12:47:22.118098+00:00,measured,2,14,3,local_validity_and_operating_limit_32,local_validity_and_operating_limit,pi_valid+pi_limit,account,composition,32,,valid_limit_b32,baseline,shared_witness,monolithic,1,local_validity_and_operating_limit_32,groth16,243,0.02091574500036586,0.29661216299973603,0.261940893999963,0.0,0.5794688020000649,803,16,True,,True,ok,
20260728T123050Z_paper_groth16,2026-07-28T12:47:22.678645+00:00,measured,2,14,4,local_financial_validity_16,local_financial_validity,pi_valid,account,individual_policy,16,,,,none,monolithic,1,local_financial_validity_16,groth16,56,0.02025121599990598,0.2784985630000847,0.26119231999973636,0.0,0.559942098999727,801,3,True,,True,ok,
20260728T123050Z_paper_groth16,2026-07-28T12:47:24.366244+00:00,measured,2,14,5,separate_account_core_16,account_policy_core,pi_valid+pi_trans+pi_limit,account,composition_baseline,16,,account_core_b16,baseline,unbound,separate,3,local_financial_validity_16;state_transition_and_conservation_16;operating_limit_16,groth16,237,0.0575485839999601,0.8456128600000739,0.7828320910002731,0.0,1.685993535000307,2411,18,True,,True,ok,
20260728T123050Z_paper_groth16,2026-07-28T12:47:24.934817+00:00,measured,2,14,6,privacy_budget_64,privacy_budget,pi_budget,account,individual_policy,64,,,,none,monolithic,1,privacy_budget_64,groth16,332,0.020995935999962967,0.2938158389997625,0.2531205999998747,0.0,0.5679323749996001,805,26,True,,True,ok,
20260728T123050Z_paper_groth16,2026-07-28T12:47:25.492128+00:00,measured,2,14,7,account_policy_core_32,account_policy_core,pi_valid+pi_trans+pi_limit,account,composition,32,,account_core_b32,baseline,shared_witness,monolithic,1,account_policy_core_32,groth16,346,0.020933467999839195,0.283699880000313,0.25203982999983054,0.0,0.5566731779999827,804,16,True,,True,ok,
20260728T123050Z_paper_groth16,2026-07-28T12:47:27.778088+00:00,measured,2,14,8,separate_account_budget_64,account_policy_with_privacy_budget,pi_valid+pi_trans+pi_limit+pi_budget,account,composition_baseline,64,,account_budget_b64,baseline,unbound,separate,4,local_financial_validity_64;state_transition_and_conservation_64;operating_limit_64;privacy_budget_64,groth16,1193,0.08060400800013667,1.184201567999935,1.0190270580005745,0.0,2.283832634000646,3220,58,True,,True,ok,
20260728T123050Z_paper_groth16,2026-07-28T12:47:28.914191+00:00,measured,2,14,9,separate_valid_limit_64,local_validity_and_operating_limit,pi_valid+pi_limit,account,composition_baseline,64,,valid_limit_b64,baseline,unbound,separate,2,local_financial_validity_64;operating_limit_64,groth16,532,0.04161182300049404,0.5901904759998615,0.5031328779996329,0.0,1.1349351769999885,1613,29,True,,True,ok,
20260728T123050Z_paper_groth16,2026-07-28T12:47:29.551778+00:00,measured,2,14,10,linked_valid_limit_monolithic_32,local_validity_and_operating_limit,pi_valid+pi_limit,account,composition,32,,valid_limit_b32,commitment_linked,tx_tag,monolithic,1,linked_valid_limit_monolithic_32,groth16,1210,0.0384538190000967,0.342282336000153,0.2559965220002596,2.100000074278796e-06,0.6367347770005836,806,98,True,True,True,ok,
20260728T123050Z_paper_groth16,2026-07-28T12:47:30.132303+00:00,measured,2,14,11,account_policy_with_privacy_budget_16,account_policy_with_privacy_budget,pi_valid+pi_trans+pi_limit+pi_budget,account,composition,16,,account_budget_b16,baseline,shared_witness,monolithic,1,account_policy_with_privacy_budget_16,groth16,261,0.020838234000166267,0.3044993369999247,0.25458257399986906,0.0,0.57992014499996,806,21,True,,True,ok,
20260728T123050Z_paper_groth16,2026-07-28T12:47:30.713365+00:00,measured,2,14,12,state_transition_and_conservation_64,state_transition_and_conservation,pi_trans,account,individual_policy,64,,,,none,monolithic,1,state_transition_and_conservation_64,groth16,329,0.022687792999931844,0.3060051340003156,0.25161080399993807,0.0,0.5803037310001855,803,3,True,,True,ok,
20260728T123050Z_paper_groth16,2026-07-28T12:47:31.495484+00:00,measured,2,14,13,token_policy_bundle_32_depth_8,token_policy_bundle,pi_mem+pi_null+pi_valid+pi_budget,token,composition,32,8,token_bundle_b32_d8,baseline,shared_witness,monolithic,1,token_policy_bundle_32_depth_8,groth16,5525,0.04606333299989274,0.47129747300004965,0.26410777800037977,0.0,0.7814685840003222,801,261,True,,True,ok,
20260728T123050Z_paper_groth16,2026-07-28T12:47:32.377419+00:00,measured,2,14,14,linked_token_bundle_monolithic_32_depth_16,token_policy_bundle,pi_mem+pi_null+pi_valid+pi_budget,token,composition,32,16,token_bundle_b32_d16,commitment_linked,tx_tag,monolithic,1,linked_token_bundle_monolithic_32_depth_16,groth16,11114,0.06279893000009906,0.5675150199999734,0.24895093200029805,2.491000032023294e-06,0.8792673730004026,806,342,True,True,True,ok,
20260728T123050Z_paper_groth16,2026-07-28T12:47:32.939641+00:00,measured,2,14,15,operating_limit_32,operating_limit,pi_limit,account,individual_policy,32,,,,none,monolithic,1,operating_limit_32,groth16,172,0.02041104299996732,0.29561244099977557,0.24561957099967913,0.0,0.561643054999422,803,16,True,,True,ok,
20260728T123050Z_paper_groth16,2026-07-28T12:47:33.527172+00:00,measured,2,14,16,local_validity_and_operating_limit_16,local_validity_and_operating_limit,pi_valid+pi_limit,account,composition,16,,valid_limit_b16,baseline,shared_witness,monolithic,1,local_validity_and_operating_limit_16,groth16,131,0.019660729000406718,0.3221067600002243,0.2451523400000042,0.0,0.5869198290006352,803,12,True,,True,ok,
20260728T123050Z_paper_groth16,2026-07-28T12:47:34.809751+00:00,measured,2,14,17,linked_separate_valid_limit_32,local_validity_and_operating_limit,pi_valid+pi_limit,account,composition_baseline,32,,valid_limit_b32,commitment_linked,tx_tag,separate,2,linked_valid_limit_validity_32;linked_valid_limit_limit_32,groth16,2210,0.07843309700001555,0.6685646790001556,0.5341327789997194,2.4380001377721783e-06,1.2811329930000284,1611,196,True,True,True,ok,
20260728T123050Z_paper_groth16,2026-07-28T12:47:35.811030+00:00,measured,2,14,18,token_policy_bundle_32_depth_32,token_policy_bundle,pi_mem+pi_null+pi_valid+pi_budget,token,composition,32,32,token_bundle_b32_d32,baseline,shared_witness,monolithic,1,token_policy_bundle_32_depth_32,groth16,18005,0.051854470999842306,0.6819132140003603,0.25887617899979887,0.0,0.9926438640000015,805,261,True,,True,ok,
20260728T123050Z_paper_groth16,2026-07-28T12:47:37.632933+00:00,measured,2,14,19,separate_account_core_64,account_policy_core,pi_valid+pi_trans+pi_limit,account,composition_baseline,64,,account_core_b64,baseline,unbound,separate,3,local_financial_validity_64;state_transition_and_conservation_64;operating_limit_64,groth16,861,0.06199603000004572,0.9366415880003842,0.8216082250005456,0.0,1.8202458430009756,2413,32,True,,True,ok,
20260728T123050Z_paper_groth16,2026-07-28T12:47:40.324319+00:00,measured,2,14,20,separate_token_bundle_32_depth_16,token_policy_bundle,pi_mem+pi_null+pi_valid+pi_budget,token,composition_baseline,32,16,token_bundle_b32_d16,baseline,unbound,separate,4,merkle_membership_depth_16;nullifier_correctness_poseidon;local_financial_validity_32;privacy_budget_32,groth16,9113,0.10765491699976337,1.5167299899999307,1.0645901499997308,0.0,2.688975056999425,3219,267,True,,True,ok,
20260728T123050Z_paper_groth16,2026-07-28T12:47:41.311718+00:00,measured,2,14,21,merkle_membership_depth_32,merkle_membership,pi_mem,token,individual_policy,,32,,,none,monolithic,1,merkle_membership_depth_32,groth16,16640,0.04073140799982866,0.6892811880002228,0.2566895950003527,0.0,0.9867021910004041,805,84,True,,True,ok,
20260728T123050Z_paper_groth16,2026-07-28T12:47:41.864323+00:00,measured,2,14,22,operating_limit_16,operating_limit,pi_limit,account,individual_policy,16,,,,none,monolithic,1,operating_limit_16,groth16,92,0.019476717000088684,0.27906018400017274,0.2534587059999467,0.0,0.5519956070002081,804,12,True,,True,ok,
20260728T123050Z_paper_groth16,2026-07-28T12:47:42.566547+00:00,measured,2,14,23,merkle_membership_depth_8,merkle_membership,pi_mem,token,individual_policy,,8,,,none,monolithic,1,merkle_membership_depth_8,groth16,4160,0.038391331999719114,0.4156043950001731,0.24760852800000066,0.0,0.7016042549998929,803,84,True,,True,ok,
20260728T123050Z_paper_groth16,2026-07-28T12:47:43.239735+00:00,measured,2,14,24,linked_account_budget_monolithic_32,account_policy_with_privacy_budget,pi_valid+pi_trans+pi_limit+pi_budget,account,composition,32,,account_budget_b32,commitment_linked,tx_tag,monolithic,1,linked_account_budget_monolithic_32,groth16,1914,0.059182116000101814,0.35257346799971856,0.2604164710000987,2.2249996618484147e-06,0.6721742799995809,803,111,True,True,True,ok,
20260728T123050Z_paper_groth16,2026-07-28T12:47:43.816124+00:00,measured,2,14,25,account_policy_core_16,account_policy_core,pi_valid+pi_trans+pi_limit,account,composition,16,,account_core_b16,baseline,shared_witness,monolithic,1,account_policy_core_16,groth16,186,0.02309481100019184,0.2904367600003752,0.2622813889997815,0.0,0.5758129600003485,806,12,True,,True,ok,
20260728T123050Z_paper_groth16,2026-07-28T12:47:46.334627+00:00,measured,2,14,26,separate_token_bundle_32_depth_8,token_policy_bundle,pi_mem+pi_null+pi_valid+pi_budget,token,composition_baseline,32,8,token_bundle_b32_d8,baseline,unbound,separate,4,merkle_membership_depth_8;nullifier_correctness_poseidon;local_financial_validity_32;privacy_budget_32,groth16,4953,0.11479954599963094,1.3587396190000618,1.0425690730003225,0.0,2.5161082380000153,3219,267,True,,True,ok,
20260728T123050Z_paper_groth16,2026-07-28T12:47:49.108655+00:00,measured,2,14,27,separate_token_bundle_32_depth_32,token_policy_bundle,pi_mem+pi_null+pi_valid+pi_budget,token,composition_baseline,32,32,token_bundle_b32_d32,baseline,unbound,separate,4,merkle_membership_depth_32;nullifier_correctness_poseidon;local_financial_validity_32;privacy_budget_32,groth16,17433,0.11372150099987266,1.6270696319998024,1.0310141189993374,0.0,2.7718052519990124,3227,267,True,,True,ok,
20260728T123050Z_paper_groth16,2026-07-28T12:47:50.268998+00:00,measured,2,14,28,separate_valid_limit_16,local_validity_and_operating_limit,pi_valid+pi_limit,account,composition_baseline,16,,valid_limit_b16,baseline,unbound,separate,2,local_financial_validity_16;operating_limit_16,groth16,148,0.04102754299992739,0.5817219509999632,0.5363294889998542,0.0,1.1590789829997448,1611,15,True,,True,ok,
20260728T123050Z_paper_groth16,2026-07-28T12:47:50.882575+00:00,measured,2,14,29,privacy_budget_16,privacy_budget,pi_budget,account,individual_policy,16,,,,none,monolithic,1,privacy_budget_16,groth16,92,0.02033098899983088,0.305393813000137,0.28712888699965333,0.0,0.6128536889996212,806,11,True,,True,ok,
20260728T123050Z_paper_groth16,2026-07-28T12:47:51.753690+00:00,measured,2,14,30,token_policy_bundle_32_depth_16,token_policy_bundle,pi_mem+pi_null+pi_valid+pi_budget,token,composition,32,16,token_bundle_b32_d16,baseline,shared_witness,monolithic,1,token_policy_bundle_32_depth_16,groth16,9685,0.04454963199987105,0.5621326220002629,0.26379015000020445,0.0,0.8704724040003384,803,260,True,,True,ok,
20260728T123050Z_paper_groth16,2026-07-28T12:47:54.508037+00:00,measured,2,14,31,linked_separate_account_budget_32,account_policy_with_privacy_budget,pi_valid+pi_trans+pi_limit+pi_budget,account,composition_baseline,32,,account_budget_b32,commitment_linked,tx_tag,separate,4,linked_account_budget_validity_32;linked_account_budget_transition_32;linked_account_budget_limit_32;linked_account_budget_budget_32,groth16,6333,0.2354913040003339,1.4541977679996307,1.0616067079999993,2.6220000108878594e-06,2.751298401999975,3222,444,True,True,True,ok,
20260728T123050Z_paper_groth16,2026-07-28T12:47:55.091971+00:00,measured,2,14,32,local_validity_and_operating_limit_64,local_validity_and_operating_limit,pi_valid+pi_limit,account,composition,64,,valid_limit_b64,baseline,shared_witness,monolithic,1,local_validity_and_operating_limit_64,groth16,467,0.020311381999817968,0.30254074300000866,0.2604612630002521,0.0,0.5833133880000787,805,26,True,,True,ok,
20260728T123050Z_paper_groth16,2026-07-28T12:47:55.711921+00:00,measured,2,14,33,account_policy_core_64,account_policy_core,pi_valid+pi_trans+pi_limit,account,composition,64,,account_core_b64,baseline,shared_witness,monolithic,1,account_policy_core_64,groth16,666,0.020677893000083714,0.3360886710001978,0.26246235100006743,0.0,0.6192289150003489,804,26,True,,True,ok,
20260728T123050Z_paper_groth16,2026-07-28T12:47:57.415931+00:00,measured,2,14,34,separate_account_core_32,account_policy_core,pi_valid+pi_trans+pi_limit,account,composition_baseline,32,,account_core_b32,baseline,unbound,separate,3,local_financial_validity_32;state_transition_and_conservation_32;operating_limit_32,groth16,445,0.06007762499984892,0.8780350219994943,0.7642974990003495,0.0,1.7024101459996928,2411,22,True,,True,ok,
20260728T123050Z_paper_groth16,2026-07-28T12:47:59.769979+00:00,measured,2,14,35,separate_account_budget_32,account_policy_with_privacy_budget,pi_valid+pi_trans+pi_limit+pi_budget,account,composition_baseline,32,,account_budget_b32,baseline,unbound,separate,4,local_financial_validity_32;state_transition_and_conservation_32;operating_limit_32;privacy_budget_32,groth16,617,0.08058635999987018,1.2028429629995117,1.0681201389993475,0.0,2.3515494619987294,3221,38,True,,True,ok,
20260728T123050Z_paper_groth16,2026-07-28T12:48:00.375056+00:00,measured,2,14,36,privacy_budget_32,privacy_budget,pi_budget,account,individual_policy,32,,,,none,monolithic,1,privacy_budget_32,groth16,172,0.022410938999655627,0.32234964400004174,0.2596626969998397,0.0,0.604423279999537,807,16,True,,True,ok,
20260728T123050Z_paper_groth16,2026-07-28T12:48:03.256592+00:00,measured,2,14,37,linked_separate_token_bundle_32_depth_16,token_policy_bundle,pi_mem+pi_null+pi_valid+pi_budget,token,composition_baseline,32,16,token_bundle_b32_d16,commitment_linked,tx_tag,separate,4,linked_token_bundle_membership_32_depth_16;linked_token_bundle_nullifier_32_depth_16;linked_token_bundle_validity_32_depth_16;linked_token_bundle_budget_32_depth_16,groth16,15434,0.23691615799998544,1.602205201999368,1.0378738160006833,2.8660001589742023e-06,2.8769980420001957,3221,1368,True,True,True,ok,
20260728T123050Z_paper_groth16,2026-07-28T12:48:03.856274+00:00,measured,2,14,38,operating_limit_64,operating_limit,pi_limit,account,individual_policy,64,,,,none,monolithic,1,operating_limit_64,groth16,332,0.020273294000162423,0.32170225600020785,0.25708964300019943,0.0,0.5990651930005697,806,26,True,,True,ok,
20260728T123050Z_paper_groth16,2026-07-28T12:48:04.418584+00:00,measured,2,14,39,state_transition_and_conservation_32,state_transition_and_conservation,pi_trans,account,individual_policy,32,,,,none,monolithic,1,state_transition_and_conservation_32,groth16,169,0.02106482599992887,0.29332793999992646,0.2473146430002089,0.0,0.5617074090000642,808,3,True,,True,ok,
20260728T123050Z_paper_groth16,2026-07-28T12:48:04.995316+00:00,measured,2,14,40,local_financial_validity_64,local_financial_validity,pi_valid,account,individual_policy,64,,,,none,monolithic,1,local_financial_validity_64,groth16,200,0.021277990999806207,0.29976774700026,0.25505856700010554,0.0,0.5761043050001717,802,3,True,,True,ok,
20260728T123050Z_paper_groth16,2026-07-28T12:48:05.592290+00:00,measured,2,14,41,account_policy_with_privacy_budget_32,account_policy_with_privacy_budget,pi_valid+pi_trans+pi_limit+pi_budget,account,composition,32,,account_budget_b32,baseline,shared_witness,monolithic,1,account_policy_with_privacy_budget_32,groth16,485,0.020271402999696875,0.30988315000013245,0.2660646959998303,0.0,0.5962192489996596,803,30,True,,True,ok,
20260728T123050Z_paper_groth16,2026-07-28T12:48:06.412836+00:00,measured,2,14,42,merkle_membership_depth_16,merkle_membership,pi_mem,token,individual_policy,,16,,,none,monolithic,1,merkle_membership_depth_16,groth16,8320,0.04016033699963373,0.5245787769999879,0.255145918999915,0.0,0.8198850329995366,805,84,True,,True,ok,
20260728T123050Z_paper_groth16,2026-07-28T12:48:07.534277+00:00,measured,2,14,43,separate_valid_limit_32,local_validity_and_operating_limit,pi_valid+pi_limit,account,composition_baseline,32,,valid_limit_b32,baseline,unbound,separate,2,local_financial_validity_32;operating_limit_32,groth16,276,0.042229851000229246,0.5777482249995955,0.5003362209999977,0.0,1.1203142969998225,1608,19,True,,True,ok,
20260728T123050Z_paper_groth16,2026-07-28T12:48:08.091233+00:00,measured,2,14,44,local_financial_validity_32,local_financial_validity,pi_valid,account,individual_policy,32,,,,none,monolithic,1,local_financial_validity_32,groth16,104,0.022858713000005082,0.27630480099969645,0.25717102099997646,0.0,0.556334534999678,803,3,True,,True,ok,
20260728T123050Z_paper_groth16,2026-07-28T12:48:10.362417+00:00,measured,2,14,45,separate_account_budget_16,account_policy_with_privacy_budget,pi_valid+pi_trans+pi_limit+pi_budget,account,composition_baseline,16,,account_budget_b16,baseline,unbound,separate,4,local_financial_validity_16;state_transition_and_conservation_16;operating_limit_16;privacy_budget_16,groth16,329,0.0787592660003611,1.1457998969999608,1.0445092669997393,0.0,2.269068430000061,3218,29,True,,True,ok,
20260728T123050Z_paper_groth16,2026-07-28T12:48:10.979450+00:00,measured,2,14,46,account_policy_with_privacy_budget_64,account_policy_with_privacy_budget,pi_valid+pi_trans+pi_limit+pi_budget,account,composition,64,,account_budget_b64,baseline,shared_witness,monolithic,1,account_policy_with_privacy_budget_64,groth16,933,0.023029993000363902,0.3127474689999872,0.2806048689999443,0.0,0.6163823310002954,805,50,True,,True,ok,
20260728T123050Z_paper_groth16,2026-07-28T12:48:13.703419+00:00,measured,2,15,1,linked_separate_account_budget_32,account_policy_with_privacy_budget,pi_valid+pi_trans+pi_limit+pi_budget,account,composition_baseline,32,,account_budget_b32,commitment_linked,tx_tag,separate,4,linked_account_budget_validity_32;linked_account_budget_transition_32;linked_account_budget_limit_32;linked_account_budget_budget_32,groth16,6333,0.23557878700012225,1.4074352719999297,1.0779587990000437,2.9050002012809273e-06,2.720975763000297,3214,444,True,True,True,ok,
20260728T123050Z_paper_groth16,2026-07-28T12:48:15.528794+00:00,measured,2,15,2,separate_account_core_64,account_policy_core,pi_valid+pi_trans+pi_limit,account,composition_baseline,64,,account_core_b64,baseline,unbound,separate,3,local_financial_validity_64;state_transition_and_conservation_64;operating_limit_64,groth16,861,0.06329070299943851,0.9009208320003381,0.8594155720006711,0.0,1.8236271070004477,2418,32,True,,True,ok,
20260728T123050Z_paper_groth16,2026-07-28T12:48:16.131629+00:00,measured,2,15,3,local_financial_validity_16,local_financial_validity,pi_valid,account,individual_policy,16,,,,none,monolithic,1,local_financial_validity_16,groth16,56,0.02165888299987273,0.30381547399974806,0.2766992659999232,0.0,0.602173622999544,803,3,True,,True,ok,
20260728T123050Z_paper_groth16,2026-07-28T12:48:16.819480+00:00,measured,2,15,4,linked_valid_limit_monolithic_32,local_validity_and_operating_limit,pi_valid+pi_limit,account,composition,32,,valid_limit_b32,commitment_linked,tx_tag,monolithic,1,linked_valid_limit_monolithic_32,groth16,1210,0.04108070200027214,0.3645008430003145,0.2812962969996988,2.0590000531228725e-06,0.6868799010003386,805,98,True,True,True,ok,
20260728T123050Z_paper_groth16,2026-07-28T12:48:18.087868+00:00,measured,2,15,5,linked_separate_valid_limit_32,local_validity_and_operating_limit,pi_valid+pi_limit,account,composition_baseline,32,,valid_limit_b32,commitment_linked,tx_tag,separate,2,linked_valid_limit_validity_32;linked_valid_limit_limit_32,groth16,2210,0.07763593099980426,0.6688990959996772,0.5203529499999604,3.4119998417736497e-06,1.2668913889992837,1609,196,True,True,True,ok,
20260728T123050Z_paper_groth16,2026-07-28T12:48:19.091669+00:00,measured,2,15,6,merkle_membership_depth_32,merkle_membership,pi_mem,token,individual_policy,,32,,,none,monolithic,1,merkle_membership_depth_32,groth16,16640,0.04385094899998876,0.6989053749998675,0.2603604659998382,0.0,1.0031167899996944,805,84,True,,True,ok,
20260728T123050Z_paper_groth16,2026-07-28T12:48:19.667609+00:00,measured,2,15,7,account_policy_with_privacy_budget_32,account_policy_with_privacy_budget,pi_valid+pi_trans+pi_limit+pi_budget,account,composition,32,,account_budget_b32,baseline,shared_witness,monolithic,1,account_policy_with_privacy_budget_32,groth16,485,0.019662901999708993,0.3060772750000069,0.24955210100006298,0.0,0.5752922779997789,803,30,True,,True,ok,
20260728T123050Z_paper_groth16,2026-07-28T12:48:20.231810+00:00,measured,2,15,8,local_financial_validity_64,local_financial_validity,pi_valid,account,individual_policy,64,,,,none,monolithic,1,local_financial_validity_64,groth16,200,0.021050879000085843,0.2964571940001406,0.24602575200015053,0.0,0.563533825000377,805,3,True,,True,ok,
20260728T123050Z_paper_groth16,2026-07-28T12:48:20.816325+00:00,measured,2,15,9,local_validity_and_operating_limit_16,local_validity_and_operating_limit,pi_valid+pi_limit,account,composition,16,,valid_limit_b16,baseline,shared_witness,monolithic,1,local_validity_and_operating_limit_16,groth16,131,0.019570047999877715,0.2981734850000066,0.26615881299994726,0.0,0.5839023459998316,806,12,True,,True,ok,
20260728T123050Z_paper_groth16,2026-07-28T12:48:21.402112+00:00,measured,2,15,10,account_policy_with_privacy_budget_64,account_policy_with_privacy_budget,pi_valid+pi_trans+pi_limit+pi_budget,account,composition,64,,account_budget_b64,baseline,shared_witness,monolithic,1,account_policy_with_privacy_budget_64,groth16,933,0.022290795000117214,0.3023283980000997,0.26055430899987186,0.0,0.5851735020000888,806,50,True,,True,ok,
20260728T123050Z_paper_groth16,2026-07-28T12:48:21.969915+00:00,measured,2,15,11,operating_limit_16,operating_limit,pi_limit,account,individual_policy,16,,,,none,monolithic,1,operating_limit_16,groth16,92,0.019226107000122283,0.2863332080000873,0.2616402419998849,0.0,0.5671995570000945,806,12,True,,True,ok,
20260728T123050Z_paper_groth16,2026-07-28T12:48:22.702608+00:00,measured,2,15,12,merkle_membership_depth_8,merkle_membership,pi_mem,token,individual_policy,,8,,,none,monolithic,1,merkle_membership_depth_8,groth16,4160,0.040828775000136375,0.4303156480000325,0.2609407210002246,0.0,0.7320851440003935,804,84,True,,True,ok,
20260728T123050Z_paper_groth16,2026-07-28T12:48:25.218464+00:00,measured,2,15,13,separate_token_bundle_32_depth_8,token_policy_bundle,pi_mem+pi_null+pi_valid+pi_budget,token,composition_baseline,32,8,token_bundle_b32_d8,baseline,unbound,separate,4,merkle_membership_depth_8;nullifier_correctness_poseidon;local_financial_validity_32;privacy_budget_32,groth16,4953,0.1074178810004014,1.347216672000286,1.0589407010006653,0.0,2.5135752540013527,3217,267,True,,True,ok,
20260728T123050Z_paper_groth16,2026-07-28T12:48:26.248812+00:00,measured,2,15,14,token_policy_bundle_32_depth_32,token_policy_bundle,pi_mem+pi_null+pi_valid+pi_budget,token,composition,32,32,token_bundle_b32_d32,baseline,shared_witness,monolithic,1,token_policy_bundle_32_depth_32,groth16,18005,0.0493187920001219,0.7146105860001626,0.26570077999986097,0.0,1.0296301580001455,803,261,True,,True,ok,
20260728T123050Z_paper_groth16,2026-07-28T12:48:26.823850+00:00,measured,2,15,15,state_transition_and_conservation_64,state_transition_and_conservation,pi_trans,account,individual_policy,64,,,,none,monolithic,1,state_transition_and_conservation_64,groth16,329,0.021631774000070436,0.29528348800022286,0.257181730999946,0.0,0.5740969930002393,807,3,True,,True,ok,
20260728T123050Z_paper_groth16,2026-07-28T12:48:27.383325+00:00,measured,2,15,16,state_transition_and_conservation_16,state_transition_and_conservation,pi_trans,account,individual_policy,16,,,,none,monolithic,1,state_transition_and_conservation_16,groth16,89,0.02029548500013334,0.28834568399997806,0.2502165400001104,0.0,0.5588577090002218,803,3,True,,True,ok,
20260728T123050Z_paper_groth16,2026-07-28T12:48:28.216007+00:00,measured,2,15,17,merkle_membership_depth_16,merkle_membership,pi_mem,token,individual_policy,,16,,,none,monolithic,1,merkle_membership_depth_16,groth16,8320,0.03934830000025613,0.5496948929999235,0.24299260199995842,0.0,0.832035795000138,806,84,True,,True,ok,
20260728T123050Z_paper_groth16,2026-07-28T12:48:29.042991+00:00,measured,2,15,18,token_policy_bundle_32_depth_16,token_policy_bundle,pi_mem+pi_null+pi_valid+pi_budget,token,composition,32,16,token_bundle_b32_d16,baseline,shared_witness,monolithic,1,token_policy_bundle_32_depth_16,groth16,9685,0.04911705999984406,0.5164385370003401,0.2607570299996951,0.0,0.8263126269998793,805,260,True,,True,ok,
20260728T123050Z_paper_groth16,2026-07-28T12:48:30.220101+00:00,measured,2,15,19,separate_valid_limit_32,local_validity_and_operating_limit,pi_valid+pi_limit,account,composition_baseline,32,,valid_limit_b32,baseline,unbound,separate,2,local_financial_validity_32;operating_limit_32,groth16,276,0.03868964000002961,0.6139378630000465,0.5229170809998323,0.0,1.1755445839999084,1607,19,True,,True,ok,
20260728T123050Z_paper_groth16,2026-07-28T12:48:33.027505+00:00,measured,2,15,20,separate_token_bundle_32_depth_32,token_policy_bundle,pi_mem+pi_null+pi_valid+pi_budget,token,composition_baseline,32,32,token_bundle_b32_d32,baseline,unbound,separate,4,merkle_membership_depth_32;nullifier_correctness_poseidon;local_financial_validity_32;privacy_budget_32,groth16,17433,0.11429959899987807,1.601840617999187,1.0886897889995453,0.0,2.8048300059986104,3219,267,True,,True,ok,
20260728T123050Z_paper_groth16,2026-07-28T12:48:33.613825+00:00,measured,2,15,21,account_policy_core_32,account_policy_core,pi_valid+pi_trans+pi_limit,account,composition,32,,account_core_b32,baseline,shared_witness,monolithic,1,account_policy_core_32,groth16,346,0.025606964999951742,0.3044687760002489,0.2555060209997464,0.0,0.585581761999947,802,16,True,,True,ok,
20260728T123050Z_paper_groth16,2026-07-28T12:48:34.741348+00:00,measured,2,15,22,separate_valid_limit_16,local_validity_and_operating_limit,pi_valid+pi_limit,account,composition_baseline,16,,valid_limit_b16,baseline,unbound,separate,2,local_financial_validity_16;operating_limit_16,groth16,148,0.040412642000319465,0.5835241849999875,0.5024231220004367,0.0,1.1263599490007437,1609,15,True,,True,ok,
20260728T123050Z_paper_groth16,2026-07-28T12:48:37.329858+00:00,measured,2,15,23,separate_token_bundle_32_depth_16,token_policy_bundle,pi_mem+pi_null+pi_valid+pi_budget,token,composition_baseline,32,16,token_bundle_b32_d16,baseline,unbound,separate,4,merkle_membership_depth_16;nullifier_correctness_poseidon;local_financial_validity_32;privacy_budget_32,groth16,9113,0.11109445299916842,1.432050469999922,1.0431312000005164,0.0,2.5862761229996067,3222,267,True,,True,ok,
20260728T123050Z_paper_groth16,2026-07-28T12:48:39.020166+00:00,measured,2,15,24,separate_account_core_16,account_policy_core,pi_valid+pi_trans+pi_limit,account,composition_baseline,16,,account_core_b16,baseline,unbound,separate,3,local_financial_validity_16;state_transition_and_conservation_16;operating_limit_16,groth16,237,0.05992113899992546,0.848765901000661,0.7797737120004058,0.0,1.6884607520009922,2421,18,True,,True,ok,
20260728T123050Z_paper_groth16,2026-07-28T12:48:39.934206+00:00,measured,2,15,25,linked_token_bundle_monolithic_32_depth_16,token_policy_bundle,pi_mem+pi_null+pi_valid+pi_budget,token,composition,32,16,token_bundle_b32_d16,commitment_linked,tx_tag,monolithic,1,linked_token_bundle_monolithic_32_depth_16,groth16,11114,0.061703614000180096,0.6033760239997719,0.24653668800010564,2.1129999367985874e-06,0.9116184389999944,805,342,True,True,True,ok,
20260728T123050Z_paper_groth16,2026-07-28T12:48:42.283844+00:00,measured,2,15,26,separate_account_budget_16,account_policy_with_privacy_budget,pi_valid+pi_trans+pi_limit+pi_budget,account,composition_baseline,16,,account_budget_b16,baseline,unbound,separate,4,local_financial_validity_16;state_transition_and_conservation_16;operating_limit_16;privacy_budget_16,groth16,329,0.07948012600036236,1.1702112270004363,1.0976599899995563,0.0,2.347351343000355,3224,29,True,,True,ok,
20260728T123050Z_paper_groth16,2026-07-28T12:48:42.888165+00:00,measured,2,15,27,account_policy_with_privacy_budget_16,account_policy_with_privacy_budget,pi_valid+pi_trans+pi_limit+pi_budget,account,composition,16,,account_budget_b16,baseline,shared_witness,monolithic,1,account_policy_with_privacy_budget_16,groth16,261,0.020687304000148288,0.3148630700002286,0.26811219300043376,0.0,0.6036625670008107,804,21,True,,True,ok,
20260728T123050Z_paper_groth16,2026-07-28T12:48:43.485804+00:00,measured,2,15,28,local_validity_and_operating_limit_64,local_validity_and_operating_limit,pi_valid+pi_limit,account,composition,64,,valid_limit_b64,baseline,shared_witness,monolithic,1,local_validity_and_operating_limit_64,groth16,467,0.020781247999821062,0.31413620700004685,0.26209327300011864,0.0,0.5970107279999866,805,26,True,,True,ok,
20260728T123050Z_paper_groth16,2026-07-28T12:48:44.680957+00:00,measured,2,15,29,separate_valid_limit_64,local_validity_and_operating_limit,pi_valid+pi_limit,account,composition_baseline,64,,valid_limit_b64,baseline,unbound,separate,2,local_financial_validity_64;operating_limit_64,groth16,532,0.041942426999867166,0.6298666790003153,0.5222082929999488,0.0,1.1940173990001313,1607,29,True,,True,ok,
20260728T123050Z_paper_groth16,2026-07-28T12:48:45.258507+00:00,measured,2,15,30,local_validity_and_operating_limit_32,local_validity_and_operating_limit,pi_valid+pi_limit,account,composition,32,,valid_limit_b32,baseline,shared_witness,monolithic,1,local_validity_and_operating_limit_32,groth16,243,0.020274417999644356,0.30268035000017335,0.2539351909999823,0.0,0.5768899589998,803,16,True,,True,ok,
20260728T123050Z_paper_groth16,2026-07-28T12:48:45.825980+00:00,measured,2,15,31,privacy_budget_32,privacy_budget,pi_budget,account,individual_policy,32,,,,none,monolithic,1,privacy_budget_32,groth16,172,0.019791386000179045,0.2964950069999759,0.25058743399995365,0.0,0.5668738270001086,805,16,True,,True,ok,
20260728T123050Z_paper_groth16,2026-07-28T12:48:46.369318+00:00,measured,2,15,32,state_transition_and_conservation_32,state_transition_and_conservation,pi_trans,account,individual_policy,32,,,,none,monolithic,1,state_transition_and_conservation_32,groth16,169,0.01943533799976649,0.2839404579999609,0.23932050300027186,0.0,0.5426962989999993,803,3,True,,True,ok,
20260728T123050Z_paper_groth16,2026-07-28T12:48:47.105408+00:00,measured,2,15,33,token_policy_bundle_32_depth_8,token_policy_bundle,pi_mem+pi_null+pi_valid+pi_budget,token,composition,32,8,token_bundle_b32_d8,baseline,shared_witness,monolithic,1,token_policy_bundle_32_depth_8,groth16,5525,0.042718406000403775,0.44080834800024604,0.2519514400000844,0.0,0.7354781940007342,805,261,True,,True,ok,
20260728T123050Z_paper_groth16,2026-07-28T12:48:47.652229+00:00,measured,2,15,34,operating_limit_64,operating_limit,pi_limit,account,individual_policy,64,,,,none,monolithic,1,operating_limit_64,groth16,332,0.019784918000368634,0.28731748600011997,0.23912114599988854,0.0,0.5462235500003771,804,26,True,,True,ok,
20260728T123050Z_paper_groth16,2026-07-28T12:48:48.237320+00:00,measured,2,15,35,nullifier_correctness_poseidon,nullifier_correctness,pi_null,token,individual_policy,,,,,none,monolithic,1,nullifier_correctness_poseidon,groth16,517,0.032173960999898554,0.3065873529999408,0.24569419900035427,0.0,0.5844555130001936,803,164,True,,True,ok,
20260728T123050Z_paper_groth16,2026-07-28T12:48:48.902880+00:00,measured,2,15,36,linked_account_budget_monolithic_32,account_policy_with_privacy_budget,pi_valid+pi_trans+pi_limit+pi_budget,account,composition,32,,account_budget_b32,commitment_linked,tx_tag,monolithic,1,linked_account_budget_monolithic_32,groth16,1914,0.060725290999926074,0.34856747200001337,0.2553739290001431,1.996999799303012e-06,0.6646686889998819,806,111,True,True,True,ok,
20260728T123050Z_paper_groth16,2026-07-28T12:48:51.725933+00:00,measured,2,15,37,linked_separate_token_bundle_32_depth_16,token_policy_bundle,pi_mem+pi_null+pi_valid+pi_budget,token,composition_baseline,32,16,token_bundle_b32_d16,commitment_linked,tx_tag,separate,4,linked_token_bundle_membership_32_depth_16;linked_token_bundle_nullifier_32_depth_16;linked_token_bundle_validity_32_depth_16;linked_token_bundle_budget_32_depth_16,groth16,15434,0.22589179999977205,1.5575028339994788,1.035190129000057,2.751000010903226e-06,2.8185875139993186,3221,1368,True,True,True,ok,
20260728T123050Z_paper_groth16,2026-07-28T12:48:52.292019+00:00,measured,2,15,38,privacy_budget_16,privacy_budget,pi_budget,account,individual_policy,16,,,,none,monolithic,1,privacy_budget_16,groth16,92,0.019071972999881837,0.28990198200017403,0.2565011870001399,0.0,0.5654751420001958,804,11,True,,True,ok,
20260728T123050Z_paper_groth16,2026-07-28T12:48:52.889097+00:00,measured,2,15,39,account_policy_core_64,account_policy_core,pi_valid+pi_trans+pi_limit,account,composition,64,,account_core_b64,baseline,shared_witness,monolithic,1,account_policy_core_64,groth16,666,0.021175050000238116,0.3060160979998727,0.26928915999997116,0.0,0.596480308000082,805,26,True,,True,ok,
20260728T123050Z_paper_groth16,2026-07-28T12:48:53.467517+00:00,measured,2,15,40,operating_limit_32,operating_limit,pi_limit,account,individual_policy,32,,,,none,monolithic,1,operating_limit_32,groth16,172,0.01923244199997498,0.3079080789998443,0.25065279399996143,0.0,0.5777933149997807,804,16,True,,True,ok,
20260728T123050Z_paper_groth16,2026-07-28T12:48:55.752960+00:00,measured,2,15,41,separate_account_budget_32,account_policy_with_privacy_budget,pi_valid+pi_trans+pi_limit+pi_budget,account,composition_baseline,32,,account_budget_b32,baseline,unbound,separate,4,local_financial_validity_32;state_transition_and_conservation_32;operating_limit_32;privacy_budget_32,groth16,617,0.0777198179998777,1.1723311990003822,1.0333197539998764,0.0,2.2833707710001363,3224,38,True,,True,ok,
20260728T123050Z_paper_groth16,2026-07-28T12:48:56.318237+00:00,measured,2,15,42,local_financial_validity_32,local_financial_validity,pi_valid,account,individual_policy,32,,,,none,monolithic,1,local_financial_validity_32,groth16,104,0.021808626000165532,0.293538634000015,0.24893454599987308,0.0,0.5642818060000536,806,3,True,,True,ok,
20260728T123050Z_paper_groth16,2026-07-28T12:48:56.900282+00:00,measured,2,15,43,privacy_budget_64,privacy_budget,pi_budget,account,individual_policy,64,,,,none,monolithic,1,privacy_budget_64,groth16,332,0.025424537000162672,0.29446171299969137,0.26155617499989603,0.0,0.5814424249997501,806,26,True,,True,ok,
20260728T123050Z_paper_groth16,2026-07-28T12:48:59.190228+00:00,measured,2,15,44,separate_account_budget_64,account_policy_with_privacy_budget,pi_valid+pi_trans+pi_limit+pi_budget,account,composition_baseline,64,,account_budget_b64,baseline,unbound,separate,4,local_financial_validity_64;state_transition_and_conservation_64;operating_limit_64;privacy_budget_64,groth16,1193,0.08340159599947583,1.170535108999502,1.033561694000582,0.0,2.28749839899956,3222,58,True,,True,ok,
20260728T123050Z_paper_groth16,2026-07-28T12:49:00.941201+00:00,measured,2,15,45,separate_account_core_32,account_policy_core,pi_valid+pi_trans+pi_limit,account,composition_baseline,32,,account_core_b32,baseline,unbound,separate,3,local_financial_validity_32;state_transition_and_conservation_32;operating_limit_32,groth16,445,0.05962081700045019,0.9140269550002813,0.7756326799999442,0.0,1.7492804520006757,2417,22,True,,True,ok,
20260728T123050Z_paper_groth16,2026-07-28T12:49:01.516419+00:00,measured,2,15,46,account_policy_core_16,account_policy_core,pi_valid+pi_trans+pi_limit,account,composition,16,,account_core_b16,baseline,shared_witness,monolithic,1,account_policy_core_16,groth16,186,0.021394374999999854,0.28814457200041943,0.26505561600015426,0.0,0.5745945630005735,805,12,True,,True,ok,
20260728T123050Z_paper_groth16,2026-07-28T12:49:02.519515+00:00,measured,2,16,1,token_policy_bundle_32_depth_32,token_policy_bundle,pi_mem+pi_null+pi_valid+pi_budget,token,composition,32,32,token_bundle_b32_d32,baseline,shared_witness,monolithic,1,token_policy_bundle_32_depth_32,groth16,18005,0.04923223100013274,0.690254307000032,0.26293412199993327,0.0,1.002420660000098,805,261,True,,True,ok,
20260728T123050Z_paper_groth16,2026-07-28T12:49:03.095909+00:00,measured,2,16,2,operating_limit_64,operating_limit,pi_limit,account,individual_policy,64,,,,none,monolithic,1,operating_limit_64,groth16,332,0.021494302000064636,0.30786533099990265,0.24643033699976513,0.0,0.5757899699997324,804,26,True,,True,ok,
20260728T123050Z_paper_groth16,2026-07-28T12:49:03.679098+00:00,measured,2,16,3,state_transition_and_conservation_32,state_transition_and_conservation,pi_trans,account,individual_policy,32,,,,none,monolithic,1,state_transition_and_conservation_32,groth16,169,0.02108647499971994,0.3112388680001459,0.2501309469998887,0.0,0.5824562899997545,806,3,True,,True,ok,
20260728T123050Z_paper_groth16,2026-07-28T12:49:04.853194+00:00,measured,2,16,4,separate_valid_limit_32,local_validity_and_operating_limit,pi_valid+pi_limit,account,composition_baseline,32,,valid_limit_b32,baseline,unbound,separate,2,local_financial_validity_32;operating_limit_32,groth16,276,0.04180971000005229,0.5769915620003303,0.5541453049995653,0.0,1.1729465769999479,1614,19,True,,True,ok,
20260728T123050Z_paper_groth16,2026-07-28T12:49:05.498645+00:00,measured,2,16,5,account_policy_core_64,account_policy_core,pi_valid+pi_trans+pi_limit,account,composition,64,,account_core_b64,baseline,shared_witness,monolithic,1,account_policy_core_64,groth16,666,0.02760888500006331,0.3449658529998487,0.27212261700015006,0.0,0.6446973550000621,807,26,True,,True,ok,
20260728T123050Z_paper_groth16,2026-07-28T12:49:06.062241+00:00,measured,2,16,6,local_financial_validity_16,local_financial_validity,pi_valid,account,individual_policy,16,,,,none,monolithic,1,local_financial_validity_16,groth16,56,0.02098124700023618,0.2871871749998718,0.25480638500039277,0.0,0.5629748070005007,803,3,True,,True,ok,
20260728T123050Z_paper_groth16,2026-07-28T12:49:06.642027+00:00,measured,2,16,7,local_validity_and_operating_limit_64,local_validity_and_operating_limit,pi_valid+pi_limit,account,composition,64,,valid_limit_b64,baseline,shared_witness,monolithic,1,local_validity_and_operating_limit_64,groth16,467,0.020885293999981513,0.29731112199988274,0.26084067500005403,0.0,0.5790370909999183,806,26,True,,True,ok,
20260728T123050Z_paper_groth16,2026-07-28T12:49:07.384126+00:00,measured,2,16,8,token_policy_bundle_32_depth_8,token_policy_bundle,pi_mem+pi_null+pi_valid+pi_budget,token,composition,32,8,token_bundle_b32_d8,baseline,shared_witness,monolithic,1,token_policy_bundle_32_depth_8,groth16,5525,0.04482795300009457,0.44252228400000604,0.2541208189995814,0.0,0.741471055999682,808,261,True,,True,ok,
20260728T123050Z_paper_groth16,2026-07-28T12:49:07.947430+00:00,measured,2,16,9,local_validity_and_operating_limit_16,local_validity_and_operating_limit,pi_valid+pi_limit,account,composition,16,,valid_limit_b16,baseline,shared_witness,monolithic,1,local_validity_and_operating_limit_16,groth16,131,0.020076999999673717,0.2902881380000508,0.2523369369996544,0.0,0.562702074999379,801,12,True,,True,ok,
20260728T123050Z_paper_groth16,2026-07-28T12:49:08.541120+00:00,measured,2,16,10,local_financial_validity_32,local_financial_validity,pi_valid,account,individual_policy,32,,,,none,monolithic,1,local_financial_validity_32,groth16,104,0.019264640000073996,0.3087411989999964,0.2650691200001347,0.0,0.5930749590002051,804,3,True,,True,ok,
20260728T123050Z_paper_groth16,2026-07-28T12:49:09.098672+00:00,measured,2,16,11,local_validity_and_operating_limit_32,local_validity_and_operating_limit,pi_valid+pi_limit,account,composition,32,,valid_limit_b32,baseline,shared_witness,monolithic,1,local_validity_and_operating_limit_32,groth16,243,0.02019445599989922,0.28233828800011906,0.2541894810001395,0.0,0.5567222250001578,803,16,True,,True,ok,
20260728T123050Z_paper_groth16,2026-07-28T12:49:10.000059+00:00,measured,2,16,12,token_policy_bundle_32_depth_16,token_policy_bundle,pi_mem+pi_null+pi_valid+pi_budget,token,composition,32,16,token_bundle_b32_d16,baseline,shared_witness,monolithic,1,token_policy_bundle_32_depth_16,groth16,9685,0.04581710899992686,0.588266859000214,0.26664041300000463,0.0,0.9007243810001455,807,260,True,,True,ok,
20260728T123050Z_paper_groth16,2026-07-28T12:49:11.141624+00:00,measured,2,16,13,separate_valid_limit_16,local_validity_and_operating_limit,pi_valid+pi_limit,account,composition_baseline,16,,valid_limit_b16,baseline,unbound,separate,2,local_financial_validity_16;operating_limit_16,groth16,148,0.040645486999892455,0.5749536499997703,0.5247287009997308,0.0,1.1403278379993935,1614,15,True,,True,ok,
20260728T123050Z_paper_groth16,2026-07-28T12:49:11.735527+00:00,measured,2,16,14,account_policy_core_16,account_policy_core,pi_valid+pi_trans+pi_limit,account,composition,16,,account_core_b16,baseline,shared_witness,monolithic,1,account_policy_core_16,groth16,186,0.019986735000202316,0.2911195140000018,0.28218026700005794,0.0,0.593286516000262,806,12,True,,True,ok,
20260728T123050Z_paper_groth16,2026-07-28T12:49:12.554432+00:00,measured,2,16,15,merkle_membership_depth_16,merkle_membership,pi_mem,token,individual_policy,,16,,,none,monolithic,1,merkle_membership_depth_16,groth16,8320,0.04003526199994667,0.5200374229998488,0.2580142030001298,0.0,0.8180868879999252,805,84,True,,True,ok,
20260728T123050Z_paper_groth16,2026-07-28T12:49:14.854999+00:00,measured,2,16,16,separate_account_budget_64,account_policy_with_privacy_budget,pi_valid+pi_trans+pi_limit+pi_budget,account,composition_baseline,64,,account_budget_b64,baseline,unbound,separate,4,local_financial_validity_64;state_transition_and_conservation_64;operating_limit_64;privacy_budget_64,groth16,1193,0.0855756310002107,1.1713800610000362,1.0412657710007807,0.0,2.2982214630010276,3221,58,True,,True,ok,
20260728T123050Z_paper_groth16,2026-07-28T12:49:15.411177+00:00,measured,2,16,17,operating_limit_16,operating_limit,pi_limit,account,individual_policy,16,,,,none,monolithic,1,operating_limit_16,groth16,92,0.022208159000001615,0.2812835129998348,0.25199982200001614,0.0,0.5554914939998525,806,12,True,,True,ok,
20260728T123050Z_paper_groth16,2026-07-28T12:49:17.170224+00:00,measured,2,16,18,separate_account_core_16,account_policy_core,pi_valid+pi_trans+pi_limit,account,composition_baseline,16,,account_core_b16,baseline,unbound,separate,3,local_financial_validity_16;state_transition_and_conservation_16;operating_limit_16,groth16,237,0.05913863300020239,0.897031419999621,0.8012376849997054,0.0,1.7574077379995288,2411,18,True,,True,ok,
20260728T123050Z_paper_groth16,2026-07-28T12:49:17.830575+00:00,measured,2,16,19,linked_account_budget_monolithic_32,account_policy_with_privacy_budget,pi_valid+pi_trans+pi_limit+pi_budget,account,composition,32,,account_budget_b32,commitment_linked,tx_tag,monolithic,1,linked_account_budget_monolithic_32,groth16,1914,0.05763280900009704,0.33881217399994057,0.2629914449998978,2.2730000637238845e-06,0.6594387009999991,804,111,True,True,True,ok,
20260728T123050Z_paper_groth16,2026-07-28T12:49:20.480935+00:00,measured,2,16,20,separate_token_bundle_32_depth_16,token_policy_bundle,pi_mem+pi_null+pi_valid+pi_budget,token,composition_baseline,32,16,token_bundle_b32_d16,baseline,unbound,separate,4,merkle_membership_depth_16;nullifier_correctness_poseidon;local_financial_validity_32;privacy_budget_32,groth16,9113,0.11518929199974082,1.471879374000764,1.0610344239998994,0.0,2.6481030900004043,3217,267,True,,True,ok,
20260728T123050Z_paper_groth16,2026-07-28T12:49:21.113998+00:00,measured,2,16,21,account_policy_with_privacy_budget_16,account_policy_with_privacy_budget,pi_valid+pi_trans+pi_limit+pi_budget,account,composition,16,,account_budget_b16,baseline,shared_witness,monolithic,1,account_policy_with_privacy_budget_16,groth16,261,0.025897795000219048,0.32730022300029304,0.27905826900041575,0.0,0.6322562870009278,806,21,True,,True,ok,
20260728T123050Z_paper_groth16,2026-07-28T12:49:21.722069+00:00,measured,2,16,22,privacy_budget_64,privacy_budget,pi_budget,account,individual_policy,64,,,,none,monolithic,1,privacy_budget_64,groth16,332,0.021471255999585992,0.3143836320000446,0.271609344999888,0.0,0.6074642329995186,806,26,True,,True,ok,
20260728T123050Z_paper_groth16,2026-07-28T12:49:24.645485+00:00,measured,2,16,23,linked_separate_token_bundle_32_depth_16,token_policy_bundle,pi_mem+pi_null+pi_valid+pi_budget,token,composition_baseline,32,16,token_bundle_b32_d16,commitment_linked,tx_tag,separate,4,linked_token_bundle_membership_32_depth_16;linked_token_bundle_nullifier_32_depth_16;linked_token_bundle_validity_32_depth_16;linked_token_bundle_budget_32_depth_16,groth16,15434,0.24045210999975097,1.5791563570001017,1.09918530799996,3.053999989788281e-06,2.9187968289998025,3220,1368,True,True,True,ok,
20260728T123050Z_paper_groth16,2026-07-28T12:49:25.283872+00:00,measured,2,16,24,linked_valid_limit_monolithic_32,local_validity_and_operating_limit,pi_valid+pi_limit,account,composition,32,,valid_limit_b32,commitment_linked,tx_tag,monolithic,1,linked_valid_limit_monolithic_32,groth16,1210,0.03987026499999047,0.3344721349999418,0.2632367589999376,1.976000021386426e-06,0.6375811349998912,805,98,True,True,True,ok,
20260728T123050Z_paper_groth16,2026-07-28T12:49:26.423057+00:00,measured,2,16,25,separate_valid_limit_64,local_validity_and_operating_limit,pi_valid+pi_limit,account,composition_baseline,64,,valid_limit_b64,baseline,unbound,separate,2,local_financial_validity_64;operating_limit_64,groth16,532,0.04261515999951371,0.5892669010004283,0.5058835370000452,0.0,1.1377655979999872,1611,29,True,,True,ok,
20260728T123050Z_paper_groth16,2026-07-28T12:49:27.414130+00:00,measured,2,16,26,merkle_membership_depth_32,merkle_membership,pi_mem,token,individual_policy,,32,,,none,monolithic,1,merkle_membership_depth_32,groth16,16640,0.040831810000327096,0.7011555100002624,0.24840931599965188,0.0,0.9903966360002414,807,84,True,,True,ok,
20260728T123050Z_paper_groth16,2026-07-28T12:49:27.971376+00:00,measured,2,16,27,local_financial_validity_64,local_financial_validity,pi_valid,account,individual_policy,64,,,,none,monolithic,1,local_financial_validity_64,groth16,200,0.020093993000045884,0.2880439519999527,0.24850537800011807,0.0,0.5566433230001167,807,3,True,,True,ok,
20260728T123050Z_paper_groth16,2026-07-28T12:49:28.594819+00:00,measured,2,16,28,nullifier_correctness_poseidon,nullifier_correctness,pi_null,token,individual_policy,,,,,none,monolithic,1,nullifier_correctness_poseidon,groth16,517,0.03216693200010923,0.30275116200027696,0.28791022700033864,0.0,0.6228283210007248,805,164,True,,True,ok,
20260728T123050Z_paper_groth16,2026-07-28T12:49:29.165974+00:00,measured,2,16,29,state_transition_and_conservation_64,state_transition_and_conservation,pi_trans,account,individual_policy,64,,,,none,monolithic,1,state_transition_and_conservation_64,groth16,329,0.02058269500003007,0.29698127600022417,0.2528767449998668,0.0,0.570440716000121,806,3,True,,True,ok,
20260728T123050Z_paper_groth16,2026-07-28T12:49:30.440566+00:00,measured,2,16,30,linked_separate_valid_limit_32,local_validity_and_operating_limit,pi_valid+pi_limit,account,composition_baseline,32,,valid_limit_b32,commitment_linked,tx_tag,separate,2,linked_valid_limit_validity_32;linked_valid_limit_limit_32,groth16,2210,0.08017903699965245,0.6818961180001679,0.5109667040001113,3.012999968632357e-06,1.2730448719999004,1610,196,True,True,True,ok,
20260728T123050Z_paper_groth16,2026-07-28T12:49:32.722413+00:00,measured,2,16,31,separate_account_budget_32,account_policy_with_privacy_budget,pi_valid+pi_trans+pi_limit+pi_budget,account,composition_baseline,32,,account_budget_b32,baseline,unbound,separate,4,local_financial_validity_32;state_transition_and_conservation_32;operating_limit_32;privacy_budget_32,groth16,617,0.07572718600022199,1.1588815810000597,1.0449960249998185,0.0,2.2796047920001,3223,38,True,,True,ok,
20260728T123050Z_paper_groth16,2026-07-28T12:49:34.460980+00:00,measured,2,16,32,separate_account_core_64,account_policy_core,pi_valid+pi_trans+pi_limit,account,composition_baseline,64,,account_core_b64,baseline,unbound,separate,3,local_financial_validity_64;state_transition_and_conservation_64;operating_limit_64,groth16,861,0.0669034229999852,0.8917366220002805,0.7782790999999634,0.0,1.736919145000229,2412,32,True,,True,ok,
20260728T123050Z_paper_groth16,2026-07-28T12:49:35.069032+00:00,measured,2,16,33,account_policy_with_privacy_budget_64,account_policy_with_privacy_budget,pi_valid+pi_trans+pi_limit+pi_budget,account,composition,64,,account_budget_b64,baseline,shared_witness,monolithic,1,account_policy_with_privacy_budget_64,groth16,933,0.022495253999750275,0.312234012999852,0.2726136940000288,0.0,0.607342960999631,806,50,True,,True,ok,
20260728T123050Z_paper_groth16,2026-07-28T12:49:37.399273+00:00,measured,2,16,34,separate_account_budget_16,account_policy_with_privacy_budget,pi_valid+pi_trans+pi_limit+pi_budget,account,composition_baseline,16,,account_budget_b16,baseline,unbound,separate,4,local_financial_validity_16;state_transition_and_conservation_16;operating_limit_16;privacy_budget_16,groth16,329,0.07551111699967805,1.1993420659996445,1.05317238599946,0.0,2.3280255689987825,3219,29,True,,True,ok,
20260728T123050Z_paper_groth16,2026-07-28T12:49:37.961015+00:00,measured,2,16,35,operating_limit_32,operating_limit,pi_limit,account,individual_policy,32,,,,none,monolithic,1,operating_limit_32,groth16,172,0.022059086999888677,0.28882755500035273,0.2502093269999932,0.0,0.5610959690002346,805,16,True,,True,ok,
20260728T123050Z_paper_groth16,2026-07-28T12:49:38.887475+00:00,measured,2,16,36,linked_token_bundle_monolithic_32_depth_16,token_policy_bundle,pi_mem+pi_null+pi_valid+pi_budget,token,composition,32,16,token_bundle_b32_d16,commitment_linked,tx_tag,monolithic,1,linked_token_bundle_monolithic_32_depth_16,groth16,11114,0.06147429899965573,0.5798555920000581,0.282578915999693,2.3450002117897384e-06,0.9239111519996186,804,342,True,True,True,ok,
20260728T123050Z_paper_groth16,2026-07-28T12:49:41.605928+00:00,measured,2,16,37,separate_token_bundle_32_depth_32,token_policy_bundle,pi_mem+pi_null+pi_valid+pi_budget,token,composition_baseline,32,32,token_bundle_b32_d32,baseline,unbound,separate,4,merkle_membership_depth_32;nullifier_correctness_poseidon;local_financial_validity_32;privacy_budget_32,groth16,17433,0.11112305999995442,1.5464272149993121,1.0587451860001238,0.0,2.7162954609993903,3221,267,True,,True,ok,
20260728T123050Z_paper_groth16,2026-07-28T12:49:42.340055+00:00,measured,2,16,38,merkle_membership_depth_8,merkle_membership,pi_mem,token,individual_policy,,8,,,none,monolithic,1,merkle_membership_depth_8,groth16,4160,0.040219512000021496,0.42150864200038995,0.2717440000001261,0.0,0.7334721540005376,807,84,True,,True,ok,
20260728T123050Z_paper_groth16,2026-07-28T12:49:44.043267+00:00,measured,2,16,39,separate_account_core_32,account_policy_core,pi_valid+pi_trans+pi_limit,account,composition_baseline,32,,account_core_b32,baseline,unbound,separate,3,local_financial_validity_32;state_transition_and_conservation_32;operating_limit_32,groth16,445,0.0620245180002712,0.8702686510000603,0.7692884419993788,0.0,1.7015816109997104,2413,22,True,,True,ok,
20260728T123050Z_paper_groth16,2026-07-28T12:49:44.592323+00:00,measured,2,16,40,state_transition_and_conservation_16,state_transition_and_conservation,pi_trans,account,individual_policy,16,,,,none,monolithic,1,state_transition_and_conservation_16,groth16,89,0.022043290000056004,0.276235464000365,0.25014652099980594,0.0,0.548425275000227,805,3,True,,True,ok,
20260728T123050Z_paper_groth16,2026-07-28T12:49:45.249023+00:00,measured,2,16,41,account_policy_core_32,account_policy_core,pi_valid+pi_trans+pi_limit,account,composition,32,,account_core_b32,baseline,shared_witness,monolithic,1,account_policy_core_32,groth16,346,0.020625040999675548,0.3518035950000922,0.2823701530001017,0.0,0.6547987889998694,806,16,True,,True,ok,
20260728T123050Z_paper_groth16,2026-07-28T12:49:45.827643+00:00,measured,2,16,42,privacy_budget_32,privacy_budget,pi_budget,account,individual_policy,32,,,,none,monolithic,1,privacy_budget_32,groth16,172,0.02047787099991183,0.29767604599965125,0.25978376600005504,0.0,0.5779376829996181,808,16,True,,True,ok,
20260728T123050Z_paper_groth16,2026-07-28T12:49:48.306285+00:00,measured,2,16,43,separate_token_bundle_32_depth_8,token_policy_bundle,pi_mem+pi_null+pi_valid+pi_budget,token,composition_baseline,32,8,token_bundle_b32_d8,baseline,unbound,separate,4,merkle_membership_depth_8;nullifier_correctness_poseidon;local_financial_validity_32;privacy_budget_32,groth16,4953,0.11467095799935123,1.323815330999878,1.0379882810002528,0.0,2.476474569999482,3219,267,True,,True,ok,
20260728T123050Z_paper_groth16,2026-07-28T12:49:50.977179+00:00,measured,2,16,44,linked_separate_account_budget_32,account_policy_with_privacy_budget,pi_valid+pi_trans+pi_limit+pi_budget,account,composition_baseline,32,,account_budget_b32,commitment_linked,tx_tag,separate,4,linked_account_budget_validity_32;linked_account_budget_transition_32;linked_account_budget_limit_32;linked_account_budget_budget_32,groth16,6333,0.2331881499994779,1.3417543470000055,1.083975879999798,2.922000021499116e-06,2.658921298999303,3214,444,True,True,True,ok,
20260728T123050Z_paper_groth16,2026-07-28T12:49:51.559687+00:00,measured,2,16,45,account_policy_with_privacy_budget_32,account_policy_with_privacy_budget,pi_valid+pi_trans+pi_limit+pi_budget,account,composition,32,,account_budget_b32,baseline,shared_witness,monolithic,1,account_policy_with_privacy_budget_32,groth16,485,0.021713081000143575,0.2983088300002237,0.2615227070000401,0.0,0.5815446180004074,806,30,True,,True,ok,
20260728T123050Z_paper_groth16,2026-07-28T12:49:52.134113+00:00,measured,2,16,46,privacy_budget_16,privacy_budget,pi_budget,account,individual_policy,16,,,,none,monolithic,1,privacy_budget_16,groth16,92,0.01981188400031897,0.30846241500012184,0.24553086400010216,0.0,0.573805163000543,807,11,True,,True,ok,
20260728T123050Z_paper_groth16,2026-07-28T12:49:53.823347+00:00,measured,2,17,1,separate_account_core_64,account_policy_core,pi_valid+pi_trans+pi_limit,account,composition_baseline,64,,account_core_b64,baseline,unbound,separate,3,local_financial_validity_64;state_transition_and_conservation_64;operating_limit_64,groth16,861,0.05876374100034809,0.8595062919994234,0.7693462929996713,0.0,1.6876163259994428,2419,32,True,,True,ok,
20260728T123050Z_paper_groth16,2026-07-28T12:49:56.807707+00:00,measured,2,17,2,separate_token_bundle_32_depth_32,token_policy_bundle,pi_mem+pi_null+pi_valid+pi_budget,token,composition_baseline,32,32,token_bundle_b32_d32,baseline,unbound,separate,4,merkle_membership_depth_32;nullifier_correctness_poseidon;local_financial_validity_32;privacy_budget_32,groth16,17433,0.12590954500046792,1.7425753530001202,1.1132723939999778,0.0,2.981757292000566,3222,267,True,,True,ok,
20260728T123050Z_paper_groth16,2026-07-28T12:49:57.713455+00:00,measured,2,17,3,linked_token_bundle_monolithic_32_depth_16,token_policy_bundle,pi_mem+pi_null+pi_valid+pi_budget,token,composition,32,16,token_bundle_b32_d16,commitment_linked,tx_tag,monolithic,1,linked_token_bundle_monolithic_32_depth_16,groth16,11114,0.06458316499993089,0.5659604960001161,0.27207861499982755,2.264999693579739e-06,0.9026245409995681,807,342,True,True,True,ok,
20260728T123050Z_paper_groth16,2026-07-28T12:49:58.298014+00:00,measured,2,17,4,local_validity_and_operating_limit_32,local_validity_and_operating_limit,pi_valid+pi_limit,account,composition,32,,valid_limit_b32,baseline,shared_witness,monolithic,1,local_validity_and_operating_limit_32,groth16,243,0.022395976000098017,0.29969770800016704,0.2618703769999229,0.0,0.5839640610001879,807,16,True,,True,ok,
20260728T123050Z_paper_groth16,2026-07-28T12:49:59.113322+00:00,measured,2,17,5,token_policy_bundle_32_depth_16,token_policy_bundle,pi_mem+pi_null+pi_valid+pi_budget,token,composition,32,16,token_bundle_b32_d16,baseline,shared_witness,monolithic,1,token_policy_bundle_32_depth_16,groth16,9685,0.04397793800035288,0.5298123729999134,0.2406593369996699,0.0,0.8144496479999361,806,260,True,,True,ok,
20260728T123050Z_paper_groth16,2026-07-28T12:50:00.214913+00:00,measured,2,17,6,separate_valid_limit_32,local_validity_and_operating_limit,pi_valid+pi_limit,account,composition_baseline,32,,valid_limit_b32,baseline,unbound,separate,2,local_financial_validity_32;operating_limit_32,groth16,276,0.038819299999886425,0.5655649569998786,0.49613838899995244,0.0,1.1005226459997175,1608,19,True,,True,ok,
20260728T123050Z_paper_groth16,2026-07-28T12:50:00.774485+00:00,measured,2,17,7,operating_limit_16,operating_limit,pi_limit,account,individual_policy,16,,,,none,monolithic,1,operating_limit_16,groth16,92,0.019935789999635745,0.27293941099969743,0.2579815750000307,0.0,0.5508567759993639,803,12,True,,True,ok,
20260728T123050Z_paper_groth16,2026-07-28T12:50:01.419347+00:00,measured,2,17,8,linked_account_budget_monolithic_32,account_policy_with_privacy_budget,pi_valid+pi_trans+pi_limit+pi_budget,account,composition,32,,account_budget_b32,commitment_linked,tx_tag,monolithic,1,linked_account_budget_monolithic_32,groth16,1914,0.058898430000226654,0.32919782700037103,0.2558556540002428,2.0470001800276805e-06,0.6439539580010205,807,111,True,True,True,ok,
20260728T123050Z_paper_groth16,2026-07-28T12:50:03.665087+00:00,measured,2,17,9,separate_account_budget_32,account_policy_with_privacy_budget,pi_valid+pi_trans+pi_limit+pi_budget,account,composition_baseline,32,,account_budget_b32,baseline,unbound,separate,4,local_financial_validity_32;state_transition_and_conservation_32;operating_limit_32;privacy_budget_32,groth16,617,0.07783278600072663,1.1481445160002295,1.0177278650003245,0.0,2.2437051670012806,3223,38,True,,True,ok,
20260728T123050Z_paper_groth16,2026-07-28T12:50:04.262915+00:00,measured,2,17,10,account_policy_core_64,account_policy_core,pi_valid+pi_trans+pi_limit,account,composition,64,,account_core_b64,baseline,shared_witness,monolithic,1,account_policy_core_64,groth16,666,0.02156101699983992,0.3064478119999876,0.2688712949998262,0.0,0.5968801239996537,805,26,True,,True,ok,
20260728T123050Z_paper_groth16,2026-07-28T12:50:04.820624+00:00,measured,2,17,11,local_financial_validity_64,local_financial_validity,pi_valid,account,individual_policy,64,,,,none,monolithic,1,local_financial_validity_64,groth16,200,0.02267401599965524,0.29410688500001925,0.24032370600025388,0.0,0.5571046069999284,808,3,True,,True,ok,
20260728T123050Z_paper_groth16,2026-07-28T12:50:05.987139+00:00,measured,2,17,12,separate_valid_limit_64,local_validity_and_operating_limit,pi_valid+pi_limit,account,composition_baseline,64,,valid_limit_b64,baseline,unbound,separate,2,local_financial_validity_64;operating_limit_64,groth16,532,0.04253586200047721,0.6015164880000157,0.52136462999988,0.0,1.1654169800003729,1610,29,True,,True,ok,
20260728T123050Z_paper_groth16,2026-07-28T12:50:06.588372+00:00,measured,2,17,13,operating_limit_32,operating_limit,pi_limit,account,individual_policy,32,,,,none,monolithic,1,operating_limit_32,groth16,172,0.018759452999802306,0.3202019869995638,0.26165280300028826,0.0,0.6006142429996544,808,16,True,,True,ok,
20260728T123050Z_paper_groth16,2026-07-28T12:50:07.138231+00:00,measured,2,17,14,local_financial_validity_16,local_financial_validity,pi_valid,account,individual_policy,16,,,,none,monolithic,1,local_financial_validity_16,groth16,56,0.01998845900016022,0.2853273020000415,0.24394118800000797,0.0,0.5492569490002097,806,3,True,,True,ok,
20260728T123050Z_paper_groth16,2026-07-28T12:50:07.690613+00:00,measured,2,17,15,state_transition_and_conservation_64,state_transition_and_conservation,pi_trans,account,individual_policy,64,,,,none,monolithic,1,state_transition_and_conservation_64,groth16,329,0.021996695999860094,0.2857007259999591,0.2439332670001022,0.0,0.5516306889999214,804,3,True,,True,ok,
20260728T123050Z_paper_groth16,2026-07-28T12:50:08.246249+00:00,measured,2,17,16,state_transition_and_conservation_16,state_transition_and_conservation,pi_trans,account,individual_policy,16,,,,none,monolithic,1,state_transition_and_conservation_16,groth16,89,0.01902405100008764,0.2877547390003201,0.2482404630000019,0.0,0.5550192530004097,803,3,True,,True,ok,
20260728T123050Z_paper_groth16,2026-07-28T12:50:09.262141+00:00,measured,2,17,17,merkle_membership_depth_32,merkle_membership,pi_mem,token,individual_policy,,32,,,none,monolithic,1,merkle_membership_depth_32,groth16,16640,0.04466477300002225,0.7102597389998664,0.2602035310001156,0.0,1.0151280430000043,806,84,True,,True,ok,
20260728T123050Z_paper_groth16,2026-07-28T12:50:09.850580+00:00,measured,2,17,18,local_validity_and_operating_limit_64,local_validity_and_operating_limit,pi_valid+pi_limit,account,composition,64,,valid_limit_b64,baseline,shared_witness,monolithic,1,local_validity_and_operating_limit_64,groth16,467,0.023723308000171528,0.3025884639996548,0.2615248940001038,0.0,0.5878366659999301,807,26,True,,True,ok,
20260728T123050Z_paper_groth16,2026-07-28T12:50:10.871758+00:00,measured,2,17,19,token_policy_bundle_32_depth_32,token_policy_bundle,pi_mem+pi_null+pi_valid+pi_budget,token,composition,32,32,token_bundle_b32_d32,baseline,shared_witness,monolithic,1,token_policy_bundle_32_depth_32,groth16,18005,0.051645004999954836,0.6938058509999792,0.2749904610000158,0.0,1.0204413169999498,804,261,True,,True,ok,
20260728T123050Z_paper_groth16,2026-07-28T12:50:11.442749+00:00,measured,2,17,20,state_transition_and_conservation_32,state_transition_and_conservation,pi_trans,account,individual_policy,32,,,,none,monolithic,1,state_transition_and_conservation_32,groth16,169,0.01999403199988592,0.2815642040000057,0.2688164719997985,0.0,0.5703747079996901,805,3,True,,True,ok,
20260728T123050Z_paper_groth16,2026-07-28T12:50:12.074478+00:00,measured,2,17,21,operating_limit_64,operating_limit,pi_limit,account,individual_policy,64,,,,none,monolithic,1,operating_limit_64,groth16,332,0.023575834999974177,0.3449862879997454,0.26250646199969196,0.0,0.6310685849994115,804,26,True,,True,ok,
20260728T123050Z_paper_groth16,2026-07-28T12:50:12.912111+00:00,measured,2,17,22,merkle_membership_depth_16,merkle_membership,pi_mem,token,individual_policy,,16,,,none,monolithic,1,merkle_membership_depth_16,groth16,8320,0.0411147519998849,0.5304585659996519,0.2653835830001299,0.0,0.8369569009996667,805,84,True,,True,ok,
20260728T123050Z_paper_groth16,2026-07-28T12:50:13.476263+00:00,measured,2,17,23,privacy_budget_16,privacy_budget,pi_budget,account,individual_policy,16,,,,none,monolithic,1,privacy_budget_16,groth16,92,0.021073433000310615,0.26917417799995746,0.27328259000023536,0.0,0.5635302010005034,807,11,True,,True,ok,
20260728T123050Z_paper_groth16,2026-07-28T12:50:14.058815+00:00,measured,2,17,24,account_policy_with_privacy_budget_32,account_policy_with_privacy_budget,pi_valid+pi_trans+pi_limit+pi_budget,account,composition,32,,account_budget_b32,baseline,shared_witness,monolithic,1,account_policy_with_privacy_budget_32,groth16,485,0.02010205299984591,0.3070698659998925,0.25471229000004314,0.0,0.5818842089997815,807,30,True,,True,ok,
20260728T123050Z_paper_groth16,2026-07-28T12:50:16.613402+00:00,measured,2,17,25,separate_token_bundle_32_depth_8,token_policy_bundle,pi_mem+pi_null+pi_valid+pi_budget,token,composition_baseline,32,8,token_bundle_b32_d8,baseline,unbound,separate,4,merkle_membership_depth_8;nullifier_correctness_poseidon;local_financial_validity_32;privacy_budget_32,groth16,4953,0.11044355100011671,1.3447551949998342,1.0964622450001116,0.0,2.5516609910000625,3213,267,True,,True,ok,
20260728T123050Z_paper_groth16,2026-07-28T12:50:17.244282+00:00,measured,2,17,26,nullifier_correctness_poseidon,nullifier_correctness,pi_null,token,individual_policy,,,,,none,monolithic,1,nullifier_correctness_poseidon,groth16,517,0.033848148999823024,0.3277392330001021,0.2686413790002007,0.0,0.6302287610001258,803,164,True,,True,ok,
20260728T123050Z_paper_groth16,2026-07-28T12:50:19.527776+00:00,measured,2,17,27,separate_account_budget_16,account_policy_with_privacy_budget,pi_valid+pi_trans+pi_limit+pi_budget,account,composition_baseline,16,,account_budget_b16,baseline,unbound,separate,4,local_financial_validity_16;state_transition_and_conservation_16;operating_limit_16;privacy_budget_16,groth16,329,0.07743970999990779,1.17394585700049,1.029774544999782,0.0,2.2811601120001797,3223,29,True,,True,ok,
20260728T123050Z_paper_groth16,2026-07-28T12:50:20.125293+00:00,measured,2,17,28,privacy_budget_32,privacy_budget,pi_budget,account,individual_policy,32,,,,none,monolithic,1,privacy_budget_32,groth16,172,0.021536204000312864,0.30478913300021304,0.27051857400010704,0.0,0.5968439110006329,806,16,True,,True,ok,
20260728T123050Z_paper_groth16,2026-07-28T12:50:20.929034+00:00,measured,2,17,29,token_policy_bundle_32_depth_8,token_policy_bundle,pi_mem+pi_null+pi_valid+pi_budget,token,composition,32,8,token_bundle_b32_d8,baseline,shared_witness,monolithic,1,token_policy_bundle_32_depth_8,groth16,5525,0.047647102999690105,0.49699856600000203,0.2581625930001792,0.0,0.8028082619998713,806,261,True,,True,ok,
20260728T123050Z_paper_groth16,2026-07-28T12:50:22.681879+00:00,measured,2,17,30,separate_account_core_16,account_policy_core,pi_valid+pi_trans+pi_limit,account,composition_baseline,16,,account_core_b16,baseline,unbound,separate,3,local_financial_validity_16;state_transition_and_conservation_16;operating_limit_16,groth16,237,0.06200938100027997,0.9087903109993931,0.7804463649995341,0.0,1.7512460569992072,2410,18,True,,True,ok,
20260728T123050Z_paper_groth16,2026-07-28T12:50:25.012835+00:00,measured,2,17,31,separate_account_budget_64,account_policy_with_privacy_budget,pi_valid+pi_trans+pi_limit+pi_budget,account,composition_baseline,64,,account_budget_b64,baseline,unbound,separate,4,local_financial_validity_64;state_transition_and_conservation_64;operating_limit_64;privacy_budget_64,groth16,1193,0.08717723500058128,1.1937299749997692,1.047485852000591,0.0,2.3283930620009414,3219,58,True,,True,ok,
20260728T123050Z_paper_groth16,2026-07-28T12:50:25.586288+00:00,measured,2,17,32,local_validity_and_operating_limit_16,local_validity_and_operating_limit,pi_valid+pi_limit,account,composition,16,,valid_limit_b16,baseline,shared_witness,monolithic,1,local_validity_and_operating_limit_16,groth16,131,0.020883768999738095,0.28887180599986095,0.2628258919999098,0.0,0.5725814669995088,808,12,True,,True,ok,
20260728T123050Z_paper_groth16,2026-07-28T12:50:26.171952+00:00,measured,2,17,33,privacy_budget_64,privacy_budget,pi_budget,account,individual_policy,64,,,,none,monolithic,1,privacy_budget_64,groth16,332,0.02051230699998996,0.3047588720000931,0.2597877050002353,0.0,0.5850588840003184,805,26,True,,True,ok,
20260728T123050Z_paper_groth16,2026-07-28T12:50:26.783507+00:00,measured,2,17,34,account_policy_core_32,account_policy_core,pi_valid+pi_trans+pi_limit,account,composition,32,,account_core_b32,baseline,shared_witness,monolithic,1,account_policy_core_32,groth16,346,0.02102583499981847,0.3125996009998744,0.27732520899962765,0.0,0.6109506449993205,806,16,True,,True,ok,
20260728T123050Z_paper_groth16,2026-07-28T12:50:27.370818+00:00,measured,2,17,35,account_policy_core_16,account_policy_core,pi_valid+pi_trans+pi_limit,account,composition,16,,account_core_b16,baseline,shared_witness,monolithic,1,account_policy_core_16,groth16,186,0.019336130999818124,0.29539689000012004,0.2719834549998268,0.0,0.586716475999765,806,12,True,,True,ok,
20260728T123050Z_paper_groth16,2026-07-28T12:50:28.515408+00:00,measured,2,17,36,separate_valid_limit_16,local_validity_and_operating_limit,pi_valid+pi_limit,account,composition_baseline,16,,valid_limit_b16,baseline,unbound,separate,2,local_financial_validity_16;operating_limit_16,groth16,148,0.04037056599963762,0.5828077269998175,0.5203149129997655,0.0,1.1434932059992207,1603,15,True,,True,ok,
20260728T123050Z_paper_groth16,2026-07-28T12:50:29.278544+00:00,measured,2,17,37,merkle_membership_depth_8,merkle_membership,pi_mem,token,individual_policy,,8,,,none,monolithic,1,merkle_membership_depth_8,groth16,4160,0.0386789500003033,0.4508045719999245,0.2729569210000591,0.0,0.7624404430002869,805,84,True,,True,ok,
20260728T123050Z_paper_groth16,2026-07-28T12:50:29.933685+00:00,measured,2,17,38,linked_valid_limit_monolithic_32,local_validity_and_operating_limit,pi_valid+pi_limit,account,composition,32,,valid_limit_b32,commitment_linked,tx_tag,monolithic,1,linked_valid_limit_monolithic_32,groth16,1210,0.042282236000119156,0.3387045270001181,0.2733409819998087,2.1189998733461834e-06,0.6543298639999193,804,98,True,True,True,ok,
20260728T123050Z_paper_groth16,2026-07-28T12:50:32.557773+00:00,measured,2,17,39,separate_token_bundle_32_depth_16,token_policy_bundle,pi_mem+pi_null+pi_valid+pi_budget,token,composition_baseline,32,16,token_bundle_b32_d16,baseline,unbound,separate,4,merkle_membership_depth_16;nullifier_correctness_poseidon;local_financial_validity_32;privacy_budget_32,groth16,9113,0.10834863900072378,1.4239057940003477,1.0896951080003419,0.0,2.6219495410014133,3221,267,True,,True,ok,
20260728T123050Z_paper_groth16,2026-07-28T12:50:34.374488+00:00,measured,2,17,40,separate_account_core_32,account_policy_core,pi_valid+pi_trans+pi_limit,account,composition_baseline,32,,account_core_b32,baseline,unbound,separate,3,local_financial_validity_32;state_transition_and_conservation_32;operating_limit_32,groth16,445,0.059977969999636116,0.9493809630002943,0.8056686419995458,0.0,1.8150275749994762,2410,22,True,,True,ok,
20260728T123050Z_paper_groth16,2026-07-28T12:50:37.338642+00:00,measured,2,17,41,linked_separate_token_bundle_32_depth_16,token_policy_bundle,pi_mem+pi_null+pi_valid+pi_budget,token,composition_baseline,32,16,token_bundle_b32_d16,commitment_linked,tx_tag,separate,4,linked_token_bundle_membership_32_depth_16;linked_token_bundle_nullifier_32_depth_16;linked_token_bundle_validity_32_depth_16;linked_token_bundle_budget_32_depth_16,groth16,15434,0.2400811900001827,1.6163219639997806,1.1033784449996347,3.2099997042678297e-06,2.959784808999302,3221,1368,True,True,True,ok,
20260728T123050Z_paper_groth16,2026-07-28T12:50:37.917439+00:00,measured,2,17,42,local_financial_validity_32,local_financial_validity,pi_valid,account,individual_policy,32,,,,none,monolithic,1,local_financial_validity_32,groth16,104,0.021790454999973008,0.30105599899980007,0.25532896000004257,0.0,0.5781754139998156,806,3,True,,True,ok,
20260728T123050Z_paper_groth16,2026-07-28T12:50:39.178690+00:00,measured,2,17,43,linked_separate_valid_limit_32,local_validity_and_operating_limit,pi_valid+pi_limit,account,composition_baseline,32,,valid_limit_b32,commitment_linked,tx_tag,separate,2,linked_valid_limit_validity_32;linked_valid_limit_limit_32,groth16,2210,0.08358299200017427,0.6708680310002819,0.5052901789999851,2.638999831106048e-06,1.2597438410002724,1611,196,True,True,True,ok,
20260728T123050Z_paper_groth16,2026-07-28T12:50:39.744310+00:00,measured,2,17,44,account_policy_with_privacy_budget_16,account_policy_with_privacy_budget,pi_valid+pi_trans+pi_limit+pi_budget,account,composition,16,,account_budget_b16,baseline,shared_witness,monolithic,1,account_policy_with_privacy_budget_16,groth16,261,0.020167594999747962,0.2949549150002895,0.2499081619998833,0.0,0.5650306719999207,806,21,True,,True,ok,
20260728T123050Z_paper_groth16,2026-07-28T12:50:40.342233+00:00,measured,2,17,45,account_policy_with_privacy_budget_64,account_policy_with_privacy_budget,pi_valid+pi_trans+pi_limit+pi_budget,account,composition,64,,account_budget_b64,baseline,shared_witness,monolithic,1,account_policy_with_privacy_budget_64,groth16,933,0.021436105000248062,0.3094973590000336,0.26638173600031223,0.0,0.5973152000005939,805,50,True,,True,ok,
20260728T123050Z_paper_groth16,2026-07-28T12:50:43.126520+00:00,measured,2,17,46,linked_separate_account_budget_32,account_policy_with_privacy_budget,pi_valid+pi_trans+pi_limit+pi_budget,account,composition_baseline,32,,account_budget_b32,commitment_linked,tx_tag,separate,4,linked_account_budget_validity_32;linked_account_budget_transition_32;linked_account_budget_limit_32;linked_account_budget_budget_32,groth16,6333,0.237173934999646,1.4495983930000875,1.094137411000247,2.6759998945635743e-06,2.780912414999875,3216,444,True,True,True,ok,
20260728T123050Z_paper_groth16,2026-07-28T12:50:45.344314+00:00,measured,2,18,1,separate_account_budget_16,account_policy_with_privacy_budget,pi_valid+pi_trans+pi_limit+pi_budget,account,composition_baseline,16,,account_budget_b16,baseline,unbound,separate,4,local_financial_validity_16;state_transition_and_conservation_16;operating_limit_16;privacy_budget_16,groth16,329,0.08022116299980553,1.1404005989993493,0.9950136769998608,0.0,2.2156354389990156,3219,29,True,,True,ok,
20260728T123050Z_paper_groth16,2026-07-28T12:50:46.053203+00:00,measured,2,18,2,merkle_membership_depth_8,merkle_membership,pi_mem,token,individual_policy,,8,,,none,monolithic,1,merkle_membership_depth_8,groth16,4160,0.038945908000187046,0.422198300999753,0.2468451660001847,0.0,0.7079893750001247,803,84,True,,True,ok,
20260728T123050Z_paper_groth16,2026-07-28T12:50:46.791222+00:00,measured,2,18,3,token_policy_bundle_32_depth_8,token_policy_bundle,pi_mem+pi_null+pi_valid+pi_budget,token,composition,32,8,token_bundle_b32_d8,baseline,shared_witness,monolithic,1,token_policy_bundle_32_depth_8,groth16,5525,0.043369051000354375,0.4380891939999856,0.25590953100027036,0.0,0.7373677760006103,807,261,True,,True,ok,
20260728T123050Z_paper_groth16,2026-07-28T12:50:47.375714+00:00,measured,2,18,4,account_policy_with_privacy_budget_16,account_policy_with_privacy_budget,pi_valid+pi_trans+pi_limit+pi_budget,account,composition,16,,account_budget_b16,baseline,shared_witness,monolithic,1,account_policy_with_privacy_budget_16,groth16,261,0.01938315200004581,0.2987418880002224,0.26576362900004824,0.0,0.5838886690003164,804,21,True,,True,ok,
20260728T123050Z_paper_groth16,2026-07-28T12:50:47.985793+00:00,measured,2,18,5,account_policy_with_privacy_budget_64,account_policy_with_privacy_budget,pi_valid+pi_trans+pi_limit+pi_budget,account,composition,64,,account_budget_b64,baseline,shared_witness,monolithic,1,account_policy_with_privacy_budget_64,groth16,933,0.024876562999907037,0.31311611000000994,0.27145980299974326,0.0,0.6094524759996602,804,50,True,,True,ok,
20260728T123050Z_paper_groth16,2026-07-28T12:50:49.756960+00:00,measured,2,18,6,separate_account_core_32,account_policy_core,pi_valid+pi_trans+pi_limit,account,composition_baseline,32,,account_core_b32,baseline,unbound,separate,3,local_financial_validity_32;state_transition_and_conservation_32;operating_limit_32,groth16,445,0.06558446600001844,0.9157925310000792,0.788168238000253,0.0,1.7695452350003507,2410,22,True,,True,ok,
20260728T123050Z_paper_groth16,2026-07-28T12:50:50.340249+00:00,measured,2,18,7,operating_limit_64,operating_limit,pi_limit,account,individual_policy,64,,,,none,monolithic,1,operating_limit_64,groth16,332,0.022341247999975167,0.2910825149997436,0.26919060099999115,0.0,0.5826143639997099,809,26,True,,True,ok,
20260728T123050Z_paper_groth16,2026-07-28T12:50:50.900950+00:00,measured,2,18,8,state_transition_and_conservation_16,state_transition_and_conservation,pi_trans,account,individual_policy,16,,,,none,monolithic,1,state_transition_and_conservation_16,groth16,89,0.021904275999986567,0.2792339650000031,0.25895011400007206,0.0,0.5600883550000617,804,3,True,,True,ok,
20260728T123050Z_paper_groth16,2026-07-28T12:50:51.510959+00:00,measured,2,18,9,state_transition_and_conservation_64,state_transition_and_conservation,pi_trans,account,individual_policy,64,,,,none,monolithic,1,state_transition_and_conservation_64,groth16,329,0.02435640199973932,0.31735610599980646,0.259386263000124,0.0,0.6010987709996698,807,3,True,,True,ok,
20260728T123050Z_paper_groth16,2026-07-28T12:50:52.103189+00:00,measured,2,18,10,local_validity_and_operating_limit_16,local_validity_and_operating_limit,pi_valid+pi_limit,account,composition,16,,valid_limit_b16,baseline,shared_witness,monolithic,1,local_validity_and_operating_limit_16,groth16,131,0.024470356999700016,0.3139389950001714,0.25291531499988196,0.0,0.5913246669997534,807,12,True,,True,ok,
20260728T123050Z_paper_groth16,2026-07-28T12:50:53.378895+00:00,measured,2,18,11,linked_separate_valid_limit_32,local_validity_and_operating_limit,pi_valid+pi_limit,account,composition_baseline,32,,valid_limit_b32,commitment_linked,tx_tag,separate,2,linked_valid_limit_validity_32;linked_valid_limit_limit_32,groth16,2210,0.08246847499958676,0.6924669400004859,0.4992689339997014,2.379999841650715e-06,1.2742067289996157,1610,196,True,True,True,ok,
20260728T123050Z_paper_groth16,2026-07-28T12:50:55.713290+00:00,measured,2,18,12,separate_account_budget_32,account_policy_with_privacy_budget,pi_valid+pi_trans+pi_limit+pi_budget,account,composition_baseline,32,,account_budget_b32,baseline,unbound,separate,4,local_financial_validity_32;state_transition_and_conservation_32;operating_limit_32;privacy_budget_32,groth16,617,0.08220828299999994,1.1801074139993943,1.0695934650002528,0.0,2.331909161999647,3223,38,True,,True,ok,
20260728T123050Z_paper_groth16,2026-07-28T12:50:56.314674+00:00,measured,2,18,13,local_financial_validity_32,local_financial_validity,pi_valid,account,individual_policy,32,,,,none,monolithic,1,local_financial_validity_32,groth16,104,0.02028463099986766,0.31931100400015566,0.2611435800004074,0.0,0.6007392150004307,804,3,True,,True,ok,
20260728T123050Z_paper_groth16,2026-07-28T12:50:56.900040+00:00,measured,2,18,14,operating_limit_16,operating_limit,pi_limit,account,individual_policy,16,,,,none,monolithic,1,operating_limit_16,groth16,92,0.019713667999894824,0.3006447030002164,0.26440297199997076,0.0,0.584761343000082,805,12,True,,True,ok,
20260728T123050Z_paper_groth16,2026-07-28T12:50:59.806888+00:00,measured,2,18,15,linked_separate_token_bundle_32_depth_16,token_policy_bundle,pi_mem+pi_null+pi_valid+pi_budget,token,composition_baseline,32,16,token_bundle_b32_d16,commitment_linked,tx_tag,separate,4,linked_token_bundle_membership_32_depth_16;linked_token_bundle_nullifier_32_depth_16;linked_token_bundle_validity_32_depth_16;linked_token_bundle_budget_32_depth_16,groth16,15434,0.22893089300032443,1.6117724380001164,1.0621375619998616,2.6039997464977205e-06,2.902843497000049,3212,1368,True,True,True,ok,
20260728T123050Z_paper_groth16,2026-07-28T12:51:02.544071+00:00,measured,2,18,16,separate_token_bundle_32_depth_16,token_policy_bundle,pi_mem+pi_null+pi_valid+pi_budget,token,composition_baseline,32,16,token_bundle_b32_d16,baseline,unbound,separate,4,merkle_membership_depth_16;nullifier_correctness_poseidon;local_financial_validity_32;privacy_budget_32,groth16,9113,0.11255324799958544,1.4425548550002532,1.179338660999747,0.0,2.7344467639995855,3222,267,True,,True,ok,
20260728T123050Z_paper_groth16,2026-07-28T12:51:03.135142+00:00,measured,2,18,17,account_policy_core_32,account_policy_core,pi_valid+pi_trans+pi_limit,account,composition,32,,account_core_b32,baseline,shared_witness,monolithic,1,account_policy_core_32,groth16,346,0.021908566000092833,0.29268366499991316,0.2758249019998402,0.0,0.5904171329998462,805,16,True,,True,ok,
20260728T123050Z_paper_groth16,2026-07-28T12:51:05.491778+00:00,measured,2,18,18,separate_account_budget_64,account_policy_with_privacy_budget,pi_valid+pi_trans+pi_limit+pi_budget,account,composition_baseline,64,,account_budget_b64,baseline,unbound,separate,4,local_financial_validity_64;state_transition_and_conservation_64;operating_limit_64;privacy_budget_64,groth16,1193,0.08778245400026208,1.2165887440000915,1.0501755610002874,0.0,2.354546759000641,3219,58,True,,True,ok,
20260728T123050Z_paper_groth16,2026-07-28T12:51:06.083502+00:00,measured,2,18,19,operating_limit_32,operating_limit,pi_limit,account,individual_policy,32,,,,none,monolithic,1,operating_limit_32,groth16,172,0.022275690999776998,0.3022510730002068,0.2665554400000474,0.0,0.5910822040000312,801,16,True,,True,ok,
20260728T123050Z_paper_groth16,2026-07-28T12:51:06.710317+00:00,measured,2,18,20,local_validity_and_operating_limit_64,local_validity_and_operating_limit,pi_valid+pi_limit,account,composition,64,,valid_limit_b64,baseline,shared_witness,monolithic,1,local_validity_and_operating_limit_64,groth16,467,0.01978542599999855,0.34930142000030173,0.2571168129998114,0.0,0.6262036590001117,807,26,True,,True,ok,
20260728T123050Z_paper_groth16,2026-07-28T12:51:07.290219+00:00,measured,2,18,21,local_financial_validity_16,local_financial_validity,pi_valid,account,individual_policy,16,,,,none,monolithic,1,local_financial_validity_16,groth16,56,0.021431544000279246,0.2962528969997038,0.26161473700040005,0.0,0.5792991780003831,801,3,True,,True,ok,
20260728T123050Z_paper_groth16,2026-07-28T12:51:08.451759+00:00,measured,2,18,22,separate_valid_limit_16,local_validity_and_operating_limit,pi_valid+pi_limit,account,composition_baseline,16,,valid_limit_b16,baseline,unbound,separate,2,local_financial_validity_16;operating_limit_16,groth16,148,0.039918873000260646,0.5916940419997445,0.5286128520001512,0.0,1.1602257670001563,1613,15,True,,True,ok,
20260728T123050Z_paper_groth16,2026-07-28T12:51:09.355223+00:00,measured,2,18,23,linked_token_bundle_monolithic_32_depth_16,token_policy_bundle,pi_mem+pi_null+pi_valid+pi_budget,token,composition,32,16,token_bundle_b32_d16,commitment_linked,tx_tag,monolithic,1,linked_token_bundle_monolithic_32_depth_16,groth16,11114,0.05690841500017996,0.5898708280001301,0.25402688999975,2.0620000213966705e-06,0.9008081950000815,805,342,True,True,True,ok,
20260728T123050Z_paper_groth16,2026-07-28T12:51:10.588738+00:00,measured,2,18,24,separate_valid_limit_64,local_validity_and_operating_limit,pi_valid+pi_limit,account,composition_baseline,64,,valid_limit_b64,baseline,unbound,separate,2,local_financial_validity_64;operating_limit_64,groth16,532,0.04010334899976442,0.6474588880000738,0.5448741060004068,0.0,1.232436343000245,1612,29,True,,True,ok,
20260728T123050Z_paper_groth16,2026-07-28T12:51:13.077957+00:00,measured,2,18,25,separate_token_bundle_32_depth_8,token_policy_bundle,pi_mem+pi_null+pi_valid+pi_budget,token,composition_baseline,32,8,token_bundle_b32_d8,baseline,unbound,separate,4,merkle_membership_depth_8;nullifier_correctness_poseidon;local_financial_validity_32;privacy_budget_32,groth16,4953,0.1113900129994363,1.3331730019999668,1.042440751999493,0.0,2.487003766998896,3220,267,True,,True,ok,
20260728T123050Z_paper_groth16,2026-07-28T12:51:13.724375+00:00,measured,2,18,26,state_transition_and_conservation_32,state_transition_and_conservation,pi_trans,account,individual_policy,32,,,,none,monolithic,1,state_transition_and_conservation_32,groth16,169,0.021166806000110228,0.31947390799996356,0.3051297789997989,0.0,0.6457704929998727,804,3,True,,True,ok,
20260728T123050Z_paper_groth16,2026-07-28T12:51:14.646241+00:00,measured,2,18,27,token_policy_bundle_32_depth_16,token_policy_bundle,pi_mem+pi_null+pi_valid+pi_budget,token,composition,32,16,token_bundle_b32_d16,baseline,shared_witness,monolithic,1,token_policy_bundle_32_depth_16,groth16,9685,0.048460621000231185,0.5766576099999838,0.2960048189997906,0.0,0.9211230500000056,803,260,True,,True,ok,
20260728T123050Z_paper_groth16,2026-07-28T12:51:15.292305+00:00,measured,2,18,28,local_validity_and_operating_limit_32,local_validity_and_operating_limit,pi_valid+pi_limit,account,composition,32,,valid_limit_b32,baseline,shared_witness,monolithic,1,local_validity_and_operating_limit_32,groth16,243,0.02248660299983385,0.3324085140002353,0.2904150730000765,0.0,0.6453101900001457,804,16,True,,True,ok,
20260728T123050Z_paper_groth16,2026-07-28T12:51:18.156318+00:00,measured,2,18,29,separate_token_bundle_32_depth_32,token_policy_bundle,pi_mem+pi_null+pi_valid+pi_budget,token,composition_baseline,32,32,token_bundle_b32_d32,baseline,unbound,separate,4,merkle_membership_depth_32;nullifier_correctness_poseidon;local_financial_validity_32;privacy_budget_32,groth16,17433,0.12474077300021236,1.6637977969994608,1.0729329719997622,0.0,2.8614715419994354,3224,267,True,,True,ok,
20260728T123050Z_paper_groth16,2026-07-28T12:51:18.710432+00:00,measured,2,18,30,account_policy_core_64,account_policy_core,pi_valid+pi_trans+pi_limit,account,composition,64,,account_core_b64,baseline,shared_witness,monolithic,1,account_policy_core_64,groth16,666,0.020980259999760165,0.2905630029999884,0.24192655600018043,0.0,0.553469818999929,803,26,True,,True,ok,
20260728T123050Z_paper_groth16,2026-07-28T12:51:20.425642+00:00,measured,2,18,31,separate_account_core_64,account_policy_core,pi_valid+pi_trans+pi_limit,account,composition_baseline,64,,account_core_b64,baseline,unbound,separate,3,local_financial_validity_64;state_transition_and_conservation_64;operating_limit_64,groth16,861,0.06136911399926248,0.8908189580001817,0.7613919619998342,0.0,1.7135800339992784,2411,32,True,,True,ok,
20260728T123050Z_paper_groth16,2026-07-28T12:51:21.007078+00:00,measured,2,18,32,local_financial_validity_64,local_financial_validity,pi_valid,account,individual_policy,64,,,,none,monolithic,1,local_financial_validity_64,groth16,200,0.020726995000131865,0.30409342800021477,0.2559845979999409,0.0,0.5808050210002875,806,3,True,,True,ok,
20260728T123050Z_paper_groth16,2026-07-28T12:51:21.858576+00:00,measured,2,18,33,merkle_membership_depth_16,merkle_membership,pi_mem,token,individual_policy,,16,,,none,monolithic,1,merkle_membership_depth_16,groth16,8320,0.037793345999943995,0.5192812119998962,0.28539543099986986,0.0,0.84246998899971,804,84,True,,True,ok,
20260728T123050Z_paper_groth16,2026-07-28T12:51:22.432302+00:00,measured,2,18,34,account_policy_core_16,account_policy_core,pi_valid+pi_trans+pi_limit,account,composition,16,,account_core_b16,baseline,shared_witness,monolithic,1,account_policy_core_16,groth16,186,0.02322412399962559,0.29861751299995376,0.2512154930000179,0.0,0.5730571299995972,802,12,True,,True,ok,
20260728T123050Z_paper_groth16,2026-07-28T12:51:23.039240+00:00,measured,2,18,35,nullifier_correctness_poseidon,nullifier_correctness,pi_null,token,individual_policy,,,,,none,monolithic,1,nullifier_correctness_poseidon,groth16,517,0.0320414160000837,0.30208358599975327,0.272198397000011,0.0,0.606323398999848,803,164,True,,True,ok,
20260728T123050Z_paper_groth16,2026-07-28T12:51:23.621356+00:00,measured,2,18,36,privacy_budget_32,privacy_budget,pi_budget,account,individual_policy,32,,,,none,monolithic,1,privacy_budget_32,groth16,172,0.021130593000179942,0.30484723099971234,0.25545513699989897,0.0,0.5814329609997912,806,16,True,,True,ok,
20260728T123050Z_paper_groth16,2026-07-28T12:51:24.763605+00:00,measured,2,18,37,separate_valid_limit_32,local_validity_and_operating_limit,pi_valid+pi_limit,account,composition_baseline,32,,valid_limit_b32,baseline,unbound,separate,2,local_financial_validity_32;operating_limit_32,groth16,276,0.03788481999981741,0.587368757999684,0.5156537530001515,0.0,1.140907330999653,1608,19,True,,True,ok,
20260728T123050Z_paper_groth16,2026-07-28T12:51:25.429883+00:00,measured,2,18,38,linked_account_budget_monolithic_32,account_policy_with_privacy_budget,pi_valid+pi_trans+pi_limit+pi_budget,account,composition,32,,account_budget_b32,commitment_linked,tx_tag,monolithic,1,linked_account_budget_monolithic_32,groth16,1914,0.059217418000116595,0.3498080169997593,0.2562865380000403,2.5039998945430852e-06,0.6653144769998107,806,111,True,True,True,ok,
20260728T123050Z_paper_groth16,2026-07-28T12:51:26.424481+00:00,measured,2,18,39,merkle_membership_depth_32,merkle_membership,pi_mem,token,individual_policy,,32,,,none,monolithic,1,merkle_membership_depth_32,groth16,16640,0.04004277700005332,0.71352183099998,0.2403962989997126,0.0,0.9939609069997459,802,84,True,,True,ok,
20260728T123050Z_paper_groth16,2026-07-28T12:51:28.118674+00:00,measured,2,18,40,separate_account_core_16,account_policy_core,pi_valid+pi_trans+pi_limit,account,composition_baseline,16,,account_core_b16,baseline,unbound,separate,3,local_financial_validity_16;state_transition_and_conservation_16;operating_limit_16,groth16,237,0.05623674399976153,0.849864364000041,0.7865043009996953,0.0,1.6926054089994977,2415,18,True,,True,ok,
20260728T123050Z_paper_groth16,2026-07-28T12:51:28.726365+00:00,measured,2,18,41,linked_valid_limit_monolithic_32,local_validity_and_operating_limit,pi_valid+pi_limit,account,composition,32,,valid_limit_b32,commitment_linked,tx_tag,monolithic,1,linked_valid_limit_monolithic_32,groth16,1210,0.038280891999875166,0.324760150000202,0.24381605400003536,2.288999894517474e-06,0.606859385000007,806,98,True,True,True,ok,
20260728T123050Z_paper_groth16,2026-07-28T12:51:29.301944+00:00,measured,2,18,42,account_policy_with_privacy_budget_32,account_policy_with_privacy_budget,pi_valid+pi_trans+pi_limit+pi_budget,account,composition,32,,account_budget_b32,baseline,shared_witness,monolithic,1,account_policy_with_privacy_budget_32,groth16,485,0.019646162999833905,0.3074612430000343,0.24787761100014905,0.0,0.5749850170000173,806,30,True,,True,ok,
20260728T123050Z_paper_groth16,2026-07-28T12:51:29.888585+00:00,measured,2,18,43,privacy_budget_64,privacy_budget,pi_budget,account,individual_policy,64,,,,none,monolithic,1,privacy_budget_64,groth16,332,0.019976770999619475,0.2947399360000418,0.27127196300034484,0.0,0.5859886700000061,807,26,True,,True,ok,
20260728T123050Z_paper_groth16,2026-07-28T12:51:30.460916+00:00,measured,2,18,44,privacy_budget_16,privacy_budget,pi_budget,account,individual_policy,16,,,,none,monolithic,1,privacy_budget_16,groth16,92,0.02227594800024235,0.2780845060001411,0.2713217909999912,0.0,0.5716822450003747,807,11,True,,True,ok,
20260728T123050Z_paper_groth16,2026-07-28T12:51:33.076789+00:00,measured,2,18,45,linked_separate_account_budget_32,account_policy_with_privacy_budget,pi_valid+pi_trans+pi_limit+pi_budget,account,composition_baseline,32,,account_budget_b32,commitment_linked,tx_tag,separate,4,linked_account_budget_validity_32;linked_account_budget_transition_32;linked_account_budget_limit_32;linked_account_budget_budget_32,groth16,6333,0.2263305040000887,1.3480945770002108,1.03840448200026,2.3959996724443045e-06,2.612831959000232,3225,444,True,True,True,ok,
20260728T123050Z_paper_groth16,2026-07-28T12:51:34.052944+00:00,measured,2,18,46,token_policy_bundle_32_depth_32,token_policy_bundle,pi_mem+pi_null+pi_valid+pi_budget,token,composition,32,32,token_bundle_b32_d32,baseline,shared_witness,monolithic,1,token_policy_bundle_32_depth_32,groth16,18005,0.04635314899996956,0.6614403339999626,0.2676207770000474,0.0,0.9754142599999795,803,261,True,,True,ok,
20260728T123050Z_paper_groth16,2026-07-28T12:51:34.639539+00:00,measured,2,19,1,local_validity_and_operating_limit_16,local_validity_and_operating_limit,pi_valid+pi_limit,account,composition,16,,valid_limit_b16,baseline,shared_witness,monolithic,1,local_validity_and_operating_limit_16,groth16,131,0.02181360000031418,0.3087437230001342,0.2553693889999522,0.0,0.5859267120004006,804,12,True,,True,ok,
20260728T123050Z_paper_groth16,2026-07-28T12:51:35.803593+00:00,measured,2,19,2,separate_valid_limit_64,local_validity_and_operating_limit,pi_valid+pi_limit,account,composition_baseline,64,,valid_limit_b64,baseline,unbound,separate,2,local_financial_validity_64;operating_limit_64,groth16,532,0.04059532000019317,0.6059147650003069,0.5164243389999683,0.0,1.1629344240004684,1609,29,True,,True,ok,
20260728T123050Z_paper_groth16,2026-07-28T12:51:36.349301+00:00,measured,2,19,3,operating_limit_32,operating_limit,pi_limit,account,individual_policy,32,,,,none,monolithic,1,operating_limit_32,groth16,172,0.019159009999839327,0.2802300590001323,0.24564637899993613,0.0,0.5450354479999078,805,16,True,,True,ok,
20260728T123050Z_paper_groth16,2026-07-28T12:51:36.938633+00:00,measured,2,19,4,account_policy_core_16,account_policy_core,pi_valid+pi_trans+pi_limit,account,composition,16,,account_core_b16,baseline,shared_witness,monolithic,1,account_policy_core_16,groth16,186,0.020343211999716004,0.2986653150001075,0.2697107179997147,0.0,0.5887192449995382,804,12,True,,True,ok,
20260728T123050Z_paper_groth16,2026-07-28T12:51:37.506718+00:00,measured,2,19,5,privacy_budget_64,privacy_budget,pi_budget,account,individual_policy,64,,,,none,monolithic,1,privacy_budget_64,groth16,332,0.020555579999836482,0.296581277000314,0.2503440769996814,0.0,0.5674809339998319,800,26,True,,True,ok,
20260728T123050Z_paper_groth16,2026-07-28T12:51:39.766675+00:00,measured,2,19,6,separate_account_budget_16,account_policy_with_privacy_budget,pi_valid+pi_trans+pi_limit+pi_budget,account,composition_baseline,16,,account_budget_b16,baseline,unbound,separate,4,local_financial_validity_16;state_transition_and_conservation_16;operating_limit_16;privacy_budget_16,groth16,329,0.0784982210002454,1.1592215710006712,1.0200366040003246,0.0,2.2577563960012412,3221,29,True,,True,ok,
20260728T123050Z_paper_groth16,2026-07-28T12:51:40.790363+00:00,measured,2,19,7,merkle_membership_depth_32,merkle_membership,pi_mem,token,individual_policy,,32,,,none,monolithic,1,merkle_membership_depth_32,groth16,16640,0.04222753099975307,0.719835052000235,0.26092378300018026,0.0,1.0229863660001683,805,84,True,,True,ok,
20260728T123050Z_paper_groth16,2026-07-28T12:51:43.145999+00:00,measured,2,19,8,separate_account_budget_64,account_policy_with_privacy_budget,pi_valid+pi_trans+pi_limit+pi_budget,account,composition_baseline,64,,account_budget_b64,baseline,unbound,separate,4,local_financial_validity_64;state_transition_and_conservation_64;operating_limit_64;privacy_budget_64,groth16,1193,0.08271273700029269,1.2143888909999987,1.0561476549996769,0.0,2.3532492829999683,3219,58,True,,True,ok,
20260728T123050Z_paper_groth16,2026-07-28T12:51:43.715064+00:00,measured,2,19,9,local_financial_validity_32,local_financial_validity,pi_valid,account,individual_policy,32,,,,none,monolithic,1,local_financial_validity_32,groth16,104,0.020551989000068716,0.2967848700000104,0.25102640100021745,0.0,0.5683632600002966,808,3,True,,True,ok,
20260728T123050Z_paper_groth16,2026-07-28T12:51:44.337009+00:00,measured,2,19,10,nullifier_correctness_poseidon,nullifier_correctness,pi_null,token,individual_policy,,,,,none,monolithic,1,nullifier_correctness_poseidon,groth16,517,0.03275305200031653,0.31736184300007153,0.27123220200019205,0.0,0.6213470970005801,805,164,True,,True,ok,
20260728T123050Z_paper_groth16,2026-07-28T12:51:44.909434+00:00,measured,2,19,11,state_transition_and_conservation_16,state_transition_and_conservation,pi_trans,account,individual_policy,16,,,,none,monolithic,1,state_transition_and_conservation_16,groth16,89,0.01860323500022787,0.28322992200037334,0.26985385399984807,0.0,0.5716870110004493,804,3,True,,True,ok,
20260728T123050Z_paper_groth16,2026-07-28T12:51:45.540340+00:00,measured,2,19,12,local_validity_and_operating_limit_64,local_validity_and_operating_limit,pi_valid+pi_limit,account,composition,64,,valid_limit_b64,baseline,shared_witness,monolithic,1,local_validity_and_operating_limit_64,groth16,467,0.022283654999682767,0.3506333440000162,0.25734611000007135,0.0,0.6302631089997703,806,26,True,,True,ok,
20260728T123050Z_paper_groth16,2026-07-28T12:51:47.272556+00:00,measured,2,19,13,separate_account_core_16,account_policy_core,pi_valid+pi_trans+pi_limit,account,composition_baseline,16,,account_core_b16,baseline,unbound,separate,3,local_financial_validity_16;state_transition_and_conservation_16;operating_limit_16,groth16,237,0.059861587999876065,0.8693809099995633,0.8013030750003054,0.0,1.7305455729997448,2414,18,True,,True,ok,
20260728T123050Z_paper_groth16,2026-07-28T12:51:49.987634+00:00,measured,2,19,14,linked_separate_account_budget_32,account_policy_with_privacy_budget,pi_valid+pi_trans+pi_limit+pi_budget,account,composition_baseline,32,,account_budget_b32,commitment_linked,tx_tag,separate,4,linked_account_budget_validity_32;linked_account_budget_transition_32;linked_account_budget_limit_32;linked_account_budget_budget_32,groth16,6333,0.23158654400003797,1.4329292810002698,1.0473948010003369,2.990999746543821e-06,2.7119136170003912,3214,444,True,True,True,ok,
20260728T123050Z_paper_groth16,2026-07-28T12:51:50.546369+00:00,measured,2,19,15,state_transition_and_conservation_32,state_transition_and_conservation,pi_trans,account,individual_policy,32,,,,none,monolithic,1,state_transition_and_conservation_32,groth16,169,0.0211139230000299,0.28949289799993494,0.24746592400015288,0.0,0.5580727450001177,805,3,True,,True,ok,
20260728T123050Z_paper_groth16,2026-07-28T12:51:53.434088+00:00,measured,2,19,16,linked_separate_token_bundle_32_depth_16,token_policy_bundle,pi_mem+pi_null+pi_valid+pi_budget,token,composition_baseline,32,16,token_bundle_b32_d16,commitment_linked,tx_tag,separate,4,linked_token_bundle_membership_32_depth_16;linked_token_bundle_nullifier_32_depth_16;linked_token_bundle_validity_32_depth_16;linked_token_bundle_budget_32_depth_16,groth16,15434,0.23998439200067878,1.5839285229999405,1.0594223659995805,2.782999672490405e-06,2.8833380639998722,3227,1368,True,True,True,ok,
20260728T123050Z_paper_groth16,2026-07-28T12:51:54.041131+00:00,measured,2,19,17,operating_limit_16,operating_limit,pi_limit,account,individual_policy,16,,,,none,monolithic,1,operating_limit_16,groth16,92,0.021391354999650503,0.31753667099974336,0.26748356899997816,0.0,0.606411594999372,807,12,True,,True,ok,
20260728T123050Z_paper_groth16,2026-07-28T12:51:54.637094+00:00,measured,2,19,18,state_transition_and_conservation_64,state_transition_and_conservation,pi_trans,account,individual_policy,64,,,,none,monolithic,1,state_transition_and_conservation_64,groth16,329,0.021504464999907213,0.3026876630001425,0.27096534899965263,0.0,0.5951574769997023,807,3,True,,True,ok,
20260728T123050Z_paper_groth16,2026-07-28T12:51:55.239802+00:00,measured,2,19,19,local_financial_validity_64,local_financial_validity,pi_valid,account,individual_policy,64,,,,none,monolithic,1,local_financial_validity_64,groth16,200,0.02202050899995811,0.3157932700000856,0.2642636649998167,0.0,0.6020774439998604,803,3,True,,True,ok,
20260728T123050Z_paper_groth16,2026-07-28T12:51:56.093804+00:00,measured,2,19,20,merkle_membership_depth_16,merkle_membership,pi_mem,token,individual_policy,,16,,,none,monolithic,1,merkle_membership_depth_16,groth16,8320,0.039365614999951504,0.5413623280001048,0.27264448900041316,0.0,0.8533724320004694,806,84,True,,True,ok,
20260728T123050Z_paper_groth16,2026-07-28T12:51:56.746530+00:00,measured,2,19,21,linked_account_budget_monolithic_32,account_policy_with_privacy_budget,pi_valid+pi_trans+pi_limit+pi_budget,account,composition,32,,account_budget_b32,commitment_linked,tx_tag,monolithic,1,linked_account_budget_monolithic_32,groth16,1914,0.056609741000102076,0.3333349160002399,0.26155223700015995,2.061000031972071e-06,0.6514989550005339,805,111,True,True,True,ok,
20260728T123050Z_paper_groth16,2026-07-28T12:51:58.582654+00:00,measured,2,19,22,separate_account_core_64,account_policy_core,pi_valid+pi_trans+pi_limit,account,composition_baseline,64,,account_core_b64,baseline,unbound,separate,3,local_financial_validity_64;state_transition_and_conservation_64;operating_limit_64,groth16,861,0.06175862000009147,0.9487868249998428,0.8239998780004498,0.0,1.834545323000384,2417,32,True,,True,ok,
20260728T123050Z_paper_groth16,2026-07-28T12:51:59.750523+00:00,measured,2,19,23,separate_valid_limit_32,local_validity_and_operating_limit,pi_valid+pi_limit,account,composition_baseline,32,,valid_limit_b32,baseline,unbound,separate,2,local_financial_validity_32;operating_limit_32,groth16,276,0.04033192200040503,0.6322868169995672,0.494122913999945,0.0,1.1667416529999173,1607,19,True,,True,ok,
20260728T123050Z_paper_groth16,2026-07-28T12:52:00.598912+00:00,measured,2,19,24,token_policy_bundle_32_depth_16,token_policy_bundle,pi_mem+pi_null+pi_valid+pi_budget,token,composition,32,16,token_bundle_b32_d16,baseline,shared_witness,monolithic,1,token_policy_bundle_32_depth_16,groth16,9685,0.047407724000095186,0.5400872750001326,0.2602530389999629,0.0,0.8477480380001907,807,260,True,,True,ok,
20260728T123050Z_paper_groth16,2026-07-28T12:52:01.168123+00:00,measured,2,19,25,account_policy_core_64,account_policy_core,pi_valid+pi_trans+pi_limit,account,composition,64,,account_core_b64,baseline,shared_witness,monolithic,1,account_policy_core_64,groth16,666,0.022097819999999047,0.29805584500036275,0.24844484599998395,0.0,0.5685985110003458,806,26,True,,True,ok,
20260728T123050Z_paper_groth16,2026-07-28T12:52:01.729641+00:00,measured,2,19,26,operating_limit_64,operating_limit,pi_limit,account,individual_policy,64,,,,none,monolithic,1,operating_limit_64,groth16,332,0.02159265599993887,0.2938809970000875,0.2454229220002162,0.0,0.5608965750002426,806,26,True,,True,ok,
20260728T123050Z_paper_groth16,2026-07-28T12:52:02.282049+00:00,measured,2,19,27,local_financial_validity_16,local_financial_validity,pi_valid,account,individual_policy,16,,,,none,monolithic,1,local_financial_validity_16,groth16,56,0.020451589000003878,0.2798295379998308,0.2514959839995754,0.0,0.5517771109994101,805,3,True,,True,ok,
20260728T123050Z_paper_groth16,2026-07-28T12:52:05.064410+00:00,measured,2,19,28,separate_token_bundle_32_depth_32,token_policy_bundle,pi_mem+pi_null+pi_valid+pi_budget,token,composition_baseline,32,32,token_bundle_b32_d32,baseline,unbound,separate,4,merkle_membership_depth_32;nullifier_correctness_poseidon;local_financial_validity_32;privacy_budget_32,groth16,17433,0.11564767699974254,1.6038419219999014,1.0603626869997242,0.0,2.779852285999368,3223,267,True,,True,ok,
20260728T123050Z_paper_groth16,2026-07-28T12:52:05.897979+00:00,measured,2,19,29,linked_token_bundle_monolithic_32_depth_16,token_policy_bundle,pi_mem+pi_null+pi_valid+pi_budget,token,composition,32,16,token_bundle_b32_d16,commitment_linked,tx_tag,monolithic,1,linked_token_bundle_monolithic_32_depth_16,groth16,11114,0.06092989900025714,0.5179192990003685,0.25217775300006906,2.3239999791258015e-06,0.8310292750006738,806,342,True,True,True,ok,
20260728T123050Z_paper_groth16,2026-07-28T12:52:06.598815+00:00,measured,2,19,30,merkle_membership_depth_8,merkle_membership,pi_mem,token,individual_policy,,8,,,none,monolithic,1,merkle_membership_depth_8,groth16,4160,0.039322789999914676,0.3956517339997845,0.26528233199996976,0.0,0.7002568559996689,809,84,True,,True,ok,
20260728T123050Z_paper_groth16,2026-07-28T12:52:07.555501+00:00,measured,2,19,31,token_policy_bundle_32_depth_32,token_policy_bundle,pi_mem+pi_null+pi_valid+pi_budget,token,composition,32,32,token_bundle_b32_d32,baseline,shared_witness,monolithic,1,token_policy_bundle_32_depth_32,groth16,18005,0.04925618800007214,0.6413741989999835,0.26539193700000396,0.0,0.9560223240000596,806,261,True,,True,ok,
20260728T123050Z_paper_groth16,2026-07-28T12:52:08.182451+00:00,measured,2,19,32,linked_valid_limit_monolithic_32,local_validity_and_operating_limit,pi_valid+pi_limit,account,composition,32,,valid_limit_b32,commitment_linked,tx_tag,monolithic,1,linked_valid_limit_monolithic_32,groth16,1210,0.039035968000007415,0.33115649899991695,0.2559400270001788,2.2920003175386228e-06,0.6261347860004207,806,98,True,True,True,ok,
20260728T123050Z_paper_groth16,2026-07-28T12:52:08.774115+00:00,measured,2,19,33,account_policy_with_privacy_budget_64,account_policy_with_privacy_budget,pi_valid+pi_trans+pi_limit+pi_budget,account,composition,64,,account_budget_b64,baseline,shared_witness,monolithic,1,account_policy_with_privacy_budget_64,groth16,933,0.02281602599987309,0.3156492729999627,0.25262344099974143,0.0,0.5910887399995772,806,50,True,,True,ok,
20260728T123050Z_paper_groth16,2026-07-28T12:52:09.530431+00:00,measured,2,19,34,token_policy_bundle_32_depth_8,token_policy_bundle,pi_mem+pi_null+pi_valid+pi_budget,token,composition,32,8,token_bundle_b32_d8,baseline,shared_witness,monolithic,1,token_policy_bundle_32_depth_8,groth16,5525,0.04378702400026668,0.4452915169999869,0.26661367099995914,0.0,0.7556922120002127,803,261,True,,True,ok,
20260728T123050Z_paper_groth16,2026-07-28T12:52:10.091067+00:00,measured,2,19,35,account_policy_with_privacy_budget_16,account_policy_with_privacy_budget,pi_valid+pi_trans+pi_limit+pi_budget,account,composition,16,,account_budget_b16,baseline,shared_witness,monolithic,1,account_policy_with_privacy_budget_16,groth16,261,0.021912788999998156,0.28266633799967167,0.25529083599985825,0.0,0.5598699629995281,807,21,True,,True,ok,
20260728T123050Z_paper_groth16,2026-07-28T12:52:11.215998+00:00,measured,2,19,36,separate_valid_limit_16,local_validity_and_operating_limit,pi_valid+pi_limit,account,composition_baseline,16,,valid_limit_b16,baseline,unbound,separate,2,local_financial_validity_16;operating_limit_16,groth16,148,0.04095867100022588,0.5547873820000859,0.5280186109998795,0.0,1.1237646640001913,1609,15,True,,True,ok,
20260728T123050Z_paper_groth16,2026-07-28T12:52:11.797412+00:00,measured,2,19,37,account_policy_with_privacy_budget_32,account_policy_with_privacy_budget,pi_valid+pi_trans+pi_limit+pi_budget,account,composition,32,,account_budget_b32,baseline,shared_witness,monolithic,1,account_policy_with_privacy_budget_32,groth16,485,0.021291685000051075,0.29555684599972665,0.2639263309997659,0.0,0.5807748619995436,801,30,True,,True,ok,
20260728T123050Z_paper_groth16,2026-07-28T12:52:12.356207+00:00,measured,2,19,38,local_validity_and_operating_limit_32,local_validity_and_operating_limit,pi_valid+pi_limit,account,composition,32,,valid_limit_b32,baseline,shared_witness,monolithic,1,local_validity_and_operating_limit_32,groth16,243,0.024191646999952354,0.2866232559999844,0.24735314399958952,0.0,0.5581680469995263,804,16,True,,True,ok,
20260728T123050Z_paper_groth16,2026-07-28T12:52:12.925934+00:00,measured,2,19,39,privacy_budget_16,privacy_budget,pi_budget,account,individual_policy,16,,,,none,monolithic,1,privacy_budget_16,groth16,92,0.02057482700001856,0.2848146649998853,0.26341101400021216,0.0,0.568800506000116,804,11,True,,True,ok,
20260728T123050Z_paper_groth16,2026-07-28T12:52:14.617727+00:00,measured,2,19,40,separate_account_core_32,account_policy_core,pi_valid+pi_trans+pi_limit,account,composition_baseline,32,,account_core_b32,baseline,unbound,separate,3,local_financial_validity_32;state_transition_and_conservation_32;operating_limit_32,groth16,445,0.0598528579998856,0.8500055599993175,0.7799553689997083,0.0,1.6898137869989114,2415,22,True,,True,ok,
20260728T123050Z_paper_groth16,2026-07-28T12:52:17.160288+00:00,measured,2,19,41,separate_token_bundle_32_depth_16,token_policy_bundle,pi_mem+pi_null+pi_valid+pi_budget,token,composition_baseline,32,16,token_bundle_b32_d16,baseline,unbound,separate,4,merkle_membership_depth_16;nullifier_correctness_poseidon;local_financial_validity_32;privacy_budget_32,groth16,9113,0.11004404599998452,1.4023925900000904,1.0278922889997375,0.0,2.5403289249998124,3218,267,True,,True,ok,
20260728T123050Z_paper_groth16,2026-07-28T12:52:19.497816+00:00,measured,2,19,42,separate_account_budget_32,account_policy_with_privacy_budget,pi_valid+pi_trans+pi_limit+pi_budget,account,composition_baseline,32,,account_budget_b32,baseline,unbound,separate,4,local_financial_validity_32;state_transition_and_conservation_32;operating_limit_32;privacy_budget_32,groth16,617,0.08444303299984313,1.1890318250002565,1.0618764869996085,0.0,2.335351344999708,3222,38,True,,True,ok,
20260728T123050Z_paper_groth16,2026-07-28T12:52:20.054722+00:00,measured,2,19,43,account_policy_core_32,account_policy_core,pi_valid+pi_trans+pi_limit,account,composition,32,,account_core_b32,baseline,shared_witness,monolithic,1,account_policy_core_32,groth16,346,0.022946708999825205,0.28715150400012135,0.24609773200018026,0.0,0.5561959450001268,805,16,True,,True,ok,
20260728T123050Z_paper_groth16,2026-07-28T12:52:22.491888+00:00,measured,2,19,44,separate_token_bundle_32_depth_8,token_policy_bundle,pi_mem+pi_null+pi_valid+pi_budget,token,composition_baseline,32,8,token_bundle_b32_d8,baseline,unbound,separate,4,merkle_membership_depth_8;nullifier_correctness_poseidon;local_financial_validity_32;privacy_budget_32,groth16,4953,0.11469498599990402,1.306297311000435,1.0138735340001404,0.0,2.4348658310004794,3223,267,True,,True,ok,
20260728T123050Z_paper_groth16,2026-07-28T12:52:23.083311+00:00,measured,2,19,45,privacy_budget_32,privacy_budget,pi_budget,account,individual_policy,32,,,,none,monolithic,1,privacy_budget_32,groth16,172,0.021834325999861903,0.31214686000021175,0.2567833250000149,0.0,0.5907645110000885,804,16,True,,True,ok,
20260728T123050Z_paper_groth16,2026-07-28T12:52:24.342259+00:00,measured,2,19,46,linked_separate_valid_limit_32,local_validity_and_operating_limit,pi_valid+pi_limit,account,composition_baseline,32,,valid_limit_b32,commitment_linked,tx_tag,separate,2,linked_valid_limit_validity_32;linked_valid_limit_limit_32,groth16,2210,0.0780833169997095,0.6702629700002944,0.5090567990005184,2.9569996513600927e-06,1.2574060430001737,1612,196,True,True,True,ok,
20260728T123050Z_paper_groth16,2026-07-28T12:52:25.465258+00:00,measured,2,20,1,separate_valid_limit_32,local_validity_and_operating_limit,pi_valid+pi_limit,account,composition_baseline,32,,valid_limit_b32,baseline,unbound,separate,2,local_financial_validity_32;operating_limit_32,groth16,276,0.04057504399997924,0.5676831250002579,0.5136020180002561,0.0,1.1218601870004932,1612,19,True,,True,ok,
20260728T123050Z_paper_groth16,2026-07-28T12:52:26.033422+00:00,measured,2,20,2,local_validity_and_operating_limit_32,local_validity_and_operating_limit,pi_valid+pi_limit,account,composition,32,,valid_limit_b32,baseline,shared_witness,monolithic,1,local_validity_and_operating_limit_32,groth16,243,0.019595947000198066,0.29125268100005997,0.2566799269998228,0.0,0.5675285550000808,807,16,True,,True,ok,
20260728T123050Z_paper_groth16,2026-07-28T12:52:26.860186+00:00,measured,2,20,3,merkle_membership_depth_16,merkle_membership,pi_mem,token,individual_policy,,16,,,none,monolithic,1,merkle_membership_depth_16,groth16,8320,0.042205561000173475,0.5312230399999862,0.2527029569996557,0.0,0.8261315579998154,803,84,True,,True,ok,
20260728T123050Z_paper_groth16,2026-07-28T12:52:28.578559+00:00,measured,2,20,4,separate_account_core_64,account_policy_core,pi_valid+pi_trans+pi_limit,account,composition_baseline,64,,account_core_b64,baseline,unbound,separate,3,local_financial_validity_64;state_transition_and_conservation_64;operating_limit_64,groth16,861,0.0686927880001349,0.8858094040001561,0.7622791779999716,0.0,1.7167813700002625,2414,32,True,,True,ok,
20260728T123050Z_paper_groth16,2026-07-28T12:52:29.133649+00:00,measured,2,20,5,state_transition_and_conservation_32,state_transition_and_conservation,pi_trans,account,individual_policy,32,,,,none,monolithic,1,state_transition_and_conservation_32,groth16,169,0.021557303000008687,0.2858015369997702,0.24708951100001286,0.0,0.5544483509997917,805,3,True,,True,ok,
20260728T123050Z_paper_groth16,2026-07-28T12:52:29.739120+00:00,measured,2,20,6,nullifier_correctness_poseidon,nullifier_correctness,pi_null,token,individual_policy,,,,,none,monolithic,1,nullifier_correctness_poseidon,groth16,517,0.03261409200013077,0.31808451400002014,0.25415354200004003,0.0,0.6048521480001909,802,164,True,,True,ok,
20260728T123050Z_paper_groth16,2026-07-28T12:52:30.323037+00:00,measured,2,20,7,account_policy_with_privacy_budget_32,account_policy_with_privacy_budget,pi_valid+pi_trans+pi_limit+pi_budget,account,composition,32,,account_budget_b32,baseline,shared_witness,monolithic,1,account_policy_with_privacy_budget_32,groth16,485,0.02086647400028596,0.31390085899965925,0.24852203000000372,0.0,0.5832893629999489,806,30,True,,True,ok,
20260728T123050Z_paper_groth16,2026-07-28T12:52:30.882138+00:00,measured,2,20,8,local_financial_validity_16,local_financial_validity,pi_valid,account,individual_policy,16,,,,none,monolithic,1,local_financial_validity_16,groth16,56,0.01929414899996118,0.2924065669999436,0.2468048160003491,0.0,0.5585055320002539,805,3,True,,True,ok,
20260728T123050Z_paper_groth16,2026-07-28T12:52:33.103601+00:00,measured,2,20,9,separate_account_budget_32,account_policy_with_privacy_budget,pi_valid+pi_trans+pi_limit+pi_budget,account,composition_baseline,32,,account_budget_b32,baseline,unbound,separate,4,local_financial_validity_32;state_transition_and_conservation_32;operating_limit_32;privacy_budget_32,groth16,617,0.07605970800022988,1.1404447930003698,1.002893199999562,0.0,2.2193977010001618,3222,38,True,,True,ok,
20260728T123050Z_paper_groth16,2026-07-28T12:52:33.647563+00:00,measured,2,20,10,privacy_budget_16,privacy_budget,pi_budget,account,individual_policy,16,,,,none,monolithic,1,privacy_budget_16,groth16,92,0.02095215500003178,0.28396255999996356,0.23840425699972911,0.0,0.5433189719997245,804,11,True,,True,ok,
20260728T123050Z_paper_groth16,2026-07-28T12:52:36.471695+00:00,measured,2,20,11,linked_separate_token_bundle_32_depth_16,token_policy_bundle,pi_mem+pi_null+pi_valid+pi_budget,token,composition_baseline,32,16,token_bundle_b32_d16,commitment_linked,tx_tag,separate,4,linked_token_bundle_membership_32_depth_16;linked_token_bundle_nullifier_32_depth_16;linked_token_bundle_validity_32_depth_16;linked_token_bundle_budget_32_depth_16,groth16,15434,0.23326768000015363,1.5436614720001671,1.0427589779997106,2.9359998734435067e-06,2.819691065999905,3217,1368,True,True,True,ok,
20260728T123050Z_paper_groth16,2026-07-28T12:52:37.588652+00:00,measured,2,20,12,separate_valid_limit_64,local_validity_and_operating_limit,pi_valid+pi_limit,account,composition_baseline,64,,valid_limit_b64,baseline,unbound,separate,2,local_financial_validity_64;operating_limit_64,groth16,532,0.039709953000055975,0.5823999220001497,0.49374073500030136,0.0,1.115850610000507,1610,29,True,,True,ok,
20260728T123050Z_paper_groth16,2026-07-28T12:52:38.160796+00:00,measured,2,20,13,privacy_budget_32,privacy_budget,pi_budget,account,individual_policy,32,,,,none,monolithic,1,privacy_budget_32,groth16,172,0.021376514000166935,0.2922257969999009,0.2575677199997699,0.0,0.5711700309998378,807,16,True,,True,ok,
20260728T123050Z_paper_groth16,2026-07-28T12:52:38.869340+00:00,measured,2,20,14,merkle_membership_depth_8,merkle_membership,pi_mem,token,individual_policy,,8,,,none,monolithic,1,merkle_membership_depth_8,groth16,4160,0.040306840000084776,0.41863947100000587,0.24889956000015445,0.0,0.7078458710002451,802,84,True,,True,ok,
20260728T123050Z_paper_groth16,2026-07-28T12:52:39.467806+00:00,measured,2,20,15,account_policy_core_64,account_policy_core,pi_valid+pi_trans+pi_limit,account,composition,64,,account_core_b64,baseline,shared_witness,monolithic,1,account_policy_core_64,groth16,666,0.019611325999903784,0.3182949900001404,0.25994870999966224,0.0,0.5978550259997064,802,26,True,,True,ok,
20260728T123050Z_paper_groth16,2026-07-28T12:52:40.339578+00:00,measured,2,20,16,linked_token_bundle_monolithic_32_depth_16,token_policy_bundle,pi_mem+pi_null+pi_valid+pi_budget,token,composition,32,16,token_bundle_b32_d16,commitment_linked,tx_tag,monolithic,1,linked_token_bundle_monolithic_32_depth_16,groth16,11114,0.06430344699992929,0.5627721679998103,0.24242208299983758,1.8219998310087249e-06,0.8694995199994082,807,342,True,True,True,ok,
20260728T123050Z_paper_groth16,2026-07-28T12:52:40.898399+00:00,measured,2,20,17,operating_limit_32,operating_limit,pi_limit,account,individual_policy,32,,,,none,monolithic,1,operating_limit_32,groth16,172,0.024435176999759278,0.2856567119997635,0.24818996700014395,0.0,0.5582818559996667,806,16,True,,True,ok,
20260728T123050Z_paper_groth16,2026-07-28T12:52:43.671706+00:00,measured,2,20,18,separate_token_bundle_32_depth_32,token_policy_bundle,pi_mem+pi_null+pi_valid+pi_budget,token,composition_baseline,32,32,token_bundle_b32_d32,baseline,unbound,separate,4,merkle_membership_depth_32;nullifier_correctness_poseidon;local_financial_validity_32;privacy_budget_32,groth16,17433,0.11494496200020876,1.5970528170000762,1.05891330599934,0.0,2.770911084999625,3216,267,True,,True,ok,
20260728T123050Z_paper_groth16,2026-07-28T12:52:46.131114+00:00,measured,2,20,19,separate_token_bundle_32_depth_8,token_policy_bundle,pi_mem+pi_null+pi_valid+pi_budget,token,composition_baseline,32,8,token_bundle_b32_d8,baseline,unbound,separate,4,merkle_membership_depth_8;nullifier_correctness_poseidon;local_financial_validity_32;privacy_budget_32,groth16,4953,0.1126162210007351,1.298627920999479,1.045749407999665,0.0,2.456993549999879,3220,267,True,,True,ok,
20260728T123050Z_paper_groth16,2026-07-28T12:52:46.685003+00:00,measured,2,20,20,local_financial_validity_32,local_financial_validity,pi_valid,account,individual_policy,32,,,,none,monolithic,1,local_financial_validity_32,groth16,104,0.02099921999979415,0.2846444669999073,0.24762281699986488,0.0,0.5532665039995663,808,3,True,,True,ok,
20260728T123050Z_paper_groth16,2026-07-28T12:52:47.247418+00:00,measured,2,20,21,local_validity_and_operating_limit_16,local_validity_and_operating_limit,pi_valid+pi_limit,account,composition,16,,valid_limit_b16,baseline,shared_witness,monolithic,1,local_validity_and_operating_limit_16,groth16,131,0.0193392560004213,0.29258907700022974,0.249825446000159,0.0,0.56175377900081,806,12,True,,True,ok,
20260728T123050Z_paper_groth16,2026-07-28T12:52:49.475150+00:00,measured,2,20,22,separate_account_budget_16,account_policy_with_privacy_budget,pi_valid+pi_trans+pi_limit+pi_budget,account,composition_baseline,16,,account_budget_b16,baseline,unbound,separate,4,local_financial_validity_16;state_transition_and_conservation_16;operating_limit_16;privacy_budget_16,groth16,329,0.07622129799983668,1.144811173999642,1.0044817650000368,0.0,2.2255142369995156,3221,29,True,,True,ok,
20260728T123050Z_paper_groth16,2026-07-28T12:52:50.054169+00:00,measured,2,20,23,operating_limit_16,operating_limit,pi_limit,account,individual_policy,16,,,,none,monolithic,1,operating_limit_16,groth16,92,0.02262291999977606,0.2911001280003802,0.26464297700022144,0.0,0.5783660250003777,804,12,True,,True,ok,
20260728T123050Z_paper_groth16,2026-07-28T12:52:50.671956+00:00,measured,2,20,24,linked_valid_limit_monolithic_32,local_validity_and_operating_limit,pi_valid+pi_limit,account,composition,32,,valid_limit_b32,commitment_linked,tx_tag,monolithic,1,linked_valid_limit_monolithic_32,groth16,1210,0.039565561000017624,0.323223574000167,0.2541439699998591,2.4230002964031883e-06,0.6169355280003401,807,98,True,True,True,ok,
20260728T123050Z_paper_groth16,2026-07-28T12:52:51.258231+00:00,measured,2,20,25,local_validity_and_operating_limit_64,local_validity_and_operating_limit,pi_valid+pi_limit,account,composition,64,,valid_limit_b64,baseline,shared_witness,monolithic,1,local_validity_and_operating_limit_64,groth16,467,0.023752994000005856,0.29293909000034546,0.2689833459999136,0.0,0.5856754300002649,804,26,True,,True,ok,
20260728T123050Z_paper_groth16,2026-07-28T12:52:51.833605+00:00,measured,2,20,26,privacy_budget_64,privacy_budget,pi_budget,account,individual_policy,64,,,,none,monolithic,1,privacy_budget_64,groth16,332,0.020240504999947007,0.29921862700030033,0.2553018409998913,0.0,0.5747609730001386,808,26,True,,True,ok,
20260728T123050Z_paper_groth16,2026-07-28T12:52:52.418350+00:00,measured,2,20,27,account_policy_core_32,account_policy_core,pi_valid+pi_trans+pi_limit,account,composition,32,,account_core_b32,baseline,shared_witness,monolithic,1,account_policy_core_32,groth16,346,0.021728017999976146,0.2941386610000336,0.2682595390001552,0.0,0.584126218000165,805,16,True,,True,ok,
20260728T123050Z_paper_groth16,2026-07-28T12:52:53.207876+00:00,measured,2,20,28,token_policy_bundle_32_depth_8,token_policy_bundle,pi_mem+pi_null+pi_valid+pi_budget,token,composition,32,8,token_bundle_b32_d8,baseline,shared_witness,monolithic,1,token_policy_bundle_32_depth_8,groth16,5525,0.04497315800017532,0.46160023900029046,0.2823085820000415,0.0,0.7888819790005073,804,261,True,,True,ok,
20260728T123050Z_paper_groth16,2026-07-28T12:52:55.797966+00:00,measured,2,20,29,linked_separate_account_budget_32,account_policy_with_privacy_budget,pi_valid+pi_trans+pi_limit+pi_budget,account,composition_baseline,32,,account_budget_b32,commitment_linked,tx_tag,separate,4,linked_account_budget_validity_32;linked_account_budget_transition_32;linked_account_budget_limit_32;linked_account_budget_budget_32,groth16,6333,0.23130363400014176,1.324505446999865,1.0311330439999438,2.8539998311316594e-06,2.5869449789997816,3215,444,True,True,True,ok,
20260728T123050Z_paper_groth16,2026-07-28T12:52:58.058989+00:00,measured,2,20,30,separate_account_budget_64,account_policy_with_privacy_budget,pi_valid+pi_trans+pi_limit+pi_budget,account,composition_baseline,64,,account_budget_b64,baseline,unbound,separate,4,local_financial_validity_64;state_transition_and_conservation_64;operating_limit_64;privacy_budget_64,groth16,1193,0.08196037199968487,1.1736040849996243,1.0033480440001767,0.0,2.258912500999486,3215,58,True,,True,ok,
20260728T123050Z_paper_groth16,2026-07-28T12:52:59.756453+00:00,measured,2,20,31,separate_account_core_16,account_policy_core,pi_valid+pi_trans+pi_limit,account,composition_baseline,16,,account_core_b16,baseline,unbound,separate,3,local_financial_validity_16;state_transition_and_conservation_16;operating_limit_16,groth16,237,0.059183328000017354,0.8735641749999559,0.7630520950001483,0.0,1.6957995980001215,2409,18,True,,True,ok,
20260728T123050Z_paper_groth16,2026-07-28T12:53:00.429718+00:00,measured,2,20,32,linked_account_budget_monolithic_32,account_policy_with_privacy_budget,pi_valid+pi_trans+pi_limit+pi_budget,account,composition,32,,account_budget_b32,commitment_linked,tx_tag,monolithic,1,linked_account_budget_monolithic_32,groth16,1914,0.05916338600036397,0.3446702310002365,0.26852218299973174,2.297999799338868e-06,0.6723580980001316,803,111,True,True,True,ok,
20260728T123050Z_paper_groth16,2026-07-28T12:53:01.536189+00:00,measured,2,20,33,separate_valid_limit_16,local_validity_and_operating_limit,pi_valid+pi_limit,account,composition_baseline,16,,valid_limit_b16,baseline,unbound,separate,2,local_financial_validity_16;operating_limit_16,groth16,148,0.039282070999888674,0.5819307810002101,0.4841236210004354,0.0,1.1053364730005342,1608,15,True,,True,ok,
20260728T123050Z_paper_groth16,2026-07-28T12:53:02.086024+00:00,measured,2,20,34,state_transition_and_conservation_16,state_transition_and_conservation,pi_trans,account,individual_policy,16,,,,none,monolithic,1,state_transition_and_conservation_16,groth16,89,0.020097466000152053,0.2800589560001754,0.24904212699993877,0.0,0.5491985490002662,804,3,True,,True,ok,
20260728T123050Z_paper_groth16,2026-07-28T12:53:02.663187+00:00,measured,2,20,35,account_policy_with_privacy_budget_64,account_policy_with_privacy_budget,pi_valid+pi_trans+pi_limit+pi_budget,account,composition,64,,account_budget_b64,baseline,shared_witness,monolithic,1,account_policy_with_privacy_budget_64,groth16,933,0.023329051000018808,0.30080714999985503,0.2524090519996207,0.0,0.5765452529994946,805,50,True,,True,ok,
20260728T123050Z_paper_groth16,2026-07-28T12:53:05.161321+00:00,measured,2,20,36,separate_token_bundle_32_depth_16,token_policy_bundle,pi_mem+pi_null+pi_valid+pi_budget,token,composition_baseline,32,16,token_bundle_b32_d16,baseline,unbound,separate,4,merkle_membership_depth_16;nullifier_correctness_poseidon;local_financial_validity_32;privacy_budget_32,groth16,9113,0.1112517139999909,1.3576381940006286,1.0270760700004757,0.0,2.495965978001095,3219,267,True,,True,ok,
20260728T123050Z_paper_groth16,2026-07-28T12:53:05.715936+00:00,measured,2,20,37,local_financial_validity_64,local_financial_validity,pi_valid,account,individual_policy,64,,,,none,monolithic,1,local_financial_validity_64,groth16,200,0.021969988999899215,0.2773332570000093,0.25468645000000834,0.0,0.5539896959999169,808,3,True,,True,ok,
20260728T123050Z_paper_groth16,2026-07-28T12:53:06.947915+00:00,measured,2,20,38,linked_separate_valid_limit_32,local_validity_and_operating_limit,pi_valid+pi_limit,account,composition_baseline,32,,valid_limit_b32,commitment_linked,tx_tag,separate,2,linked_valid_limit_validity_32;linked_valid_limit_limit_32,groth16,2210,0.07506880100027047,0.660883695999928,0.49434052299966424,2.696000137802912e-06,1.2302957160000005,1610,196,True,True,True,ok,
20260728T123050Z_paper_groth16,2026-07-28T12:53:07.536412+00:00,measured,2,20,39,account_policy_core_16,account_policy_core,pi_valid+pi_trans+pi_limit,account,composition,16,,account_core_b16,baseline,shared_witness,monolithic,1,account_policy_core_16,groth16,186,0.022469768000064505,0.28604318499992587,0.27939197399973636,0.0,0.5879049269997267,805,12,True,,True,ok,
20260728T123050Z_paper_groth16,2026-07-28T12:53:08.101337+00:00,measured,2,20,40,operating_limit_64,operating_limit,pi_limit,account,individual_policy,64,,,,none,monolithic,1,operating_limit_64,groth16,332,0.022212211999885767,0.29877269200005685,0.24330165699984718,0.0,0.5642865609997898,803,26,True,,True,ok,
20260728T123050Z_paper_groth16,2026-07-28T12:53:09.078525+00:00,measured,2,20,41,token_policy_bundle_32_depth_32,token_policy_bundle,pi_mem+pi_null+pi_valid+pi_budget,token,composition,32,32,token_bundle_b32_d32,baseline,shared_witness,monolithic,1,token_policy_bundle_32_depth_32,groth16,18005,0.05017514299970571,0.6688619070000641,0.257469183000012,0.0,0.9765062329997818,807,261,True,,True,ok,
20260728T123050Z_paper_groth16,2026-07-28T12:53:09.864731+00:00,measured,2,20,42,token_policy_bundle_32_depth_16,token_policy_bundle,pi_mem+pi_null+pi_valid+pi_budget,token,composition,32,16,token_bundle_b32_d16,baseline,shared_witness,monolithic,1,token_policy_bundle_32_depth_16,groth16,9685,0.04368469900009586,0.47694682900009866,0.26494140400018296,0.0,0.7855729320003775,806,260,True,,True,ok,
20260728T123050Z_paper_groth16,2026-07-28T12:53:11.535576+00:00,measured,2,20,43,separate_account_core_32,account_policy_core,pi_valid+pi_trans+pi_limit,account,composition_baseline,32,,account_core_b32,baseline,unbound,separate,3,local_financial_validity_32;state_transition_and_conservation_32;operating_limit_32,groth16,445,0.059086520000164455,0.860355102000085,0.7497861160004504,0.0,1.6692277380007,2414,22,True,,True,ok,
20260728T123050Z_paper_groth16,2026-07-28T12:53:12.095722+00:00,measured,2,20,44,account_policy_with_privacy_budget_16,account_policy_with_privacy_budget,pi_valid+pi_trans+pi_limit+pi_budget,account,composition,16,,account_budget_b16,baseline,shared_witness,monolithic,1,account_policy_with_privacy_budget_16,groth16,261,0.020820656000068993,0.29502952300026664,0.24364956799990978,0.0,0.5594997470002454,802,21,True,,True,ok,
20260728T123050Z_paper_groth16,2026-07-28T12:53:13.068124+00:00,measured,2,20,45,merkle_membership_depth_32,merkle_membership,pi_mem,token,individual_policy,,32,,,none,monolithic,1,merkle_membership_depth_32,groth16,16640,0.04169872399961605,0.6751757160000125,0.2548517949999223,0.0,0.9717262349995508,803,84,True,,True,ok,
20260728T123050Z_paper_groth16,2026-07-28T12:53:13.635428+00:00,measured,2,20,46,state_transition_and_conservation_64,state_transition_and_conservation,pi_trans,account,individual_policy,64,,,,none,monolithic,1,state_transition_and_conservation_64,groth16,329,0.02172145200029263,0.2917929059999551,0.253187847999925,0.0,0.5667022060001727,801,3,True,,True,ok,
20260728T123050Z_paper_groth16,2026-07-28T12:53:14.222049+00:00,measured,3,21,1,local_validity_and_operating_limit_32,local_validity_and_operating_limit,pi_valid+pi_limit,account,composition,32,,valid_limit_b32,baseline,shared_witness,monolithic,1,local_validity_and_operating_limit_32,groth16,243,0.020161172000371153,0.3061411319999934,0.2596821249999266,0.0,0.5859844290002911,807,16,True,,True,ok,
20260728T123050Z_paper_groth16,2026-07-28T12:53:14.815804+00:00,measured,3,21,2,operating_limit_64,operating_limit,pi_limit,account,individual_policy,64,,,,none,monolithic,1,operating_limit_64,groth16,332,0.018585313000130554,0.3062565939999331,0.26831696399995053,0.0,0.5931588710000142,805,26,True,,True,ok,
20260728T123050Z_paper_groth16,2026-07-28T12:53:17.590377+00:00,measured,3,21,3,linked_separate_token_bundle_32_depth_16,token_policy_bundle,pi_mem+pi_null+pi_valid+pi_budget,token,composition_baseline,32,16,token_bundle_b32_d16,commitment_linked,tx_tag,separate,4,linked_token_bundle_membership_32_depth_16;linked_token_bundle_nullifier_32_depth_16;linked_token_bundle_validity_32_depth_16;linked_token_bundle_budget_32_depth_16,groth16,15434,0.23893382499954896,1.506511914999919,1.0247686569996404,2.7730002329917625e-06,2.7702171699993414,3221,1368,True,True,True,ok,
20260728T123050Z_paper_groth16,2026-07-28T12:53:18.145596+00:00,measured,3,21,4,state_transition_and_conservation_32,state_transition_and_conservation,pi_trans,account,individual_policy,32,,,,none,monolithic,1,state_transition_and_conservation_32,groth16,169,0.02027867900005731,0.2837362509999366,0.25060119999989183,0.0,0.5546161299998857,803,3,True,,True,ok,
20260728T123050Z_paper_groth16,2026-07-28T12:53:20.782008+00:00,measured,3,21,5,separate_token_bundle_32_depth_32,token_policy_bundle,pi_mem+pi_null+pi_valid+pi_budget,token,composition_baseline,32,32,token_bundle_b32_d32,baseline,unbound,separate,4,merkle_membership_depth_32;nullifier_correctness_poseidon;local_financial_validity_32;privacy_budget_32,groth16,17433,0.11341869299985774,1.5205407040002683,1.000279796000541,0.0,2.634239193000667,3225,267,True,,True,ok,
20260728T123050Z_paper_groth16,2026-07-28T12:53:21.521074+00:00,measured,3,21,6,token_policy_bundle_32_depth_8,token_policy_bundle,pi_mem+pi_null+pi_valid+pi_budget,token,composition,32,8,token_bundle_b32_d8,baseline,shared_witness,monolithic,1,token_policy_bundle_32_depth_8,groth16,5525,0.044976417000270885,0.42622289200016894,0.2672147230000519,0.0,0.7384140320004917,807,261,True,,True,ok,
20260728T123050Z_paper_groth16,2026-07-28T12:53:22.102966+00:00,measured,3,21,7,privacy_budget_16,privacy_budget,pi_budget,account,individual_policy,16,,,,none,monolithic,1,privacy_budget_16,groth16,92,0.02061261500011824,0.3018451319999258,0.2587745289997656,0.0,0.5812322759998096,805,11,True,,True,ok,
20260728T123050Z_paper_groth16,2026-07-28T12:53:22.657097+00:00,measured,3,21,8,local_financial_validity_16,local_financial_validity,pi_valid,account,individual_policy,16,,,,none,monolithic,1,local_financial_validity_16,groth16,56,0.019954793000124482,0.2831562239998675,0.250373013999706,0.0,0.553484030999698,800,3,True,,True,ok,
20260728T123050Z_paper_groth16,2026-07-28T12:53:23.600898+00:00,measured,3,21,9,token_policy_bundle_32_depth_32,token_policy_bundle,pi_mem+pi_null+pi_valid+pi_budget,token,composition,32,32,token_bundle_b32_d32,baseline,shared_witness,monolithic,1,token_policy_bundle_32_depth_32,groth16,18005,0.048147206000066944,0.6496696100002737,0.2452480070001002,0.0,0.9430648230004408,805,261,True,,True,ok,
20260728T123050Z_paper_groth16,2026-07-28T12:53:24.180498+00:00,measured,3,21,10,account_policy_core_16,account_policy_core,pi_valid+pi_trans+pi_limit,account,composition,16,,account_core_b16,baseline,shared_witness,monolithic,1,account_policy_core_16,groth16,186,0.021754791000148543,0.28998561799971867,0.2671804750002593,0.0,0.5789208840001265,807,12,True,,True,ok,
20260728T123050Z_paper_groth16,2026-07-28T12:53:24.755909+00:00,measured,3,21,11,privacy_budget_64,privacy_budget,pi_budget,account,individual_policy,64,,,,none,monolithic,1,privacy_budget_64,groth16,332,0.022603080999942904,0.29862062800020794,0.25354145200026323,0.0,0.5747651610004141,803,26,True,,True,ok,
20260728T123050Z_paper_groth16,2026-07-28T12:53:25.346792+00:00,measured,3,21,12,local_validity_and_operating_limit_64,local_validity_and_operating_limit,pi_valid+pi_limit,account,composition,64,,valid_limit_b64,baseline,shared_witness,monolithic,1,local_validity_and_operating_limit_64,groth16,467,0.021259857000131888,0.30214292100026796,0.26687319400025444,0.0,0.5902759720006543,804,26,True,,True,ok,
20260728T123050Z_paper_groth16,2026-07-28T12:53:25.958885+00:00,measured,3,21,13,account_policy_core_64,account_policy_core,pi_valid+pi_trans+pi_limit,account,composition,64,,account_core_b64,baseline,shared_witness,monolithic,1,account_policy_core_64,groth16,666,0.021346447999803786,0.32608173599965085,0.26402780899979916,0.0,0.6114559929992538,803,26,True,,True,ok,
20260728T123050Z_paper_groth16,2026-07-28T12:53:26.528741+00:00,measured,3,21,14,local_financial_validity_64,local_financial_validity,pi_valid,account,individual_policy,64,,,,none,monolithic,1,local_financial_validity_64,groth16,200,0.02206400700015365,0.2947058649997416,0.25247124099996654,0.0,0.5692411129998618,802,3,True,,True,ok,
20260728T123050Z_paper_groth16,2026-07-28T12:53:28.230892+00:00,measured,3,21,15,separate_account_core_32,account_policy_core,pi_valid+pi_trans+pi_limit,account,composition_baseline,32,,account_core_b32,baseline,unbound,separate,3,local_financial_validity_32;state_transition_and_conservation_32;operating_limit_32,groth16,445,0.0608072839995657,0.8903484059997027,0.7493657440004426,0.0,1.700521433999711,2411,22,True,,True,ok,
20260728T123050Z_paper_groth16,2026-07-28T12:53:29.083657+00:00,measured,3,21,16,linked_token_bundle_monolithic_32_depth_16,token_policy_bundle,pi_mem+pi_null+pi_valid+pi_budget,token,composition,32,16,token_bundle_b32_d16,commitment_linked,tx_tag,monolithic,1,linked_token_bundle_monolithic_32_depth_16,groth16,11114,0.061291097000321315,0.5336995870002283,0.25550167199980933,2.437000148347579e-06,0.8504947930005073,805,342,True,True,True,ok,
20260728T123050Z_paper_groth16,2026-07-28T12:53:30.004311+00:00,measured,3,21,17,merkle_membership_depth_32,merkle_membership,pi_mem,token,individual_policy,,32,,,none,monolithic,1,merkle_membership_depth_32,groth16,16640,0.04276315499964767,0.6346017999999276,0.24262872000008429,0.0,0.9199936749996596,802,84,True,,True,ok,
20260728T123050Z_paper_groth16,2026-07-28T12:53:30.555241+00:00,measured,3,21,18,privacy_budget_32,privacy_budget,pi_budget,account,individual_policy,32,,,,none,monolithic,1,privacy_budget_32,groth16,172,0.019825645000310033,0.2862807769997744,0.2442024560000391,0.0,0.5503088780001235,806,16,True,,True,ok,
20260728T123050Z_paper_groth16,2026-07-28T12:53:31.213641+00:00,measured,3,21,19,linked_account_budget_monolithic_32,account_policy_with_privacy_budget,pi_valid+pi_trans+pi_limit+pi_budget,account,composition,32,,account_budget_b32,commitment_linked,tx_tag,monolithic,1,linked_account_budget_monolithic_32,groth16,1914,0.057740019999982906,0.34472915800006376,0.25465339799984577,2.208000296377577e-06,0.6571247840001888,805,111,True,True,True,ok,
20260728T123050Z_paper_groth16,2026-07-28T12:53:32.353667+00:00,measured,3,21,20,separate_valid_limit_64,local_validity_and_operating_limit,pi_valid+pi_limit,account,composition_baseline,64,,valid_limit_b64,baseline,unbound,separate,2,local_financial_validity_64;operating_limit_64,groth16,532,0.038498251999953936,0.584727832000226,0.5157086510002955,0.0,1.1389347350004755,1611,29,True,,True,ok,
20260728T123050Z_paper_groth16,2026-07-28T12:53:34.019432+00:00,measured,3,21,21,separate_account_core_16,account_policy_core,pi_valid+pi_trans+pi_limit,account,composition_baseline,16,,account_core_b16,baseline,unbound,separate,3,local_financial_validity_16;state_transition_and_conservation_16;operating_limit_16,groth16,237,0.05858886199985136,0.8388912720001827,0.7667114229998333,0.0,1.6641915569998673,2411,18,True,,True,ok,
20260728T123050Z_paper_groth16,2026-07-28T12:53:35.276411+00:00,measured,3,21,22,linked_separate_valid_limit_32,local_validity_and_operating_limit,pi_valid+pi_limit,account,composition_baseline,32,,valid_limit_b32,commitment_linked,tx_tag,separate,2,linked_valid_limit_validity_32;linked_valid_limit_limit_32,groth16,2210,0.07704679499966005,0.6521649209998941,0.5262348770006611,2.3180000425782055e-06,1.2554489110002578,1606,196,True,True,True,ok,
20260728T123050Z_paper_groth16,2026-07-28T12:53:37.711815+00:00,measured,3,21,23,separate_token_bundle_32_depth_8,token_policy_bundle,pi_mem+pi_null+pi_valid+pi_budget,token,composition_baseline,32,8,token_bundle_b32_d8,baseline,unbound,separate,4,merkle_membership_depth_8;nullifier_correctness_poseidon;local_financial_validity_32;privacy_budget_32,groth16,4953,0.10928763499941851,1.2881514770001559,1.035520835999705,0.0,2.4329599479992794,3219,267,True,,True,ok,
20260728T123050Z_paper_groth16,2026-07-28T12:53:40.274470+00:00,measured,3,21,24,linked_separate_account_budget_32,account_policy_with_privacy_budget,pi_valid+pi_trans+pi_limit+pi_budget,account,composition_baseline,32,,account_budget_b32,commitment_linked,tx_tag,separate,4,linked_account_budget_validity_32;linked_account_budget_transition_32;linked_account_budget_limit_32;linked_account_budget_budget_32,groth16,6333,0.22929351599987058,1.3060790839999754,1.024268869000025,2.924999989772914e-06,2.5596443939998608,3217,444,True,True,True,ok,
20260728T123050Z_paper_groth16,2026-07-28T12:53:42.787962+00:00,measured,3,21,25,separate_token_bundle_32_depth_16,token_policy_bundle,pi_mem+pi_null+pi_valid+pi_budget,token,composition_baseline,32,16,token_bundle_b32_d16,baseline,unbound,separate,4,merkle_membership_depth_16;nullifier_correctness_poseidon;local_financial_validity_32;privacy_budget_32,groth16,9113,0.11404928799947811,1.3748293629996624,1.022463252000307,0.0,2.5113419029994475,3225,267,True,,True,ok,
20260728T123050Z_paper_groth16,2026-07-28T12:53:43.387732+00:00,measured,3,21,26,nullifier_correctness_poseidon,nullifier_correctness,pi_null,token,individual_policy,,,,,none,monolithic,1,nullifier_correctness_poseidon,groth16,517,0.033289500000137195,0.31197791000022335,0.25385052100000394,0.0,0.5991179310003645,803,164,True,,True,ok,
20260728T123050Z_paper_groth16,2026-07-28T12:53:43.943506+00:00,measured,3,21,27,local_validity_and_operating_limit_16,local_validity_and_operating_limit,pi_valid+pi_limit,account,composition,16,,valid_limit_b16,baseline,shared_witness,monolithic,1,local_validity_and_operating_limit_16,groth16,131,0.020911989000069298,0.293580651999946,0.24070010600007663,0.0,0.5551927470000919,807,12,True,,True,ok,
20260728T123050Z_paper_groth16,2026-07-28T12:53:44.505802+00:00,measured,3,21,28,account_policy_with_privacy_budget_32,account_policy_with_privacy_budget,pi_valid+pi_trans+pi_limit+pi_budget,account,composition,32,,account_budget_b32,baseline,shared_witness,monolithic,1,account_policy_with_privacy_budget_32,groth16,485,0.021681431000160956,0.2912259899999299,0.24876132899998993,0.0,0.5616687500000808,800,30,True,,True,ok,
20260728T123050Z_paper_groth16,2026-07-28T12:53:46.766331+00:00,measured,3,21,29,separate_account_budget_32,account_policy_with_privacy_budget,pi_valid+pi_trans+pi_limit+pi_budget,account,composition_baseline,32,,account_budget_b32,baseline,unbound,separate,4,local_financial_validity_32;state_transition_and_conservation_32;operating_limit_32;privacy_budget_32,groth16,617,0.07738004600014392,1.1621220650004034,1.0189527109996561,0.0,2.2584548220002034,3216,38,True,,True,ok,
20260728T123050Z_paper_groth16,2026-07-28T12:53:47.393376+00:00,measured,3,21,30,linked_valid_limit_monolithic_32,local_validity_and_operating_limit,pi_valid+pi_limit,account,composition,32,,valid_limit_b32,commitment_linked,tx_tag,monolithic,1,linked_valid_limit_monolithic_32,groth16,1210,0.04060730599985618,0.3315263730000879,0.25404132200037566,2.091000169457402e-06,0.6261770920004892,806,98,True,True,True,ok,
20260728T123050Z_paper_groth16,2026-07-28T12:53:47.985662+00:00,measured,3,21,31,state_transition_and_conservation_16,state_transition_and_conservation,pi_trans,account,individual_policy,16,,,,none,monolithic,1,state_transition_and_conservation_16,groth16,89,0.019997323000097822,0.3006438560000788,0.2710831309996138,0.0,0.5917243099997904,803,3,True,,True,ok,
20260728T123050Z_paper_groth16,2026-07-28T12:53:50.230463+00:00,measured,3,21,32,separate_account_budget_64,account_policy_with_privacy_budget,pi_valid+pi_trans+pi_limit+pi_budget,account,composition_baseline,64,,account_budget_b64,baseline,unbound,separate,4,local_financial_validity_64;state_transition_and_conservation_64;operating_limit_64;privacy_budget_64,groth16,1193,0.08399111300013828,1.1512024210001073,1.0075055470001644,0.0,2.24269908100041,3220,58,True,,True,ok,
20260728T123050Z_paper_groth16,2026-07-28T12:53:50.823686+00:00,measured,3,21,33,account_policy_core_32,account_policy_core,pi_valid+pi_trans+pi_limit,account,composition,32,,account_core_b32,baseline,shared_witness,monolithic,1,account_policy_core_32,groth16,346,0.021066541999971378,0.30020522099994196,0.27128090899987,0.0,0.5925526719997833,807,16,True,,True,ok,
20260728T123050Z_paper_groth16,2026-07-28T12:53:51.653774+00:00,measured,3,21,34,token_policy_bundle_32_depth_16,token_policy_bundle,pi_mem+pi_null+pi_valid+pi_budget,token,composition,32,16,token_bundle_b32_d16,baseline,shared_witness,monolithic,1,token_policy_bundle_32_depth_16,groth16,9685,0.0453272609997839,0.5323183090004022,0.2517579919999662,0.0,0.8294035620001523,804,260,True,,True,ok,
20260728T123050Z_paper_groth16,2026-07-28T12:53:52.234021+00:00,measured,3,21,35,account_policy_with_privacy_budget_64,account_policy_with_privacy_budget,pi_valid+pi_trans+pi_limit+pi_budget,account,composition,64,,account_budget_b64,baseline,shared_witness,monolithic,1,account_policy_with_privacy_budget_64,groth16,933,0.020292664999942644,0.3006532479998896,0.24979861700012407,0.0,0.5707445299999563,807,50,True,,True,ok,
20260728T123050Z_paper_groth16,2026-07-28T12:53:52.776422+00:00,measured,3,21,36,local_financial_validity_32,local_financial_validity,pi_valid,account,individual_policy,32,,,,none,monolithic,1,local_financial_validity_32,groth16,104,0.018504511000173807,0.27889654699993116,0.24440379299994675,0.0,0.5418048510000517,803,3,True,,True,ok,
20260728T123050Z_paper_groth16,2026-07-28T12:53:53.887181+00:00,measured,3,21,37,separate_valid_limit_16,local_validity_and_operating_limit,pi_valid+pi_limit,account,composition_baseline,16,,valid_limit_b16,baseline,unbound,separate,2,local_financial_validity_16;operating_limit_16,groth16,148,0.04151838999996471,0.5468055519995687,0.5213509140003225,0.0,1.109674855999856,1606,15,True,,True,ok,
20260728T123050Z_paper_groth16,2026-07-28T12:53:54.467903+00:00,measured,3,21,38,operating_limit_32,operating_limit,pi_limit,account,individual_policy,32,,,,none,monolithic,1,operating_limit_32,groth16,172,0.02118389599991133,0.3021653810001226,0.25674479500003144,0.0,0.5800940720000654,807,16,True,,True,ok,
20260728T123050Z_paper_groth16,2026-07-28T12:53:55.623921+00:00,measured,3,21,39,separate_valid_limit_32,local_validity_and_operating_limit,pi_valid+pi_limit,account,composition_baseline,32,,valid_limit_b32,baseline,unbound,separate,2,local_financial_validity_32;operating_limit_32,groth16,276,0.03980390400010947,0.5924359179998646,0.5226427650000005,0.0,1.1548825869999746,1609,19,True,,True,ok,
20260728T123050Z_paper_groth16,2026-07-28T12:53:56.440148+00:00,measured,3,21,40,merkle_membership_depth_16,merkle_membership,pi_mem,token,individual_policy,,16,,,none,monolithic,1,merkle_membership_depth_16,groth16,8320,0.0404174340001191,0.5139087190000282,0.26120959199988647,0.0,0.8155357450000338,806,84,True,,True,ok,
20260728T123050Z_paper_groth16,2026-07-28T12:53:57.028134+00:00,measured,3,21,41,state_transition_and_conservation_64,state_transition_and_conservation,pi_trans,account,individual_policy,64,,,,none,monolithic,1,state_transition_and_conservation_64,groth16,329,0.02277626999966742,0.3154987230000188,0.24908198599996467,0.0,0.5873569789996509,805,3,True,,True,ok,
20260728T123050Z_paper_groth16,2026-07-28T12:53:57.587322+00:00,measured,3,21,42,operating_limit_16,operating_limit,pi_limit,account,individual_policy,16,,,,none,monolithic,1,operating_limit_16,groth16,92,0.019065421000050264,0.286918624000009,0.25246796100009306,0.0,0.5584520060001523,804,12,True,,True,ok,
20260728T123050Z_paper_groth16,2026-07-28T12:53:59.347254+00:00,measured,3,21,43,separate_account_core_64,account_policy_core,pi_valid+pi_trans+pi_limit,account,composition_baseline,64,,account_core_b64,baseline,unbound,separate,3,local_financial_validity_64;state_transition_and_conservation_64;operating_limit_64,groth16,861,0.0704364970001734,0.9140068330002578,0.7738397909993182,0.0,1.7582831209997494,2416,32,True,,True,ok,
20260728T123050Z_paper_groth16,2026-07-28T12:54:01.582953+00:00,measured,3,21,44,separate_account_budget_16,account_policy_with_privacy_budget,pi_valid+pi_trans+pi_limit+pi_budget,account,composition_baseline,16,,account_budget_b16,baseline,unbound,separate,4,local_financial_validity_16;state_transition_and_conservation_16;operating_limit_16;privacy_budget_16,groth16,329,0.07916746599948965,1.1264807350003139,1.0279231139993499,0.0,2.2335713149991534,3222,29,True,,True,ok,
20260728T123050Z_paper_groth16,2026-07-28T12:54:02.153276+00:00,measured,3,21,45,account_policy_with_privacy_budget_16,account_policy_with_privacy_budget,pi_valid+pi_trans+pi_limit+pi_budget,account,composition,16,,account_budget_b16,baseline,shared_witness,monolithic,1,account_policy_with_privacy_budget_16,groth16,261,0.02131016900011673,0.29144794500007265,0.2568978959998276,0.0,0.569656010000017,805,21,True,,True,ok,
20260728T123050Z_paper_groth16,2026-07-28T12:54:02.902952+00:00,measured,3,21,46,merkle_membership_depth_8,merkle_membership,pi_mem,token,individual_policy,,8,,,none,monolithic,1,merkle_membership_depth_8,groth16,4160,0.040133135999894876,0.44884274099968025,0.2600921200000812,0.0,0.7490679969996563,804,84,True,,True,ok,
20260728T123050Z_paper_groth16,2026-07-28T12:54:03.454448+00:00,measured,3,22,1,local_financial_validity_16,local_financial_validity,pi_valid,account,individual_policy,16,,,,none,monolithic,1,local_financial_validity_16,groth16,56,0.021446755999932066,0.2835969880002267,0.245835557999726,0.0,0.5508793019998848,806,3,True,,True,ok,
20260728T123050Z_paper_groth16,2026-07-28T12:54:05.731886+00:00,measured,3,22,2,separate_account_budget_64,account_policy_with_privacy_budget,pi_valid+pi_trans+pi_limit+pi_budget,account,composition_baseline,64,,account_budget_b64,baseline,unbound,separate,4,local_financial_validity_64;state_transition_and_conservation_64;operating_limit_64;privacy_budget_64,groth16,1193,0.08516983900017294,1.159981992000212,1.0301316509999197,0.0,2.2752834820003045,3223,58,True,,True,ok,
20260728T123050Z_paper_groth16,2026-07-28T12:54:06.850905+00:00,measured,3,22,3,separate_valid_limit_32,local_validity_and_operating_limit,pi_valid+pi_limit,account,composition_baseline,32,,valid_limit_b32,baseline,unbound,separate,2,local_financial_validity_32;operating_limit_32,groth16,276,0.04094980099989698,0.5890604289998009,0.4878686909996759,0.0,1.1178789209993738,1608,19,True,,True,ok,
20260728T123050Z_paper_groth16,2026-07-28T12:54:07.689334+00:00,measured,3,22,4,token_policy_bundle_32_depth_16,token_policy_bundle,pi_mem+pi_null+pi_valid+pi_budget,token,composition,32,16,token_bundle_b32_d16,baseline,shared_witness,monolithic,1,token_policy_bundle_32_depth_16,groth16,9685,0.04697364899993772,0.5332942220002224,0.24856345099988175,0.0,0.8288313220000418,804,260,True,,True,ok,
20260728T123050Z_paper_groth16,2026-07-28T12:54:08.663632+00:00,measured,3,22,5,token_policy_bundle_32_depth_32,token_policy_bundle,pi_mem+pi_null+pi_valid+pi_budget,token,composition,32,32,token_bundle_b32_d32,baseline,shared_witness,monolithic,1,token_policy_bundle_32_depth_32,groth16,18005,0.04674156300006871,0.6570095530000799,0.26914899700022943,0.0,0.972900113000378,803,261,True,,True,ok,
20260728T123050Z_paper_groth16,2026-07-28T12:54:09.250011+00:00,measured,3,22,6,nullifier_correctness_poseidon,nullifier_correctness,pi_null,token,individual_policy,,,,,none,monolithic,1,nullifier_correctness_poseidon,groth16,517,0.03248334899990368,0.3122224130001996,0.2410658950002471,0.0,0.5857716570003504,804,164,True,,True,ok,
20260728T123050Z_paper_groth16,2026-07-28T12:54:09.798002+00:00,measured,3,22,7,local_financial_validity_32,local_financial_validity,pi_valid,account,individual_policy,32,,,,none,monolithic,1,local_financial_validity_32,groth16,104,0.018505197999729717,0.2888769989999673,0.2399592900001153,0.0,0.5473414869998123,802,3,True,,True,ok,
20260728T123050Z_paper_groth16,2026-07-28T12:54:10.430525+00:00,measured,3,22,8,account_policy_with_privacy_budget_64,account_policy_with_privacy_budget,pi_valid+pi_trans+pi_limit+pi_budget,account,composition,64,,account_budget_b64,baseline,shared_witness,monolithic,1,account_policy_with_privacy_budget_64,groth16,933,0.02598607300024014,0.3388222409998889,0.2670565970001917,0.0,0.6318649110003207,807,50,True,,True,ok,
20260728T123050Z_paper_groth16,2026-07-28T12:54:11.283728+00:00,measured,3,22,9,linked_token_bundle_monolithic_32_depth_16,token_policy_bundle,pi_mem+pi_null+pi_valid+pi_budget,token,composition,32,16,token_bundle_b32_d16,commitment_linked,tx_tag,monolithic,1,linked_token_bundle_monolithic_32_depth_16,groth16,11114,0.062317749000158074,0.5371511230000579,0.2509471619996475,2.341000254091341e-06,0.8504183750001175,806,342,True,True,True,ok,
20260728T123050Z_paper_groth16,2026-07-28T12:54:12.394576+00:00,measured,3,22,10,separate_valid_limit_16,local_validity_and_operating_limit,pi_valid+pi_limit,account,composition_baseline,16,,valid_limit_b16,baseline,unbound,separate,2,local_financial_validity_16;operating_limit_16,groth16,148,0.03756150000026537,0.5767970570000216,0.4953898159997152,0.0,1.1097483730000022,1613,15,True,,True,ok,
20260728T123050Z_paper_groth16,2026-07-28T12:54:13.000817+00:00,measured,3,22,11,local_validity_and_operating_limit_16,local_validity_and_operating_limit,pi_valid+pi_limit,account,composition,16,,valid_limit_b16,baseline,shared_witness,monolithic,1,local_validity_and_operating_limit_16,groth16,131,0.01965778199974011,0.3099152889999459,0.27605052800026897,0.0,0.605623598999955,805,12,True,,True,ok,
20260728T123050Z_paper_groth16,2026-07-28T12:54:13.570509+00:00,measured,3,22,12,operating_limit_32,operating_limit,pi_limit,account,individual_policy,32,,,,none,monolithic,1,operating_limit_32,groth16,172,0.019771082999795908,0.29094868799984397,0.25834465000025375,0.0,0.5690644209998936,805,16,True,,True,ok,
20260728T123050Z_paper_groth16,2026-07-28T12:54:16.118190+00:00,measured,3,22,13,linked_separate_account_budget_32,account_policy_with_privacy_budget,pi_valid+pi_trans+pi_limit+pi_budget,account,composition_baseline,32,,account_budget_b32,commitment_linked,tx_tag,separate,4,linked_account_budget_validity_32;linked_account_budget_transition_32;linked_account_budget_limit_32;linked_account_budget_budget_32,groth16,6333,0.226705989000493,1.3209078340000815,0.9965680690002046,2.7430000955064315e-06,2.5441846350008746,3222,444,True,True,True,ok,
20260728T123050Z_paper_groth16,2026-07-28T12:54:17.798357+00:00,measured,3,22,14,separate_account_core_16,account_policy_core,pi_valid+pi_trans+pi_limit,account,composition_baseline,16,,account_core_b16,baseline,unbound,separate,3,local_financial_validity_16;state_transition_and_conservation_16;operating_limit_16,groth16,237,0.05732142100077908,0.8540519160001168,0.7582998450002378,0.0,1.6696731820011337,2414,18,True,,True,ok,
20260728T123050Z_paper_groth16,2026-07-28T12:54:18.450729+00:00,measured,3,22,15,linked_account_budget_monolithic_32,account_policy_with_privacy_budget,pi_valid+pi_trans+pi_limit+pi_budget,account,composition,32,,account_budget_b32,commitment_linked,tx_tag,monolithic,1,linked_account_budget_monolithic_32,groth16,1914,0.05892273600011322,0.34277641400012726,0.24944485200012423,2.6610000531945843e-06,0.6511466630004179,805,111,True,True,True,ok,
20260728T123050Z_paper_groth16,2026-07-28T12:54:19.019840+00:00,measured,3,22,16,privacy_budget_16,privacy_budget,pi_budget,account,individual_policy,16,,,,none,monolithic,1,privacy_budget_16,groth16,92,0.019655927999792766,0.29612219199998435,0.25275574599982065,0.0,0.5685338659995978,806,11,True,,True,ok,
20260728T123050Z_paper_groth16,2026-07-28T12:54:19.590596+00:00,measured,3,22,17,local_financial_validity_64,local_financial_validity,pi_valid,account,individual_policy,64,,,,none,monolithic,1,local_financial_validity_64,groth16,200,0.022612525999647914,0.2952205530000356,0.25232386200013934,0.0,0.5701569409998228,805,3,True,,True,ok,
20260728T123050Z_paper_groth16,2026-07-28T12:54:21.321749+00:00,measured,3,22,18,separate_account_core_32,account_policy_core,pi_valid+pi_trans+pi_limit,account,composition_baseline,32,,account_core_b32,baseline,unbound,separate,3,local_financial_validity_32;state_transition_and_conservation_32;operating_limit_32,groth16,445,0.06089319200009413,0.8929216860001361,0.7754070289997799,0.0,1.72922190700001,2411,22,True,,True,ok,
20260728T123050Z_paper_groth16,2026-07-28T12:54:23.547346+00:00,measured,3,22,19,separate_account_budget_32,account_policy_with_privacy_budget,pi_valid+pi_trans+pi_limit+pi_budget,account,composition_baseline,32,,account_budget_b32,baseline,unbound,separate,4,local_financial_validity_32;state_transition_and_conservation_32;operating_limit_32;privacy_budget_32,groth16,617,0.07914315399966654,1.139880787000493,1.0044202579997545,0.0,2.223444198999914,3218,38,True,,True,ok,
20260728T123050Z_paper_groth16,2026-07-28T12:54:24.100595+00:00,measured,3,22,20,account_policy_with_privacy_budget_16,account_policy_with_privacy_budget,pi_valid+pi_trans+pi_limit+pi_budget,account,composition,16,,account_budget_b16,baseline,shared_witness,monolithic,1,account_policy_with_privacy_budget_16,groth16,261,0.01892188600004374,0.2847407449999082,0.24866625899994688,0.0,0.5523288899998988,801,21,True,,True,ok,
20260728T123050Z_paper_groth16,2026-07-28T12:54:26.841665+00:00,measured,3,22,21,separate_token_bundle_32_depth_32,token_policy_bundle,pi_mem+pi_null+pi_valid+pi_budget,token,composition_baseline,32,32,token_bundle_b32_d32,baseline,unbound,separate,4,merkle_membership_depth_32;nullifier_correctness_poseidon;local_financial_validity_32;privacy_budget_32,groth16,17433,0.11316651400011324,1.6136296800009404,1.0120221780002794,0.0,2.738818372001333,3222,267,True,,True,ok,
20260728T123050Z_paper_groth16,2026-07-28T12:54:27.403021+00:00,measured,3,22,22,operating_limit_64,operating_limit,pi_limit,account,individual_policy,64,,,,none,monolithic,1,operating_limit_64,groth16,332,0.021153969999886613,0.29250720700019883,0.2470079060003627,0.0,0.5606690830004482,808,26,True,,True,ok,
20260728T123050Z_paper_groth16,2026-07-28T12:54:30.221728+00:00,measured,3,22,23,linked_separate_token_bundle_32_depth_16,token_policy_bundle,pi_mem+pi_null+pi_valid+pi_budget,token,composition_baseline,32,16,token_bundle_b32_d16,commitment_linked,tx_tag,separate,4,linked_token_bundle_membership_32_depth_16;linked_token_bundle_nullifier_32_depth_16;linked_token_bundle_validity_32_depth_16;linked_token_bundle_budget_32_depth_16,groth16,15434,0.24181990499937456,1.5338861959994574,1.0385378430000856,2.6160000743402634e-06,2.814246559998992,3223,1368,True,True,True,ok,
20260728T123050Z_paper_groth16,2026-07-28T12:54:30.786527+00:00,measured,3,22,24,state_transition_and_conservation_32,state_transition_and_conservation,pi_trans,account,individual_policy,32,,,,none,monolithic,1,state_transition_and_conservation_32,groth16,169,0.019977287000074284,0.2910788809999758,0.25312680199976967,0.0,0.5641829699998198,805,3,True,,True,ok,
20260728T123050Z_paper_groth16,2026-07-28T12:54:31.368845+00:00,measured,3,22,25,account_policy_core_32,account_policy_core,pi_valid+pi_trans+pi_limit,account,composition,32,,account_core_b32,baseline,shared_witness,monolithic,1,account_policy_core_32,groth16,346,0.021935785000096075,0.310489060999771,0.24926672899982805,0.0,0.5816915749996951,802,16,True,,True,ok,
20260728T123050Z_paper_groth16,2026-07-28T12:54:31.947258+00:00,measured,3,22,26,privacy_budget_32,privacy_budget,pi_budget,account,individual_policy,32,,,,none,monolithic,1,privacy_budget_32,groth16,172,0.020542071999898326,0.3053037559998302,0.251934798000093,0.0,0.5777806259998215,806,16,True,,True,ok,
20260728T123050Z_paper_groth16,2026-07-28T12:54:32.668015+00:00,measured,3,22,27,merkle_membership_depth_8,merkle_membership,pi_mem,token,individual_policy,,8,,,none,monolithic,1,merkle_membership_depth_8,groth16,4160,0.03928192100011074,0.42372174799993445,0.25711350499977925,0.0,0.7201171739998244,804,84,True,,True,ok,
20260728T123050Z_paper_groth16,2026-07-28T12:54:33.253859+00:00,measured,3,22,28,state_transition_and_conservation_64,state_transition_and_conservation,pi_trans,account,individual_policy,64,,,,none,monolithic,1,state_transition_and_conservation_64,groth16,329,0.02197179299992058,0.3123521819998132,0.2509079659998861,0.0,0.5852319409996198,807,3,True,,True,ok,
20260728T123050Z_paper_groth16,2026-07-28T12:54:33.819742+00:00,measured,3,22,29,local_validity_and_operating_limit_64,local_validity_and_operating_limit,pi_valid+pi_limit,account,composition,64,,valid_limit_b64,baseline,shared_witness,monolithic,1,local_validity_and_operating_limit_64,groth16,467,0.021117165999839926,0.29919257199981075,0.24496546299997135,0.0,0.565275200999622,804,26,True,,True,ok,
20260728T123050Z_paper_groth16,2026-07-28T12:54:34.402616+00:00,measured,3,22,30,privacy_budget_64,privacy_budget,pi_budget,account,individual_policy,64,,,,none,monolithic,1,privacy_budget_64,groth16,332,0.020651878000080615,0.28581191200009926,0.2758126720000291,0.0,0.582276462000209,806,26,True,,True,ok,
20260728T123050Z_paper_groth16,2026-07-28T12:54:35.636132+00:00,measured,3,22,31,linked_separate_valid_limit_32,local_validity_and_operating_limit,pi_valid+pi_limit,account,composition_baseline,32,,valid_limit_b32,commitment_linked,tx_tag,separate,2,linked_valid_limit_validity_32;linked_valid_limit_limit_32,groth16,2210,0.0765873779996582,0.6572169199998825,0.4981313999996928,2.592999862827128e-06,1.2319382909990964,1612,196,True,True,True,ok,
20260728T123050Z_paper_groth16,2026-07-28T12:54:36.220184+00:00,measured,3,22,32,account_policy_with_privacy_budget_32,account_policy_with_privacy_budget,pi_valid+pi_trans+pi_limit+pi_budget,account,composition,32,,account_budget_b32,baseline,shared_witness,monolithic,1,account_policy_with_privacy_budget_32,groth16,485,0.02174281699990388,0.30153399500022715,0.26017860399997517,0.0,0.5834554160001062,808,30,True,,True,ok,
20260728T123050Z_paper_groth16,2026-07-28T12:54:36.800001+00:00,measured,3,22,33,account_policy_core_64,account_policy_core,pi_valid+pi_trans+pi_limit,account,composition,64,,account_core_b64,baseline,shared_witness,monolithic,1,account_policy_core_64,groth16,666,0.021885276999910275,0.2998608279999644,0.25747974299974885,0.0,0.5792258479996235,805,26,True,,True,ok,
20260728T123050Z_paper_groth16,2026-07-28T12:54:39.231415+00:00,measured,3,22,34,separate_token_bundle_32_depth_8,token_policy_bundle,pi_mem+pi_null+pi_valid+pi_budget,token,composition_baseline,32,8,token_bundle_b32_d8,baseline,unbound,separate,4,merkle_membership_depth_8;nullifier_correctness_poseidon;local_financial_validity_32;privacy_budget_32,groth16,4953,0.11417697600018073,1.2992515449996063,1.0158870009995553,0.0,2.4293155219993423,3220,267,True,,True,ok,
20260728T123050Z_paper_groth16,2026-07-28T12:54:41.751316+00:00,measured,3,22,35,separate_token_bundle_32_depth_16,token_policy_bundle,pi_mem+pi_null+pi_valid+pi_budget,token,composition_baseline,32,16,token_bundle_b32_d16,baseline,unbound,separate,4,merkle_membership_depth_16;nullifier_correctness_poseidon;local_financial_validity_32;privacy_budget_32,groth16,9113,0.11183268000013413,1.4054757250000876,1.0004189010001028,0.0,2.5177273060003245,3220,267,True,,True,ok,
20260728T123050Z_paper_groth16,2026-07-28T12:54:42.682169+00:00,measured,3,22,36,merkle_membership_depth_32,merkle_membership,pi_mem,token,individual_policy,,32,,,none,monolithic,1,merkle_membership_depth_32,groth16,16640,0.04084524199970474,0.6376546830001644,0.25164540900004795,0.0,0.9301453339999171,804,84,True,,True,ok,
20260728T123050Z_paper_groth16,2026-07-28T12:54:43.240250+00:00,measured,3,22,37,operating_limit_16,operating_limit,pi_limit,account,individual_policy,16,,,,none,monolithic,1,operating_limit_16,groth16,92,0.01910274700003356,0.28827117899982113,0.2501199920002364,0.0,0.5574939180000911,804,12,True,,True,ok,
20260728T123050Z_paper_groth16,2026-07-28T12:54:45.440247+00:00,measured,3,22,38,separate_account_budget_16,account_policy_with_privacy_budget,pi_valid+pi_trans+pi_limit+pi_budget,account,composition_baseline,16,,account_budget_b16,baseline,unbound,separate,4,local_financial_validity_16;state_transition_and_conservation_16;operating_limit_16;privacy_budget_16,groth16,329,0.07754805700005818,1.118366724999305,1.001962225999705,0.0,2.197877007999068,3218,29,True,,True,ok,
20260728T123050Z_paper_groth16,2026-07-28T12:54:46.072376+00:00,measured,3,22,39,linked_valid_limit_monolithic_32,local_validity_and_operating_limit,pi_valid+pi_limit,account,composition,32,,valid_limit_b32,commitment_linked,tx_tag,monolithic,1,linked_valid_limit_monolithic_32,groth16,1210,0.03848983000034423,0.3361045430001468,0.2566200179999214,2.278000010846881e-06,0.6312166690004233,805,98,True,True,True,ok,
20260728T123050Z_paper_groth16,2026-07-28T12:54:46.636533+00:00,measured,3,22,40,account_policy_core_16,account_policy_core,pi_valid+pi_trans+pi_limit,account,composition,16,,account_core_b16,baseline,shared_witness,monolithic,1,account_policy_core_16,groth16,186,0.020247483999810356,0.2897772860001169,0.25353230500013524,0.0,0.5635570750000625,803,12,True,,True,ok,
20260728T123050Z_paper_groth16,2026-07-28T12:54:47.450999+00:00,measured,3,22,41,merkle_membership_depth_16,merkle_membership,pi_mem,token,individual_policy,,16,,,none,monolithic,1,merkle_membership_depth_16,groth16,8320,0.04285564700012401,0.5255254690000584,0.24513045200001216,0.0,0.8135115680001945,804,84,True,,True,ok,
20260728T123050Z_paper_groth16,2026-07-28T12:54:49.190202+00:00,measured,3,22,42,separate_account_core_64,account_policy_core,pi_valid+pi_trans+pi_limit,account,composition_baseline,64,,account_core_b64,baseline,unbound,separate,3,local_financial_validity_64;state_transition_and_conservation_64;operating_limit_64,groth16,861,0.06324608499971873,0.919187107000198,0.7551908129994445,0.0,1.7376240049993612,2415,32,True,,True,ok,
20260728T123050Z_paper_groth16,2026-07-28T12:54:49.763041+00:00,measured,3,22,43,state_transition_and_conservation_16,state_transition_and_conservation,pi_trans,account,individual_policy,16,,,,none,monolithic,1,state_transition_and_conservation_16,groth16,89,0.018487747000108357,0.2997188690001167,0.2539525769998363,0.0,0.5721591930000614,807,3,True,,True,ok,
20260728T123050Z_paper_groth16,2026-07-28T12:54:50.883498+00:00,measured,3,22,44,separate_valid_limit_64,local_validity_and_operating_limit,pi_valid+pi_limit,account,composition_baseline,64,,valid_limit_b64,baseline,unbound,separate,2,local_financial_validity_64;operating_limit_64,groth16,532,0.0410961499997029,0.5926482169998053,0.48409042000002955,0.0,1.1178347869995378,1605,29,True,,True,ok,
20260728T123050Z_paper_groth16,2026-07-28T12:54:51.635886+00:00,measured,3,22,45,token_policy_bundle_32_depth_8,token_policy_bundle,pi_mem+pi_null+pi_valid+pi_budget,token,composition,32,8,token_bundle_b32_d8,baseline,shared_witness,monolithic,1,token_policy_bundle_32_depth_8,groth16,5525,0.04477965600017342,0.4479677510003057,0.2590063120001105,0.0,0.7517537190005896,806,261,True,,True,ok,
20260728T123050Z_paper_groth16,2026-07-28T12:54:52.201322+00:00,measured,3,22,46,local_validity_and_operating_limit_32,local_validity_and_operating_limit,pi_valid+pi_limit,account,composition,32,,valid_limit_b32,baseline,shared_witness,monolithic,1,local_validity_and_operating_limit_32,groth16,243,0.021726948999912565,0.29018347100009123,0.25291001199957464,0.0,0.5648204319995784,802,16,True,,True,ok,
20260728T123050Z_paper_groth16,2026-07-28T12:54:52.784231+00:00,measured,3,23,1,account_policy_core_64,account_policy_core,pi_valid+pi_trans+pi_limit,account,composition,64,,account_core_b64,baseline,shared_witness,monolithic,1,account_policy_core_64,groth16,666,0.019873842999913904,0.3044333339998957,0.25797618899969166,0.0,0.5822833659995013,802,26,True,,True,ok,
20260728T123050Z_paper_groth16,2026-07-28T12:54:53.702931+00:00,measured,3,23,2,merkle_membership_depth_32,merkle_membership,pi_mem,token,individual_policy,,32,,,none,monolithic,1,merkle_membership_depth_32,groth16,16640,0.04692498300028092,0.6257211239999378,0.24538412499987317,0.0,0.9180302320000919,807,84,True,,True,ok,
20260728T123050Z_paper_groth16,2026-07-28T12:54:54.363588+00:00,measured,3,23,3,linked_account_budget_monolithic_32,account_policy_with_privacy_budget,pi_valid+pi_trans+pi_limit+pi_budget,account,composition,32,,account_budget_b32,commitment_linked,tx_tag,monolithic,1,linked_account_budget_monolithic_32,groth16,1914,0.059909626000262506,0.3376839449997533,0.26218512400009786,2.0139996195212007e-06,0.6597807089997332,807,111,True,True,True,ok,
20260728T123050Z_paper_groth16,2026-07-28T12:54:55.517518+00:00,measured,3,23,4,separate_valid_limit_32,local_validity_and_operating_limit,pi_valid+pi_limit,account,composition_baseline,32,,valid_limit_b32,baseline,unbound,separate,2,local_financial_validity_32;operating_limit_32,groth16,276,0.041486453999823425,0.5994829999999638,0.5031778140000824,0.0,1.1441472679998697,1611,19,True,,True,ok,
20260728T123050Z_paper_groth16,2026-07-28T12:54:56.625010+00:00,measured,3,23,5,separate_valid_limit_16,local_validity_and_operating_limit,pi_valid+pi_limit,account,composition_baseline,16,,valid_limit_b16,baseline,unbound,separate,2,local_financial_validity_16;operating_limit_16,groth16,148,0.03960295299975769,0.5619246999999632,0.5045173600001363,0.0,1.1060450129998571,1609,15,True,,True,ok,
20260728T123050Z_paper_groth16,2026-07-28T12:54:57.428239+00:00,measured,3,23,6,token_policy_bundle_32_depth_16,token_policy_bundle,pi_mem+pi_null+pi_valid+pi_budget,token,composition,32,16,token_bundle_b32_d16,baseline,shared_witness,monolithic,1,token_policy_bundle_32_depth_16,groth16,9685,0.04436129399982747,0.5035312119998707,0.2546447120002995,0.0,0.8025372179999977,804,260,True,,True,ok,
20260728T123050Z_paper_groth16,2026-07-28T12:55:00.203598+00:00,measured,3,23,7,linked_separate_token_bundle_32_depth_16,token_policy_bundle,pi_mem+pi_null+pi_valid+pi_budget,token,composition_baseline,32,16,token_bundle_b32_d16,commitment_linked,tx_tag,separate,4,linked_token_bundle_membership_32_depth_16;linked_token_bundle_nullifier_32_depth_16;linked_token_bundle_validity_32_depth_16;linked_token_bundle_budget_32_depth_16,groth16,15434,0.24054909100004807,1.4946329620006509,1.0357748529991113,2.8869999368907884e-06,2.770959792999747,3215,1368,True,True,True,ok,
20260728T123050Z_paper_groth16,2026-07-28T12:55:00.776876+00:00,measured,3,23,8,account_policy_with_privacy_budget_16,account_policy_with_privacy_budget,pi_valid+pi_trans+pi_limit+pi_budget,account,composition,16,,account_budget_b16,baseline,shared_witness,monolithic,1,account_policy_with_privacy_budget_16,groth16,261,0.022687556000164477,0.29045563099998617,0.25950633200000084,0.0,0.5726495190001515,806,21,True,,True,ok,
20260728T123050Z_paper_groth16,2026-07-28T12:55:01.360405+00:00,measured,3,23,9,account_policy_core_32,account_policy_core,pi_valid+pi_trans+pi_limit,account,composition,32,,account_core_b32,baseline,shared_witness,monolithic,1,account_policy_core_32,groth16,346,0.024289922999741975,0.29440050900029746,0.26414082500014047,0.0,0.5828312570001799,806,16,True,,True,ok,
20260728T123050Z_paper_groth16,2026-07-28T12:55:01.923348+00:00,measured,3,23,10,state_transition_and_conservation_64,state_transition_and_conservation,pi_trans,account,individual_policy,64,,,,none,monolithic,1,state_transition_and_conservation_64,groth16,329,0.020463665999614022,0.29683629800001654,0.24503402799973628,0.0,0.5623339919993668,803,3,True,,True,ok,
20260728T123050Z_paper_groth16,2026-07-28T12:55:02.484946+00:00,measured,3,23,11,local_validity_and_operating_limit_32,local_validity_and_operating_limit,pi_valid+pi_limit,account,composition,32,,valid_limit_b32,baseline,shared_witness,monolithic,1,local_validity_and_operating_limit_32,groth16,243,0.025060728999960702,0.28495204199998625,0.2509657369996603,0.0,0.5609785079996072,804,16,True,,True,ok,
20260728T123050Z_paper_groth16,2026-07-28T12:55:03.065739+00:00,measured,3,23,12,state_transition_and_conservation_32,state_transition_and_conservation,pi_trans,account,individual_policy,32,,,,none,monolithic,1,state_transition_and_conservation_32,groth16,169,0.022042014000362542,0.3026693209999394,0.25093830399964645,0.0,0.5756496389999484,803,3,True,,True,ok,
20260728T123050Z_paper_groth16,2026-07-28T12:55:05.327860+00:00,measured,3,23,13,separate_account_budget_32,account_policy_with_privacy_budget,pi_valid+pi_trans+pi_limit+pi_budget,account,composition_baseline,32,,account_budget_b32,baseline,unbound,separate,4,local_financial_validity_32;state_transition_and_conservation_32;operating_limit_32;privacy_budget_32,groth16,617,0.08165578699981779,1.1606636130004517,1.0174658689998068,0.0,2.2597852690000764,3224,38,True,,True,ok,
20260728T123050Z_paper_groth16,2026-07-28T12:55:05.955258+00:00,measured,3,23,14,linked_valid_limit_monolithic_32,local_validity_and_operating_limit,pi_valid+pi_limit,account,composition,32,,valid_limit_b32,commitment_linked,tx_tag,monolithic,1,linked_valid_limit_monolithic_32,groth16,1210,0.04038147700021,0.33471929200004524,0.25144648700006655,2.1320001906133257e-06,0.6265493880005124,804,98,True,True,True,ok,
20260728T123050Z_paper_groth16,2026-07-28T12:55:06.537642+00:00,measured,3,23,15,local_validity_and_operating_limit_16,local_validity_and_operating_limit,pi_valid+pi_limit,account,composition,16,,valid_limit_b16,baseline,shared_witness,monolithic,1,local_validity_and_operating_limit_16,groth16,131,0.020765102000041225,0.3062551259999964,0.25472951599977023,0.0,0.5817497439998078,805,12,True,,True,ok,
20260728T123050Z_paper_groth16,2026-07-28T12:55:07.768797+00:00,measured,3,23,16,linked_separate_valid_limit_32,local_validity_and_operating_limit,pi_valid+pi_limit,account,composition_baseline,32,,valid_limit_b32,commitment_linked,tx_tag,separate,2,linked_valid_limit_validity_32;linked_valid_limit_limit_32,groth16,2210,0.07858351899949412,0.6507891329997619,0.5002183900001,2.3389998204947915e-06,1.2295933809991766,1608,196,True,True,True,ok,
20260728T123050Z_paper_groth16,2026-07-28T12:55:08.346327+00:00,measured,3,23,17,local_validity_and_operating_limit_64,local_validity_and_operating_limit,pi_valid+pi_limit,account,composition,64,,valid_limit_b64,baseline,shared_witness,monolithic,1,local_validity_and_operating_limit_64,groth16,467,0.021289131999765232,0.2921636609999041,0.26347117200020875,0.0,0.5769239649998781,803,26,True,,True,ok,
20260728T123050Z_paper_groth16,2026-07-28T12:55:08.895887+00:00,measured,3,23,18,local_financial_validity_64,local_financial_validity,pi_valid,account,individual_policy,64,,,,none,monolithic,1,local_financial_validity_64,groth16,200,0.02180397800020728,0.2784590279998156,0.2484324770002786,0.0,0.5486954830003015,806,3,True,,True,ok,
20260728T123050Z_paper_groth16,2026-07-28T12:55:09.472511+00:00,measured,3,23,19,privacy_budget_16,privacy_budget,pi_budget,account,individual_policy,16,,,,none,monolithic,1,privacy_budget_16,groth16,92,0.020657913000377448,0.29652454200004286,0.2588048570000865,0.0,0.5759873120005068,805,11,True,,True,ok,
20260728T123050Z_paper_groth16,2026-07-28T12:55:11.987650+00:00,measured,3,23,20,separate_token_bundle_32_depth_8,token_policy_bundle,pi_mem+pi_null+pi_valid+pi_budget,token,composition_baseline,32,8,token_bundle_b32_d8,baseline,unbound,separate,4,merkle_membership_depth_8;nullifier_correctness_poseidon;local_financial_validity_32;privacy_budget_32,groth16,4953,0.11469606699938595,1.3469798859996445,1.0513757250000708,0.0,2.5130516779991012,3221,267,True,,True,ok,
20260728T123050Z_paper_groth16,2026-07-28T12:55:12.546200+00:00,measured,3,23,21,account_policy_with_privacy_budget_32,account_policy_with_privacy_budget,pi_valid+pi_trans+pi_limit+pi_budget,account,composition,32,,account_budget_b32,baseline,shared_witness,monolithic,1,account_policy_with_privacy_budget_32,groth16,485,0.022777020999910746,0.285067636000349,0.25005685799987987,0.0,0.5579015150001396,805,30,True,,True,ok,
20260728T123050Z_paper_groth16,2026-07-28T12:55:13.129825+00:00,measured,3,23,22,state_transition_and_conservation_16,state_transition_and_conservation,pi_trans,account,individual_policy,16,,,,none,monolithic,1,state_transition_and_conservation_16,groth16,89,0.022839043000203674,0.29155525599981047,0.2686143699997956,0.0,0.5830086689998097,803,3,True,,True,ok,
20260728T123050Z_paper_groth16,2026-07-28T12:55:13.759455+00:00,measured,3,23,23,nullifier_correctness_poseidon,nullifier_correctness,pi_null,token,individual_policy,,,,,none,monolithic,1,nullifier_correctness_poseidon,groth16,517,0.032634432000122615,0.3234147319999465,0.27297049100025106,0.0,0.6290196550003202,803,164,True,,True,ok,
20260728T123050Z_paper_groth16,2026-07-28T12:55:14.579356+00:00,measured,3,23,24,merkle_membership_depth_16,merkle_membership,pi_mem,token,individual_policy,,16,,,none,monolithic,1,merkle_membership_depth_16,groth16,8320,0.04227401700018163,0.5191551029997754,0.2575451319999047,0.0,0.8189742519998617,804,84,True,,True,ok,
20260728T123050Z_paper_groth16,2026-07-28T12:55:16.813514+00:00,measured,3,23,25,separate_account_budget_16,account_policy_with_privacy_budget,pi_valid+pi_trans+pi_limit+pi_budget,account,composition_baseline,16,,account_budget_b16,baseline,unbound,separate,4,local_financial_validity_16;state_transition_and_conservation_16;operating_limit_16;privacy_budget_16,groth16,329,0.07701332299984642,1.1332801440003095,1.0218139750004411,0.0,2.232107442000597,3221,29,True,,True,ok,
20260728T123050Z_paper_groth16,2026-07-28T12:55:18.461077+00:00,measured,3,23,26,separate_account_core_32,account_policy_core,pi_valid+pi_trans+pi_limit,account,composition_baseline,32,,account_core_b32,baseline,unbound,separate,3,local_financial_validity_32;state_transition_and_conservation_32;operating_limit_32,groth16,445,0.0601080080000429,0.856504773999859,0.7293295169997691,0.0,1.645942298999671,2414,22,True,,True,ok,
20260728T123050Z_paper_groth16,2026-07-28T12:55:19.031442+00:00,measured,3,23,27,operating_limit_64,operating_limit,pi_limit,account,individual_policy,64,,,,none,monolithic,1,operating_limit_64,groth16,332,0.022802387999945495,0.2898063339998771,0.2571116589997473,0.0,0.5697203809995699,807,26,True,,True,ok,
20260728T123050Z_paper_groth16,2026-07-28T12:55:19.587522+00:00,measured,3,23,28,privacy_budget_32,privacy_budget,pi_budget,account,individual_policy,32,,,,none,monolithic,1,privacy_budget_32,groth16,172,0.0209119319997626,0.2795653539997147,0.2546982379999463,0.0,0.5551755239994236,806,16,True,,True,ok,
20260728T123050Z_paper_groth16,2026-07-28T12:55:22.091088+00:00,measured,3,23,29,separate_token_bundle_32_depth_16,token_policy_bundle,pi_mem+pi_null+pi_valid+pi_budget,token,composition_baseline,32,16,token_bundle_b32_d16,baseline,unbound,separate,4,merkle_membership_depth_16;nullifier_correctness_poseidon;local_financial_validity_32;privacy_budget_32,groth16,9113,0.1087338590004947,1.374693365999974,1.0164838149999014,0.0,2.49991104000037,3216,267,True,,True,ok,
20260728T123050Z_paper_groth16,2026-07-28T12:55:22.840093+00:00,measured,3,23,30,token_policy_bundle_32_depth_8,token_policy_bundle,pi_mem+pi_null+pi_valid+pi_budget,token,composition,32,8,token_bundle_b32_d8,baseline,shared_witness,monolithic,1,token_policy_bundle_32_depth_8,groth16,5525,0.04674627599979431,0.4267171340002278,0.274889997000173,0.0,0.7483534070001951,806,261,True,,True,ok,
20260728T123050Z_paper_groth16,2026-07-28T12:55:23.527398+00:00,measured,3,23,31,merkle_membership_depth_8,merkle_membership,pi_mem,token,individual_policy,,8,,,none,monolithic,1,merkle_membership_depth_8,groth16,4160,0.0395083399998839,0.3878881850000653,0.2590095190003012,0.0,0.6864060440002504,806,84,True,,True,ok,
20260728T123050Z_paper_groth16,2026-07-28T12:55:24.477573+00:00,measured,3,23,32,token_policy_bundle_32_depth_32,token_policy_bundle,pi_mem+pi_null+pi_valid+pi_budget,token,composition,32,32,token_bundle_b32_d32,baseline,shared_witness,monolithic,1,token_policy_bundle_32_depth_32,groth16,18005,0.04891201999998884,0.6483812370001942,0.2521999840000717,0.0,0.9494932410002548,804,261,True,,True,ok,
20260728T123050Z_paper_groth16,2026-07-28T12:55:25.038570+00:00,measured,3,23,33,local_financial_validity_16,local_financial_validity,pi_valid,account,individual_policy,16,,,,none,monolithic,1,local_financial_validity_16,groth16,56,0.020371605000036652,0.2864544469998691,0.2535706140001821,0.0,0.5603966660000879,803,3,True,,True,ok,
20260728T123050Z_paper_groth16,2026-07-28T12:55:26.723727+00:00,measured,3,23,34,separate_account_core_16,account_policy_core,pi_valid+pi_trans+pi_limit,account,composition_baseline,16,,account_core_b16,baseline,unbound,separate,3,local_financial_validity_16;state_transition_and_conservation_16;operating_limit_16,groth16,237,0.06212362300038876,0.8512423390002368,0.7620132040005956,0.0,1.6753791660012212,2411,18,True,,True,ok,
20260728T123050Z_paper_groth16,2026-07-28T12:55:29.350760+00:00,measured,3,23,35,separate_token_bundle_32_depth_32,token_policy_bundle,pi_mem+pi_null+pi_valid+pi_budget,token,composition_baseline,32,32,token_bundle_b32_d32,baseline,unbound,separate,4,merkle_membership_depth_32;nullifier_correctness_poseidon;local_financial_validity_32;privacy_budget_32,groth16,17433,0.1120308549998299,1.5060311600000205,1.0066910040000039,0.0,2.6247530189998542,3224,267,True,,True,ok,
20260728T123050Z_paper_groth16,2026-07-28T12:55:30.547402+00:00,measured,3,23,36,separate_valid_limit_64,local_validity_and_operating_limit,pi_valid+pi_limit,account,composition_baseline,64,,valid_limit_b64,baseline,unbound,separate,2,local_financial_validity_64;operating_limit_64,groth16,532,0.04234624700029599,0.6116935989998638,0.541310560999591,0.0,1.1953504069997507,1612,29,True,,True,ok,
20260728T123050Z_paper_groth16,2026-07-28T12:55:31.124341+00:00,measured,3,23,37,local_financial_validity_32,local_financial_validity,pi_valid,account,individual_policy,32,,,,none,monolithic,1,local_financial_validity_32,groth16,104,0.021192145999975764,0.3011436799997682,0.2539198649997161,0.0,0.5762556909994601,805,3,True,,True,ok,
20260728T123050Z_paper_groth16,2026-07-28T12:55:33.757766+00:00,measured,3,23,38,linked_separate_account_budget_32,account_policy_with_privacy_budget,pi_valid+pi_trans+pi_limit+pi_budget,account,composition_baseline,32,,account_budget_b32,commitment_linked,tx_tag,separate,4,linked_account_budget_validity_32;linked_account_budget_transition_32;linked_account_budget_limit_32;linked_account_budget_budget_32,groth16,6333,0.2352144120000048,1.3449094810002862,1.0500625960003163,2.6889997570833657e-06,2.6301891780003643,3216,444,True,True,True,ok,
20260728T123050Z_paper_groth16,2026-07-28T12:55:36.049582+00:00,measured,3,23,39,separate_account_budget_64,account_policy_with_privacy_budget,pi_valid+pi_trans+pi_limit+pi_budget,account,composition_baseline,64,,account_budget_b64,baseline,unbound,separate,4,local_financial_validity_64;state_transition_and_conservation_64;operating_limit_64;privacy_budget_64,groth16,1193,0.08486431200026345,1.1832704690004903,1.0214910220001912,0.0,2.289625803000945,3223,58,True,,True,ok,
20260728T123050Z_paper_groth16,2026-07-28T12:55:37.747452+00:00,measured,3,23,40,separate_account_core_64,account_policy_core,pi_valid+pi_trans+pi_limit,account,composition_baseline,64,,account_core_b64,baseline,unbound,separate,3,local_financial_validity_64;state_transition_and_conservation_64;operating_limit_64,groth16,861,0.06407295000008162,0.887433792000138,0.7447039480002786,0.0,1.6962106900004983,2410,32,True,,True,ok,
20260728T123050Z_paper_groth16,2026-07-28T12:55:38.334624+00:00,measured,3,23,41,account_policy_core_16,account_policy_core,pi_valid+pi_trans+pi_limit,account,composition,16,,account_core_b16,baseline,shared_witness,monolithic,1,account_policy_core_16,groth16,186,0.0216300729998693,0.2991580090001662,0.26576142399972014,0.0,0.5865495059997556,802,12,True,,True,ok,
20260728T123050Z_paper_groth16,2026-07-28T12:55:39.184459+00:00,measured,3,23,42,linked_token_bundle_monolithic_32_depth_16,token_policy_bundle,pi_mem+pi_null+pi_valid+pi_budget,token,composition,32,16,token_bundle_b32_d16,commitment_linked,tx_tag,monolithic,1,linked_token_bundle_monolithic_32_depth_16,groth16,11114,0.06336763399986012,0.5333371199999419,0.2504622159999599,2.2849999368190765e-06,0.8471692549996988,804,342,True,True,True,ok,
20260728T123050Z_paper_groth16,2026-07-28T12:55:39.746450+00:00,measured,3,23,43,operating_limit_16,operating_limit,pi_limit,account,individual_policy,16,,,,none,monolithic,1,operating_limit_16,groth16,92,0.020969384999716567,0.2810499379997964,0.25941060600007404,0.0,0.561429928999587,806,12,True,,True,ok,
20260728T123050Z_paper_groth16,2026-07-28T12:55:40.321941+00:00,measured,3,23,44,privacy_budget_64,privacy_budget,pi_budget,account,individual_policy,64,,,,none,monolithic,1,privacy_budget_64,groth16,332,0.022486279000077047,0.29269955900008426,0.2597056539998448,0.0,0.5748914920000061,807,26,True,,True,ok,
20260728T123050Z_paper_groth16,2026-07-28T12:55:40.902039+00:00,measured,3,23,45,account_policy_with_privacy_budget_64,account_policy_with_privacy_budget,pi_valid+pi_trans+pi_limit+pi_budget,account,composition,64,,account_budget_b64,baseline,shared_witness,monolithic,1,account_policy_with_privacy_budget_64,groth16,933,0.02178082499995071,0.2990967770001589,0.258609885000169,0.0,0.5794874870002786,806,50,True,,True,ok,
20260728T123050Z_paper_groth16,2026-07-28T12:55:41.457373+00:00,measured,3,23,46,operating_limit_32,operating_limit,pi_limit,account,individual_policy,32,,,,none,monolithic,1,operating_limit_32,groth16,172,0.020563068000228668,0.2794628639999246,0.2455473649997657,0.0,0.545573296999919,807,16,True,,True,ok,
20260728T123050Z_paper_groth16,2026-07-28T12:55:44.015656+00:00,measured,3,24,1,separate_token_bundle_32_depth_16,token_policy_bundle,pi_mem+pi_null+pi_valid+pi_budget,token,composition_baseline,32,16,token_bundle_b32_d16,baseline,unbound,separate,4,merkle_membership_depth_16;nullifier_correctness_poseidon;local_financial_validity_32;privacy_budget_32,groth16,9113,0.11143166499914514,1.4060261349991379,1.0385120700002517,0.0,2.5559698699985347,3221,267,True,,True,ok,
20260728T123050Z_paper_groth16,2026-07-28T12:55:45.150624+00:00,measured,3,24,2,separate_valid_limit_64,local_validity_and_operating_limit,pi_valid+pi_limit,account,composition_baseline,64,,valid_limit_b64,baseline,unbound,separate,2,local_financial_validity_64;operating_limit_64,groth16,532,0.041362272999776906,0.5712210719998438,0.5211855839997952,0.0,1.133768928999416,1610,29,True,,True,ok,
20260728T123050Z_paper_groth16,2026-07-28T12:55:47.421882+00:00,measured,3,24,3,separate_account_budget_32,account_policy_with_privacy_budget,pi_valid+pi_trans+pi_limit+pi_budget,account,composition_baseline,32,,account_budget_b32,baseline,unbound,separate,4,local_financial_validity_32;state_transition_and_conservation_32;operating_limit_32;privacy_budget_32,groth16,617,0.08368143799998506,1.174340169000061,1.011105459999726,0.0,2.269127066999772,3221,38,True,,True,ok,
20260728T123050Z_paper_groth16,2026-07-28T12:55:50.245811+00:00,measured,3,24,4,linked_separate_token_bundle_32_depth_16,token_policy_bundle,pi_mem+pi_null+pi_valid+pi_budget,token,composition_baseline,32,16,token_bundle_b32_d16,commitment_linked,tx_tag,separate,4,linked_token_bundle_membership_32_depth_16;linked_token_bundle_nullifier_32_depth_16;linked_token_bundle_validity_32_depth_16;linked_token_bundle_budget_32_depth_16,groth16,15434,0.2309593449995191,1.5439791499989042,1.044199536999713,2.927999958046712e-06,2.8191409599980943,3218,1368,True,True,True,ok,
20260728T123050Z_paper_groth16,2026-07-28T12:55:50.819132+00:00,measured,3,24,5,state_transition_and_conservation_64,state_transition_and_conservation,pi_trans,account,individual_policy,64,,,,none,monolithic,1,state_transition_and_conservation_64,groth16,329,0.023728385999675083,0.2952716300001157,0.2537242660000629,0.0,0.5727242819998537,805,3,True,,True,ok,
20260728T123050Z_paper_groth16,2026-07-28T12:55:51.601987+00:00,measured,3,24,6,merkle_membership_depth_16,merkle_membership,pi_mem,token,individual_policy,,16,,,none,monolithic,1,merkle_membership_depth_16,groth16,8320,0.03911830299966823,0.48356031299999813,0.25098867599990626,0.0,0.7736672919995726,805,84,True,,True,ok,
20260728T123050Z_paper_groth16,2026-07-28T12:55:52.193240+00:00,measured,3,24,7,account_policy_core_64,account_policy_core,pi_valid+pi_trans+pi_limit,account,composition,64,,account_core_b64,baseline,shared_witness,monolithic,1,account_policy_core_64,groth16,666,0.021107891999690764,0.30465321400015455,0.26485046900006637,0.0,0.5906115749999117,804,26,True,,True,ok,
20260728T123050Z_paper_groth16,2026-07-28T12:55:52.762086+00:00,measured,3,24,8,privacy_budget_32,privacy_budget,pi_budget,account,individual_policy,32,,,,none,monolithic,1,privacy_budget_32,groth16,172,0.021124888000031206,0.29349409199994625,0.2536276609998822,0.0,0.5682466409998597,805,16,True,,True,ok,
20260728T123050Z_paper_groth16,2026-07-28T12:55:53.345927+00:00,measured,3,24,9,account_policy_core_32,account_policy_core,pi_valid+pi_trans+pi_limit,account,composition,32,,account_core_b32,baseline,shared_witness,monolithic,1,account_policy_core_32,groth16,346,0.021844725999926595,0.30071773200006646,0.2606509889997142,0.0,0.5832134469997072,807,16,True,,True,ok,
20260728T123050Z_paper_groth16,2026-07-28T12:55:53.903798+00:00,measured,3,24,10,operating_limit_16,operating_limit,pi_limit,account,individual_policy,16,,,,none,monolithic,1,operating_limit_16,groth16,92,0.02185095699996964,0.2843910000001415,0.25104421500009266,0.0,0.5572861720002038,807,12,True,,True,ok,
20260728T123050Z_paper_groth16,2026-07-28T12:55:55.598890+00:00,measured,3,24,11,separate_account_core_16,account_policy_core,pi_valid+pi_trans+pi_limit,account,composition_baseline,16,,account_core_b16,baseline,unbound,separate,3,local_financial_validity_16;state_transition_and_conservation_16;operating_limit_16,groth16,237,0.0591659160004383,0.8741981060002217,0.7598848309999084,0.0,1.6932488530005685,2413,18,True,,True,ok,
20260728T123050Z_paper_groth16,2026-07-28T12:55:57.828735+00:00,measured,3,24,12,separate_account_budget_16,account_policy_with_privacy_budget,pi_valid+pi_trans+pi_limit+pi_budget,account,composition_baseline,16,,account_budget_b16,baseline,unbound,separate,4,local_financial_validity_16;state_transition_and_conservation_16;operating_limit_16;privacy_budget_16,groth16,329,0.0801941100003205,1.1285187600001336,1.0103429709997727,0.0,2.219055841000227,3219,29,True,,True,ok,
20260728T123050Z_paper_groth16,2026-07-28T12:55:58.413983+00:00,measured,3,24,13,account_policy_with_privacy_budget_64,account_policy_with_privacy_budget,pi_valid+pi_trans+pi_limit+pi_budget,account,composition,64,,account_budget_b64,baseline,shared_witness,monolithic,1,account_policy_with_privacy_budget_64,groth16,933,0.022440143000039825,0.309638662999987,0.252385910999692,0.0,0.5844647169997188,804,50,True,,True,ok,
20260728T123050Z_paper_groth16,2026-07-28T12:55:58.975963+00:00,measured,3,24,14,local_validity_and_operating_limit_16,local_validity_and_operating_limit,pi_valid+pi_limit,account,composition,16,,valid_limit_b16,baseline,shared_witness,monolithic,1,local_validity_and_operating_limit_16,groth16,131,0.02056990399978531,0.2953481929998816,0.24547076799990464,0.0,0.5613888649995715,806,12,True,,True,ok,
20260728T123050Z_paper_groth16,2026-07-28T12:56:00.262097+00:00,measured,3,24,15,linked_separate_valid_limit_32,local_validity_and_operating_limit,pi_valid+pi_limit,account,composition_baseline,32,,valid_limit_b32,commitment_linked,tx_tag,separate,2,linked_valid_limit_validity_32;linked_valid_limit_limit_32,groth16,2210,0.08124836899969523,0.6840121130003354,0.51881670100056,2.3239999791258015e-06,1.2840795070005697,1611,196,True,True,True,ok,
20260728T123050Z_paper_groth16,2026-07-28T12:56:01.143710+00:00,measured,3,24,16,linked_token_bundle_monolithic_32_depth_16,token_policy_bundle,pi_mem+pi_null+pi_valid+pi_budget,token,composition,32,16,token_bundle_b32_d16,commitment_linked,tx_tag,monolithic,1,linked_token_bundle_monolithic_32_depth_16,groth16,11114,0.06165421800005788,0.5515255549998983,0.26618464400007724,2.460999894537963e-06,0.879366877999928,802,342,True,True,True,ok,
20260728T123050Z_paper_groth16,2026-07-28T12:56:01.717801+00:00,measured,3,24,17,local_financial_validity_16,local_financial_validity,pi_valid,account,individual_policy,16,,,,none,monolithic,1,local_financial_validity_16,groth16,56,0.02225793600018733,0.28974426300010236,0.25261880200014275,0.0,0.5646210010004324,806,3,True,,True,ok,
20260728T123050Z_paper_groth16,2026-07-28T12:56:04.358693+00:00,measured,3,24,18,linked_separate_account_budget_32,account_policy_with_privacy_budget,pi_valid+pi_trans+pi_limit+pi_budget,account,composition_baseline,32,,account_budget_b32,commitment_linked,tx_tag,separate,4,linked_account_budget_validity_32;linked_account_budget_transition_32;linked_account_budget_limit_32;linked_account_budget_budget_32,groth16,6333,0.23135781900055008,1.354415727000287,1.0519791740002802,2.8960002964595333e-06,2.6377556160014137,3222,444,True,True,True,ok,
20260728T123050Z_paper_groth16,2026-07-28T12:56:05.343634+00:00,measured,3,24,19,token_policy_bundle_32_depth_32,token_policy_bundle,pi_mem+pi_null+pi_valid+pi_budget,token,composition,32,32,token_bundle_b32_d32,baseline,shared_witness,monolithic,1,token_policy_bundle_32_depth_32,groth16,18005,0.050560284000312095,0.6681355669998084,0.2655540959999598,0.0,0.9842499470000803,804,261,True,,True,ok,
20260728T123050Z_paper_groth16,2026-07-28T12:56:07.683263+00:00,measured,3,24,20,separate_account_budget_64,account_policy_with_privacy_budget,pi_valid+pi_trans+pi_limit+pi_budget,account,composition_baseline,64,,account_budget_b64,baseline,unbound,separate,4,local_financial_validity_64;state_transition_and_conservation_64;operating_limit_64;privacy_budget_64,groth16,1193,0.084505662000538,1.2143941109998195,1.038614740999492,0.0,2.3375145139998494,3215,58,True,,True,ok,
20260728T123050Z_paper_groth16,2026-07-28T12:56:10.190625+00:00,measured,3,24,21,separate_token_bundle_32_depth_8,token_policy_bundle,pi_mem+pi_null+pi_valid+pi_budget,token,composition_baseline,32,8,token_bundle_b32_d8,baseline,unbound,separate,4,merkle_membership_depth_8;nullifier_correctness_poseidon;local_financial_validity_32;privacy_budget_32,groth16,4953,0.11438145399961286,1.344589943999381,1.0458575179995933,0.0,2.504828915998587,3219,267,True,,True,ok,
20260728T123050Z_paper_groth16,2026-07-28T12:56:10.772506+00:00,measured,3,24,22,privacy_budget_64,privacy_budget,pi_budget,account,individual_policy,64,,,,none,monolithic,1,privacy_budget_64,groth16,332,0.020904861999952118,0.29484000699994795,0.26525256500008254,0.0,0.5809974339999826,808,26,True,,True,ok,
20260728T123050Z_paper_groth16,2026-07-28T12:56:11.352973+00:00,measured,3,24,23,state_transition_and_conservation_16,state_transition_and_conservation,pi_trans,account,individual_policy,16,,,,none,monolithic,1,state_transition_and_conservation_16,groth16,89,0.019638949000182038,0.28550992799955566,0.2746817940001165,0.0,0.5798306709998542,807,3,True,,True,ok,
20260728T123050Z_paper_groth16,2026-07-28T12:56:12.350196+00:00,measured,3,24,24,merkle_membership_depth_32,merkle_membership,pi_mem,token,individual_policy,,32,,,none,monolithic,1,merkle_membership_depth_32,groth16,16640,0.04310488400005852,0.6922649839998485,0.2611633419996906,0.0,0.9965332099995976,806,84,True,,True,ok,
20260728T123050Z_paper_groth16,2026-07-28T12:56:14.023939+00:00,measured,3,24,25,separate_account_core_64,account_policy_core,pi_valid+pi_trans+pi_limit,account,composition_baseline,64,,account_core_b64,baseline,unbound,separate,3,local_financial_validity_64;state_transition_and_conservation_64;operating_limit_64,groth16,861,0.0620212859998901,0.8644120049998492,0.7456986400002279,0.0,1.6721319309999672,2421,32,True,,True,ok,
20260728T123050Z_paper_groth16,2026-07-28T12:56:15.750082+00:00,measured,3,24,26,separate_account_core_32,account_policy_core,pi_valid+pi_trans+pi_limit,account,composition_baseline,32,,account_core_b32,baseline,unbound,separate,3,local_financial_validity_32;state_transition_and_conservation_32;operating_limit_32,groth16,445,0.0603332510004293,0.8709673560001647,0.7931851190000998,0.0,1.7244857260006938,2413,22,True,,True,ok,
20260728T123050Z_paper_groth16,2026-07-28T12:56:16.335140+00:00,measured,3,24,27,state_transition_and_conservation_32,state_transition_and_conservation,pi_trans,account,individual_policy,32,,,,none,monolithic,1,state_transition_and_conservation_32,groth16,169,0.024442040999929304,0.3066688150001937,0.25327112400009355,0.0,0.5843819800002166,805,3,True,,True,ok,
20260728T123050Z_paper_groth16,2026-07-28T12:56:16.992094+00:00,measured,3,24,28,linked_valid_limit_monolithic_32,local_validity_and_operating_limit,pi_valid+pi_limit,account,composition,32,,valid_limit_b32,commitment_linked,tx_tag,monolithic,1,linked_valid_limit_monolithic_32,groth16,1210,0.041895303000274,0.35540029399999185,0.2588679720001892,2.1139999262231868e-06,0.6561656830003813,806,98,True,True,True,ok,
20260728T123050Z_paper_groth16,2026-07-28T12:56:17.583627+00:00,measured,3,24,29,account_policy_with_privacy_budget_32,account_policy_with_privacy_budget,pi_valid+pi_trans+pi_limit+pi_budget,account,composition,32,,account_budget_b32,baseline,shared_witness,monolithic,1,account_policy_with_privacy_budget_32,groth16,485,0.02364070100020399,0.30850076400020043,0.2588177020002149,0.0,0.5909591670006193,804,30,True,,True,ok,
20260728T123050Z_paper_groth16,2026-07-28T12:56:18.762273+00:00,measured,3,24,30,separate_valid_limit_16,local_validity_and_operating_limit,pi_valid+pi_limit,account,composition_baseline,16,,valid_limit_b16,baseline,unbound,separate,2,local_financial_validity_16;operating_limit_16,groth16,148,0.03924687999960952,0.6112322019998828,0.5269838869999148,0.0,1.1774629689994072,1607,15,True,,True,ok,
20260728T123050Z_paper_groth16,2026-07-28T12:56:19.346501+00:00,measured,3,24,31,local_validity_and_operating_limit_32,local_validity_and_operating_limit,pi_valid+pi_limit,account,composition,32,,valid_limit_b32,baseline,shared_witness,monolithic,1,local_validity_and_operating_limit_32,groth16,243,0.02351164499987135,0.30587364899975,0.2541945569996642,0.0,0.5835798509992856,806,16,True,,True,ok,
20260728T123050Z_paper_groth16,2026-07-28T12:56:20.062970+00:00,measured,3,24,32,token_policy_bundle_32_depth_8,token_policy_bundle,pi_mem+pi_null+pi_valid+pi_budget,token,composition,32,8,token_bundle_b32_d8,baseline,shared_witness,monolithic,1,token_policy_bundle_32_depth_8,groth16,5525,0.04405373400004464,0.42120284400016317,0.2505791189996671,0.0,0.7158356969998749,804,261,True,,True,ok,
20260728T123050Z_paper_groth16,2026-07-28T12:56:20.718880+00:00,measured,3,24,33,linked_account_budget_monolithic_32,account_policy_with_privacy_budget,pi_valid+pi_trans+pi_limit+pi_budget,account,composition,32,,account_budget_b32,commitment_linked,tx_tag,monolithic,1,linked_account_budget_monolithic_32,groth16,1914,0.05742434400008278,0.3283951540001908,0.26920542900006694,2.2819999685452785e-06,0.6550272090003091,806,111,True,True,True,ok,
20260728T123050Z_paper_groth16,2026-07-28T12:56:21.295165+00:00,measured,3,24,34,operating_limit_32,operating_limit,pi_limit,account,individual_policy,32,,,,none,monolithic,1,operating_limit_32,groth16,172,0.019930266000301344,0.284474014999887,0.27130417899979875,0.0,0.5757084599999871,804,16,True,,True,ok,
20260728T123050Z_paper_groth16,2026-07-28T12:56:22.468450+00:00,measured,3,24,35,separate_valid_limit_32,local_validity_and_operating_limit,pi_valid+pi_limit,account,composition_baseline,32,,valid_limit_b32,baseline,unbound,separate,2,local_financial_validity_32;operating_limit_32,groth16,276,0.0454975050001849,0.5912531089998083,0.5354199199996401,0.0,1.1721705339996333,1611,19,True,,True,ok,
20260728T123050Z_paper_groth16,2026-07-28T12:56:23.087717+00:00,measured,3,24,36,nullifier_correctness_poseidon,nullifier_correctness,pi_null,token,individual_policy,,,,,none,monolithic,1,nullifier_correctness_poseidon,groth16,517,0.03485574499973154,0.31283879700004036,0.27097714599995015,0.0,0.618671687999722,802,164,True,,True,ok,
20260728T123050Z_paper_groth16,2026-07-28T12:56:23.814297+00:00,measured,3,24,37,merkle_membership_depth_8,merkle_membership,pi_mem,token,individual_policy,,8,,,none,monolithic,1,merkle_membership_depth_8,groth16,4160,0.04063156199981677,0.40719410099973175,0.27815605999967374,0.0,0.7259817229992223,802,84,True,,True,ok,
20260728T123050Z_paper_groth16,2026-07-28T12:56:24.421770+00:00,measured,3,24,38,operating_limit_64,operating_limit,pi_limit,account,individual_policy,64,,,,none,monolithic,1,operating_limit_64,groth16,332,0.020775097000296228,0.30605998800001544,0.2800269699996534,0.0,0.606862054999965,804,26,True,,True,ok,
20260728T123050Z_paper_groth16,2026-07-28T12:56:25.030190+00:00,measured,3,24,39,privacy_budget_16,privacy_budget,pi_budget,account,individual_policy,16,,,,none,monolithic,1,privacy_budget_16,groth16,92,0.02028195799994137,0.31095864700000675,0.2765104079999219,0.0,0.60775101299987,805,11,True,,True,ok,
20260728T123050Z_paper_groth16,2026-07-28T12:56:25.635490+00:00,measured,3,24,40,local_validity_and_operating_limit_64,local_validity_and_operating_limit,pi_valid+pi_limit,account,composition,64,,valid_limit_b64,baseline,shared_witness,monolithic,1,local_validity_and_operating_limit_64,groth16,467,0.021965878999708366,0.3207565819998308,0.26198694999993677,0.0,0.604709410999476,804,26,True,,True,ok,
20260728T123050Z_paper_groth16,2026-07-28T12:56:26.206018+00:00,measured,3,24,41,local_financial_validity_32,local_financial_validity,pi_valid,account,individual_policy,32,,,,none,monolithic,1,local_financial_validity_32,groth16,104,0.020614242000192462,0.29417812100018637,0.2551378189996285,0.0,0.5699301820000073,804,3,True,,True,ok,
20260728T123050Z_paper_groth16,2026-07-28T12:56:26.792280+00:00,measured,3,24,42,local_financial_validity_64,local_financial_validity,pi_valid,account,individual_policy,64,,,,none,monolithic,1,local_financial_validity_64,groth16,200,0.022348539999711647,0.3192039149998891,0.24410548700006984,0.0,0.5856579419996706,806,3,True,,True,ok,
20260728T123050Z_paper_groth16,2026-07-28T12:56:27.373476+00:00,measured,3,24,43,account_policy_core_16,account_policy_core,pi_valid+pi_trans+pi_limit,account,composition,16,,account_core_b16,baseline,shared_witness,monolithic,1,account_policy_core_16,groth16,186,0.020452922000004037,0.30069419199980985,0.25886997899988273,0.0,0.5800170929996966,805,12,True,,True,ok,
20260728T123050Z_paper_groth16,2026-07-28T12:56:28.225313+00:00,measured,3,24,44,token_policy_bundle_32_depth_16,token_policy_bundle,pi_mem+pi_null+pi_valid+pi_budget,token,composition,32,16,token_bundle_b32_d16,baseline,shared_witness,monolithic,1,token_policy_bundle_32_depth_16,groth16,9685,0.046602138000253035,0.5473052359998292,0.25719508900010624,0.0,0.8511024630001884,808,260,True,,True,ok,
20260728T123050Z_paper_groth16,2026-07-28T12:56:31.038554+00:00,measured,3,24,45,separate_token_bundle_32_depth_32,token_policy_bundle,pi_mem+pi_null+pi_valid+pi_budget,token,composition_baseline,32,32,token_bundle_b32_d32,baseline,unbound,separate,4,merkle_membership_depth_32;nullifier_correctness_poseidon;local_financial_validity_32;privacy_budget_32,groth16,17433,0.11905477699929179,1.6418757389997154,1.0501367950000713,0.0,2.8110673109990785,3222,267,True,,True,ok,
20260728T123050Z_paper_groth16,2026-07-28T12:56:31.612934+00:00,measured,3,24,46,account_policy_with_privacy_budget_16,account_policy_with_privacy_budget,pi_valid+pi_trans+pi_limit+pi_budget,account,composition,16,,account_budget_b16,baseline,shared_witness,monolithic,1,account_policy_with_privacy_budget_16,groth16,261,0.020517150000159745,0.2924388649998946,0.2607792930002688,0.0,0.5737353080003231,806,21,True,,True,ok,
20260728T123050Z_paper_groth16,2026-07-28T12:56:32.197742+00:00,measured,3,25,1,state_transition_and_conservation_16,state_transition_and_conservation,pi_trans,account,individual_policy,16,,,,none,monolithic,1,state_transition_and_conservation_16,groth16,89,0.020469871999921452,0.3044092989998717,0.2592759720000686,0.0,0.5841551429998617,803,3,True,,True,ok,
20260728T123050Z_paper_groth16,2026-07-28T12:56:32.950569+00:00,measured,3,25,2,token_policy_bundle_32_depth_8,token_policy_bundle,pi_mem+pi_null+pi_valid+pi_budget,token,composition,32,8,token_bundle_b32_d8,baseline,shared_witness,monolithic,1,token_policy_bundle_32_depth_8,groth16,5525,0.04672613899992939,0.45521332299995265,0.2502768079998532,0.0,0.7522162699997352,806,261,True,,True,ok,
20260728T123050Z_paper_groth16,2026-07-28T12:56:33.811520+00:00,measured,3,25,3,linked_token_bundle_monolithic_32_depth_16,token_policy_bundle,pi_mem+pi_null+pi_valid+pi_budget,token,composition,32,16,token_bundle_b32_d16,commitment_linked,tx_tag,monolithic,1,linked_token_bundle_monolithic_32_depth_16,groth16,11114,0.06427756299990506,0.5286400089999006,0.26510387999996965,2.120999852195382e-06,0.8580235729996275,802,342,True,True,True,ok,
20260728T123050Z_paper_groth16,2026-07-28T12:56:34.388307+00:00,measured,3,25,4,operating_limit_64,operating_limit,pi_limit,account,individual_policy,64,,,,none,monolithic,1,operating_limit_64,groth16,332,0.020658689999891067,0.30605752900009975,0.2494802050000544,0.0,0.5761964240000452,804,26,True,,True,ok,
20260728T123050Z_paper_groth16,2026-07-28T12:56:34.936937+00:00,measured,3,25,5,state_transition_and_conservation_32,state_transition_and_conservation,pi_trans,account,individual_policy,32,,,,none,monolithic,1,state_transition_and_conservation_32,groth16,169,0.021083135000026232,0.2880127809999067,0.23891409499992733,0.0,0.5480100109998602,808,3,True,,True,ok,
20260728T123050Z_paper_groth16,2026-07-28T12:56:35.506691+00:00,measured,3,25,6,local_financial_validity_16,local_financial_validity,pi_valid,account,individual_policy,16,,,,none,monolithic,1,local_financial_validity_16,groth16,56,0.02107728600003611,0.2859961780000049,0.2620318829999633,0.0,0.5691053470000043,803,3,True,,True,ok,
20260728T123050Z_paper_groth16,2026-07-28T12:56:38.034030+00:00,measured,3,25,7,separate_token_bundle_32_depth_16,token_policy_bundle,pi_mem+pi_null+pi_valid+pi_budget,token,composition_baseline,32,16,token_bundle_b32_d16,baseline,unbound,separate,4,merkle_membership_depth_16;nullifier_correctness_poseidon;local_financial_validity_32;privacy_budget_32,groth16,9113,0.1180385750003552,1.391931945000124,1.015141377999953,0.0,2.525111898000432,3221,267,True,,True,ok,
20260728T123050Z_paper_groth16,2026-07-28T12:56:39.742147+00:00,measured,3,25,8,separate_account_core_16,account_policy_core,pi_valid+pi_trans+pi_limit,account,composition_baseline,16,,account_core_b16,baseline,unbound,separate,3,local_financial_validity_16;state_transition_and_conservation_16;operating_limit_16,groth16,237,0.05937523099919417,0.86770236700022,0.7793937500000538,0.0,1.706471347999468,2408,18,True,,True,ok,
20260728T123050Z_paper_groth16,2026-07-28T12:56:42.061378+00:00,measured,3,25,9,separate_account_budget_64,account_policy_with_privacy_budget,pi_valid+pi_trans+pi_limit+pi_budget,account,composition_baseline,64,,account_budget_b64,baseline,unbound,separate,4,local_financial_validity_64;state_transition_and_conservation_64;operating_limit_64;privacy_budget_64,groth16,1193,0.0869392899999184,1.1763283109994518,1.053711717999704,0.0,2.316979318999074,3224,58,True,,True,ok,
20260728T123050Z_paper_groth16,2026-07-28T12:56:42.849121+00:00,measured,3,25,10,merkle_membership_depth_8,merkle_membership,pi_mem,token,individual_policy,,8,,,none,monolithic,1,merkle_membership_depth_8,groth16,4160,0.04894681300038428,0.4843121530002463,0.2537338219999583,0.0,0.7869927880005889,805,84,True,,True,ok,
20260728T123050Z_paper_groth16,2026-07-28T12:56:43.841040+00:00,measured,3,25,11,merkle_membership_depth_32,merkle_membership,pi_mem,token,individual_policy,,32,,,none,monolithic,1,merkle_membership_depth_32,groth16,16640,0.04564820299992789,0.6757404390000374,0.2698231770000348,0.0,0.9912118190000001,804,84,True,,True,ok,
20260728T123050Z_paper_groth16,2026-07-28T12:56:44.433201+00:00,measured,3,25,12,account_policy_core_64,account_policy_core,pi_valid+pi_trans+pi_limit,account,composition,64,,account_core_b64,baseline,shared_witness,monolithic,1,account_policy_core_64,groth16,666,0.02233881400024984,0.3039987329998439,0.2651337090001107,0.0,0.5914712560002044,807,26,True,,True,ok,
20260728T123050Z_paper_groth16,2026-07-28T12:56:46.137301+00:00,measured,3,25,13,separate_account_core_64,account_policy_core,pi_valid+pi_trans+pi_limit,account,composition_baseline,64,,account_core_b64,baseline,unbound,separate,3,local_financial_validity_64;state_transition_and_conservation_64;operating_limit_64,groth16,861,0.06016705499996533,0.8813120509998953,0.7610010110001895,0.0,1.70248011700005,2420,32,True,,True,ok,
20260728T123050Z_paper_groth16,2026-07-28T12:56:46.728354+00:00,measured,3,25,14,account_policy_core_32,account_policy_core,pi_valid+pi_trans+pi_limit,account,composition,32,,account_core_b32,baseline,shared_witness,monolithic,1,account_policy_core_32,groth16,346,0.021995051999965654,0.30670728699988103,0.26171458099997835,0.0,0.590416919999825,807,16,True,,True,ok,
20260728T123050Z_paper_groth16,2026-07-28T12:56:49.562573+00:00,measured,3,25,15,linked_separate_token_bundle_32_depth_16,token_policy_bundle,pi_mem+pi_null+pi_valid+pi_budget,token,composition_baseline,32,16,token_bundle_b32_d16,commitment_linked,tx_tag,separate,4,linked_token_bundle_membership_32_depth_16;linked_token_bundle_nullifier_32_depth_16;linked_token_bundle_validity_32_depth_16;linked_token_bundle_budget_32_depth_16,groth16,15434,0.23331884300023376,1.5660164620003343,1.0302554550003151,2.5650001589383464e-06,2.829593325001042,3223,1368,True,True,True,ok,
20260728T123050Z_paper_groth16,2026-07-28T12:56:51.887038+00:00,measured,3,25,16,separate_account_budget_32,account_policy_with_privacy_budget,pi_valid+pi_trans+pi_limit+pi_budget,account,composition_baseline,32,,account_budget_b32,baseline,unbound,separate,4,local_financial_validity_32;state_transition_and_conservation_32;operating_limit_32;privacy_budget_32,groth16,617,0.08171024699959162,1.1835546440001963,1.0571266180004386,0.0,2.3223915090002265,3225,38,True,,True,ok,
20260728T123050Z_paper_groth16,2026-07-28T12:56:52.435703+00:00,measured,3,25,17,privacy_budget_32,privacy_budget,pi_budget,account,individual_policy,32,,,,none,monolithic,1,privacy_budget_32,groth16,172,0.019706592000147793,0.2830037409999022,0.24532121999982337,0.0,0.5480315529998734,805,16,True,,True,ok,
20260728T123050Z_paper_groth16,2026-07-28T12:56:52.997381+00:00,measured,3,25,18,account_policy_with_privacy_budget_16,account_policy_with_privacy_budget,pi_valid+pi_trans+pi_limit+pi_budget,account,composition,16,,account_budget_b16,baseline,shared_witness,monolithic,1,account_policy_with_privacy_budget_16,groth16,261,0.020745602999795665,0.2926577319999524,0.24765562099992167,0.0,0.5610589559996697,799,21,True,,True,ok,
20260728T123050Z_paper_groth16,2026-07-28T12:56:53.560637+00:00,measured,3,25,19,local_validity_and_operating_limit_16,local_validity_and_operating_limit,pi_valid+pi_limit,account,composition,16,,valid_limit_b16,baseline,shared_witness,monolithic,1,local_validity_and_operating_limit_16,groth16,131,0.020291895000354998,0.2915047950000371,0.25085009800022817,0.0,0.5626467880006203,805,12,True,,True,ok,
20260728T123050Z_paper_groth16,2026-07-28T12:56:54.134229+00:00,measured,3,25,20,local_validity_and_operating_limit_64,local_validity_and_operating_limit,pi_valid+pi_limit,account,composition,64,,valid_limit_b64,baseline,shared_witness,monolithic,1,local_validity_and_operating_limit_64,groth16,467,0.02106760300011956,0.30871827800001483,0.24320433799994134,0.0,0.5729902190000757,806,26,True,,True,ok,
20260728T123050Z_paper_groth16,2026-07-28T12:56:54.683596+00:00,measured,3,25,21,privacy_budget_16,privacy_budget,pi_budget,account,individual_policy,16,,,,none,monolithic,1,privacy_budget_16,groth16,92,0.022003211999617633,0.2684403759999441,0.25824381900019944,0.0,0.5486874069997612,806,11,True,,True,ok,
20260728T123050Z_paper_groth16,2026-07-28T12:56:55.263884+00:00,measured,3,25,22,local_validity_and_operating_limit_32,local_validity_and_operating_limit,pi_valid+pi_limit,account,composition,32,,valid_limit_b32,baseline,shared_witness,monolithic,1,local_validity_and_operating_limit_32,groth16,243,0.020179860000098415,0.29604182299999593,0.2633179049998944,0.0,0.5795395879999887,804,16,True,,True,ok,
20260728T123050Z_paper_groth16,2026-07-28T12:56:58.018688+00:00,measured,3,25,23,separate_token_bundle_32_depth_32,token_policy_bundle,pi_mem+pi_null+pi_valid+pi_budget,token,composition_baseline,32,32,token_bundle_b32_d32,baseline,unbound,separate,4,merkle_membership_depth_32;nullifier_correctness_poseidon;local_financial_validity_32;privacy_budget_32,groth16,17433,0.11204728199982128,1.5993237730003784,1.0412969779999912,0.0,2.752668033000191,3223,267,True,,True,ok,
20260728T123050Z_paper_groth16,2026-07-28T12:56:58.642782+00:00,measured,3,25,24,linked_valid_limit_monolithic_32,local_validity_and_operating_limit,pi_valid+pi_limit,account,composition,32,,valid_limit_b32,commitment_linked,tx_tag,monolithic,1,linked_valid_limit_monolithic_32,groth16,1210,0.039300809999986086,0.3243182699998215,0.2596278500000153,2.2210001588973682e-06,0.6232491509999818,806,98,True,True,True,ok,
20260728T123050Z_paper_groth16,2026-07-28T12:56:59.219249+00:00,measured,3,25,25,operating_limit_32,operating_limit,pi_limit,account,individual_policy,32,,,,none,monolithic,1,operating_limit_32,groth16,172,0.019819805000224733,0.2979353240002638,0.2581397140002082,0.0,0.5758948430006967,807,16,True,,True,ok,
20260728T123050Z_paper_groth16,2026-07-28T12:56:59.785546+00:00,measured,3,25,26,local_financial_validity_32,local_financial_validity,pi_valid,account,individual_policy,32,,,,none,monolithic,1,local_financial_validity_32,groth16,104,0.020504882000295765,0.2875963100000263,0.2576016590001018,0.0,0.5657028510004238,806,3,True,,True,ok,
20260728T123050Z_paper_groth16,2026-07-28T12:57:00.365394+00:00,measured,3,25,27,privacy_budget_64,privacy_budget,pi_budget,account,individual_policy,64,,,,none,monolithic,1,privacy_budget_64,groth16,332,0.021625070000027335,0.3003782390001106,0.25724002200013274,0.0,0.5792433310002707,804,26,True,,True,ok,
20260728T123050Z_paper_groth16,2026-07-28T12:57:02.073307+00:00,measured,3,25,28,separate_account_core_32,account_policy_core,pi_valid+pi_trans+pi_limit,account,composition_baseline,32,,account_core_b32,baseline,unbound,separate,3,local_financial_validity_32;state_transition_and_conservation_32;operating_limit_32,groth16,445,0.06119684899931599,0.8680909329996211,0.7769522680000591,0.0,1.7062400499989963,2415,22,True,,True,ok,
20260728T123050Z_paper_groth16,2026-07-28T12:57:02.643111+00:00,measured,3,25,29,state_transition_and_conservation_64,state_transition_and_conservation,pi_trans,account,individual_policy,64,,,,none,monolithic,1,state_transition_and_conservation_64,groth16,329,0.022770959999888873,0.30260062099978313,0.24379976699992767,0.0,0.5691713479995997,801,3,True,,True,ok,
20260728T123050Z_paper_groth16,2026-07-28T12:57:03.438974+00:00,measured,3,25,30,merkle_membership_depth_16,merkle_membership,pi_mem,token,individual_policy,,16,,,none,monolithic,1,merkle_membership_depth_16,groth16,8320,0.04150298299964561,0.5051303109999026,0.2485936819998642,0.0,0.7952269759994124,806,84,True,,True,ok,
20260728T123050Z_paper_groth16,2026-07-28T12:57:04.666173+00:00,measured,3,25,31,linked_separate_valid_limit_32,local_validity_and_operating_limit,pi_valid+pi_limit,account,composition_baseline,32,,valid_limit_b32,commitment_linked,tx_tag,separate,2,linked_valid_limit_validity_32;linked_valid_limit_limit_32,groth16,2210,0.07826814999998533,0.636782301999574,0.5103195050005525,2.6859997888095677e-06,1.2253726429999006,1611,196,True,True,True,ok,
20260728T123050Z_paper_groth16,2026-07-28T12:57:05.789357+00:00,measured,3,25,32,separate_valid_limit_32,local_validity_and_operating_limit,pi_valid+pi_limit,account,composition_baseline,32,,valid_limit_b32,baseline,unbound,separate,2,local_financial_validity_32;operating_limit_32,groth16,276,0.0401171740004429,0.582298604999778,0.49969230199940284,0.0,1.1221080809996238,1609,19,True,,True,ok,
20260728T123050Z_paper_groth16,2026-07-28T12:57:06.433638+00:00,measured,3,25,33,linked_account_budget_monolithic_32,account_policy_with_privacy_budget,pi_valid+pi_trans+pi_limit+pi_budget,account,composition,32,,account_budget_b32,commitment_linked,tx_tag,monolithic,1,linked_account_budget_monolithic_32,groth16,1914,0.05841261299974576,0.33455950500001563,0.25045161299976826,2.1040000319771934e-06,0.6434258349995616,803,111,True,True,True,ok,
20260728T123050Z_paper_groth16,2026-07-28T12:57:07.587647+00:00,measured,3,25,34,separate_valid_limit_64,local_validity_and_operating_limit,pi_valid+pi_limit,account,composition_baseline,64,,valid_limit_b64,baseline,unbound,separate,2,local_financial_validity_64;operating_limit_64,groth16,532,0.04108584499999779,0.5939013440001872,0.517956778000098,0.0,1.152943967000283,1612,29,True,,True,ok,
20260728T123050Z_paper_groth16,2026-07-28T12:57:09.865536+00:00,measured,3,25,35,separate_account_budget_16,account_policy_with_privacy_budget,pi_valid+pi_trans+pi_limit+pi_budget,account,composition_baseline,16,,account_budget_b16,baseline,unbound,separate,4,local_financial_validity_16;state_transition_and_conservation_16;operating_limit_16;privacy_budget_16,groth16,329,0.0827824259999943,1.1581788059997962,1.0347159240004657,0.0,2.275677156000256,3219,29,True,,True,ok,
20260728T123050Z_paper_groth16,2026-07-28T12:57:11.003238+00:00,measured,3,25,36,separate_valid_limit_16,local_validity_and_operating_limit,pi_valid+pi_limit,account,composition_baseline,16,,valid_limit_b16,baseline,unbound,separate,2,local_financial_validity_16;operating_limit_16,groth16,148,0.03922540699977617,0.5815386540002692,0.5156044240002302,0.0,1.1363684850002755,1612,15,True,,True,ok,
20260728T123050Z_paper_groth16,2026-07-28T12:57:11.623621+00:00,measured,3,25,37,nullifier_correctness_poseidon,nullifier_correctness,pi_null,token,individual_policy,,,,,none,monolithic,1,nullifier_correctness_poseidon,groth16,517,0.03309948499963866,0.3162303920003069,0.2704085200002737,0.0,0.6197383970002193,803,164,True,,True,ok,
20260728T123050Z_paper_groth16,2026-07-28T12:57:12.198579+00:00,measured,3,25,38,local_financial_validity_64,local_financial_validity,pi_valid,account,individual_policy,64,,,,none,monolithic,1,local_financial_validity_64,groth16,200,0.020919619999858696,0.29930879099993035,0.25411957500000426,0.0,0.5743479859997933,803,3,True,,True,ok,
20260728T123050Z_paper_groth16,2026-07-28T12:57:13.038393+00:00,measured,3,25,39,token_policy_bundle_32_depth_16,token_policy_bundle,pi_mem+pi_null+pi_valid+pi_budget,token,composition,32,16,token_bundle_b32_d16,baseline,shared_witness,monolithic,1,token_policy_bundle_32_depth_16,groth16,9685,0.04599422399996911,0.5490110360001381,0.24414559699971505,0.0,0.8391508569998223,804,260,True,,True,ok,
20260728T123050Z_paper_groth16,2026-07-28T12:57:13.613686+00:00,measured,3,25,40,account_policy_with_privacy_budget_64,account_policy_with_privacy_budget,pi_valid+pi_trans+pi_limit+pi_budget,account,composition,64,,account_budget_b64,baseline,shared_witness,monolithic,1,account_policy_with_privacy_budget_64,groth16,933,0.02273896400038211,0.30683051899995917,0.24511016799988283,0.0,0.5746796510002241,805,50,True,,True,ok,
20260728T123050Z_paper_groth16,2026-07-28T12:57:14.598178+00:00,measured,3,25,41,token_policy_bundle_32_depth_32,token_policy_bundle,pi_mem+pi_null+pi_valid+pi_budget,token,composition,32,32,token_bundle_b32_d32,baseline,shared_witness,monolithic,1,token_policy_bundle_32_depth_32,groth16,18005,0.04950841900017622,0.6563504830000966,0.2779151630002161,0.0,0.9837740650004889,808,261,True,,True,ok,
20260728T123050Z_paper_groth16,2026-07-28T12:57:17.123035+00:00,measured,3,25,42,separate_token_bundle_32_depth_8,token_policy_bundle,pi_mem+pi_null+pi_valid+pi_budget,token,composition_baseline,32,8,token_bundle_b32_d8,baseline,unbound,separate,4,merkle_membership_depth_8;nullifier_correctness_poseidon;local_financial_validity_32;privacy_budget_32,groth16,4953,0.11840567100034605,1.3721722720001708,1.0314633539996976,0.0,2.5220412970002144,3225,267,True,,True,ok,
20260728T123050Z_paper_groth16,2026-07-28T12:57:17.709061+00:00,measured,3,25,43,account_policy_core_16,account_policy_core,pi_valid+pi_trans+pi_limit,account,composition,16,,account_core_b16,baseline,shared_witness,monolithic,1,account_policy_core_16,groth16,186,0.020368607999898813,0.2935849310001686,0.2713496500000474,0.0,0.5853031890001148,809,12,True,,True,ok,
20260728T123050Z_paper_groth16,2026-07-28T12:57:18.276992+00:00,measured,3,25,44,operating_limit_16,operating_limit,pi_limit,account,individual_policy,16,,,,none,monolithic,1,operating_limit_16,groth16,92,0.021822344999691268,0.29706234900004347,0.2483829660000083,0.0,0.567267659999743,806,12,True,,True,ok,
20260728T123050Z_paper_groth16,2026-07-28T12:57:18.857653+00:00,measured,3,25,45,account_policy_with_privacy_budget_32,account_policy_with_privacy_budget,pi_valid+pi_trans+pi_limit+pi_budget,account,composition,32,,account_budget_b32,baseline,shared_witness,monolithic,1,account_policy_with_privacy_budget_32,groth16,485,0.02356533100009983,0.29083578200015836,0.26560667200010357,0.0,0.5800077850003618,807,30,True,,True,ok,
20260728T123050Z_paper_groth16,2026-07-28T12:57:21.497294+00:00,measured,3,25,46,linked_separate_account_budget_32,account_policy_with_privacy_budget,pi_valid+pi_trans+pi_limit+pi_budget,account,composition_baseline,32,,account_budget_b32,commitment_linked,tx_tag,separate,4,linked_account_budget_validity_32;linked_account_budget_transition_32;linked_account_budget_limit_32;linked_account_budget_budget_32,groth16,6333,0.24150695500020447,1.3665520099998503,1.027920873999392,3.0559999686374795e-06,2.6359828949994153,3219,444,True,True,True,ok,
20260728T123050Z_paper_groth16,2026-07-28T12:57:23.243376+00:00,measured,3,26,1,separate_account_core_64,account_policy_core,pi_valid+pi_trans+pi_limit,account,composition_baseline,64,,account_core_b64,baseline,unbound,separate,3,local_financial_validity_64;state_transition_and_conservation_64;operating_limit_64,groth16,861,0.06259873099998003,0.9061865170001511,0.7757080970000061,0.0,1.7444933450001372,2418,32,True,,True,ok,
20260728T123050Z_paper_groth16,2026-07-28T12:57:25.800366+00:00,measured,3,26,2,linked_separate_account_budget_32,account_policy_with_privacy_budget,pi_valid+pi_trans+pi_limit+pi_budget,account,composition_baseline,32,,account_budget_b32,commitment_linked,tx_tag,separate,4,linked_account_budget_validity_32;linked_account_budget_transition_32;linked_account_budget_limit_32;linked_account_budget_budget_32,groth16,6333,0.230808867000178,1.3257412640000439,0.9971403070003362,2.5139997887890786e-06,2.553692952000347,3215,444,True,True,True,ok,
20260728T123050Z_paper_groth16,2026-07-28T12:57:26.371844+00:00,measured,3,26,3,account_policy_with_privacy_budget_16,account_policy_with_privacy_budget,pi_valid+pi_trans+pi_limit+pi_budget,account,composition,16,,account_budget_b16,baseline,shared_witness,monolithic,1,account_policy_with_privacy_budget_16,groth16,261,0.019746711000152573,0.3050368450003589,0.24610038399987388,0.0,0.5708839400003853,808,21,True,,True,ok,
20260728T123050Z_paper_groth16,2026-07-28T12:57:26.936106+00:00,measured,3,26,4,operating_limit_32,operating_limit,pi_limit,account,individual_policy,32,,,,none,monolithic,1,operating_limit_32,groth16,172,0.019357768999725522,0.2846860159997959,0.2596456070000386,0.0,0.56368939199956,804,16,True,,True,ok,
20260728T123050Z_paper_groth16,2026-07-28T12:57:29.166242+00:00,measured,3,26,5,separate_account_budget_32,account_policy_with_privacy_budget,pi_valid+pi_trans+pi_limit+pi_budget,account,composition_baseline,32,,account_budget_b32,baseline,unbound,separate,4,local_financial_validity_32;state_transition_and_conservation_32;operating_limit_32;privacy_budget_32,groth16,617,0.08093803600013416,1.1539176180003778,0.9932006809999621,0.0,2.228056335000474,3216,38,True,,True,ok,
20260728T123050Z_paper_groth16,2026-07-28T12:57:29.994388+00:00,measured,3,26,6,merkle_membership_depth_16,merkle_membership,pi_mem,token,individual_policy,,16,,,none,monolithic,1,merkle_membership_depth_16,groth16,8320,0.03985641100007342,0.5459177069997168,0.24162372799992227,0.0,0.8273978459997124,803,84,True,,True,ok,
20260728T123050Z_paper_groth16,2026-07-28T12:57:30.655107+00:00,measured,3,26,7,linked_account_budget_monolithic_32,account_policy_with_privacy_budget,pi_valid+pi_trans+pi_limit+pi_budget,account,composition,32,,account_budget_b32,commitment_linked,tx_tag,monolithic,1,linked_account_budget_monolithic_32,groth16,1914,0.05949833199974819,0.35146434499984025,0.24879969099993104,2.1670002752216533e-06,0.6597645349997947,802,111,True,True,True,ok,
20260728T123050Z_paper_groth16,2026-07-28T12:57:31.472814+00:00,measured,3,26,8,token_policy_bundle_32_depth_16,token_policy_bundle,pi_mem+pi_null+pi_valid+pi_budget,token,composition,32,16,token_bundle_b32_d16,baseline,shared_witness,monolithic,1,token_policy_bundle_32_depth_16,groth16,9685,0.04325358799997048,0.522001175999776,0.2518424140002935,0.0,0.81709717800004,805,260,True,,True,ok,
20260728T123050Z_paper_groth16,2026-07-28T12:57:32.093012+00:00,measured,3,26,9,privacy_budget_32,privacy_budget,pi_budget,account,individual_policy,32,,,,none,monolithic,1,privacy_budget_32,groth16,172,0.022077334999721643,0.3316498630001661,0.2658305710001514,0.0,0.6195577690000391,802,16,True,,True,ok,
20260728T123050Z_paper_groth16,2026-07-28T12:57:32.636791+00:00,measured,3,26,10,state_transition_and_conservation_16,state_transition_and_conservation,pi_trans,account,individual_policy,16,,,,none,monolithic,1,state_transition_and_conservation_16,groth16,89,0.020066366999799357,0.2726836619999631,0.25039025900014167,0.0,0.5431402879999041,806,3,True,,True,ok,
20260728T123050Z_paper_groth16,2026-07-28T12:57:34.905984+00:00,measured,3,26,11,separate_account_budget_64,account_policy_with_privacy_budget,pi_valid+pi_trans+pi_limit+pi_budget,account,composition_baseline,64,,account_budget_b64,baseline,unbound,separate,4,local_financial_validity_64;state_transition_and_conservation_64;operating_limit_64;privacy_budget_64,groth16,1193,0.08360007000010228,1.148159399999713,1.0350352010000279,0.0,2.266794670999843,3225,58,True,,True,ok,
20260728T123050Z_paper_groth16,2026-07-28T12:57:35.467829+00:00,measured,3,26,12,operating_limit_64,operating_limit,pi_limit,account,individual_policy,64,,,,none,monolithic,1,operating_limit_64,groth16,332,0.020719924999866635,0.2834071759998551,0.25706316600007995,0.0,0.5611902669998017,804,26,True,,True,ok,
20260728T123050Z_paper_groth16,2026-07-28T12:57:36.597605+00:00,measured,3,26,13,separate_valid_limit_16,local_validity_and_operating_limit,pi_valid+pi_limit,account,composition_baseline,16,,valid_limit_b16,baseline,unbound,separate,2,local_financial_validity_16;operating_limit_16,groth16,148,0.03916230100048779,0.5728180349997274,0.5166954679998526,0.0,1.1286758040000677,1610,15,True,,True,ok,
20260728T123050Z_paper_groth16,2026-07-28T12:57:38.283802+00:00,measured,3,26,14,separate_account_core_32,account_policy_core,pi_valid+pi_trans+pi_limit,account,composition_baseline,32,,account_core_b32,baseline,unbound,separate,3,local_financial_validity_32;state_transition_and_conservation_32;operating_limit_32,groth16,445,0.057393430000047374,0.8627374840002631,0.7644872700006999,0.0,1.6846181840010104,2417,22,True,,True,ok,
20260728T123050Z_paper_groth16,2026-07-28T12:57:39.966834+00:00,measured,3,26,15,separate_account_core_16,account_policy_core,pi_valid+pi_trans+pi_limit,account,composition_baseline,16,,account_core_b16,baseline,unbound,separate,3,local_financial_validity_16;state_transition_and_conservation_16;operating_limit_16,groth16,237,0.06344427500016536,0.8363854810004341,0.7815874659995643,0.0,1.6814172220001637,2413,18,True,,True,ok,
20260728T123050Z_paper_groth16,2026-07-28T12:57:40.541483+00:00,measured,3,26,16,account_policy_with_privacy_budget_64,account_policy_with_privacy_budget,pi_valid+pi_trans+pi_limit+pi_budget,account,composition,64,,account_budget_b64,baseline,shared_witness,monolithic,1,account_policy_with_privacy_budget_64,groth16,933,0.022948788999656244,0.3022834819998934,0.24862526500010063,0.0,0.5738575359996503,804,50,True,,True,ok,
20260728T123050Z_paper_groth16,2026-07-28T12:57:41.134209+00:00,measured,3,26,17,account_policy_core_64,account_policy_core,pi_valid+pi_trans+pi_limit,account,composition,64,,account_core_b64,baseline,shared_witness,monolithic,1,account_policy_core_64,groth16,666,0.023414534000039566,0.30322535499999503,0.26546202400004404,0.0,0.5921019130000786,803,26,True,,True,ok,
20260728T123050Z_paper_groth16,2026-07-28T12:57:41.718413+00:00,measured,3,26,18,local_validity_and_operating_limit_32,local_validity_and_operating_limit,pi_valid+pi_limit,account,composition,32,,valid_limit_b32,baseline,shared_witness,monolithic,1,local_validity_and_operating_limit_32,groth16,243,0.02322024400018563,0.2967186579999179,0.2636467900001662,0.0,0.5835856920002698,804,16,True,,True,ok,
20260728T123050Z_paper_groth16,2026-07-28T12:57:44.208645+00:00,measured,3,26,19,separate_token_bundle_32_depth_8,token_policy_bundle,pi_mem+pi_null+pi_valid+pi_budget,token,composition_baseline,32,8,token_bundle_b32_d8,baseline,unbound,separate,4,merkle_membership_depth_8;nullifier_correctness_poseidon;local_financial_validity_32;privacy_budget_32,groth16,4953,0.11708633299986104,1.343344373999571,1.027568599999995,0.0,2.487999306999427,3212,267,True,,True,ok,
20260728T123050Z_paper_groth16,2026-07-28T12:57:44.820022+00:00,measured,3,26,20,nullifier_correctness_poseidon,nullifier_correctness,pi_null,token,individual_policy,,,,,none,monolithic,1,nullifier_correctness_poseidon,groth16,517,0.035497515000315616,0.3200508630002332,0.25474786299992047,0.0,0.6102962410004693,806,164,True,,True,ok,
20260728T123050Z_paper_groth16,2026-07-28T12:57:45.368923+00:00,measured,3,26,21,state_transition_and_conservation_32,state_transition_and_conservation,pi_trans,account,individual_policy,32,,,,none,monolithic,1,state_transition_and_conservation_32,groth16,169,0.020073261000106868,0.28603319200010446,0.24216986700002963,0.0,0.548276320000241,808,3,True,,True,ok,
20260728T123050Z_paper_groth16,2026-07-28T12:57:45.979739+00:00,measured,3,26,22,privacy_budget_64,privacy_budget,pi_budget,account,individual_policy,64,,,,none,monolithic,1,privacy_budget_64,groth16,332,0.02161382899976161,0.31675490299994635,0.27177879600003507,0.0,0.610147527999743,806,26,True,,True,ok,
20260728T123050Z_paper_groth16,2026-07-28T12:57:46.551440+00:00,measured,3,26,23,privacy_budget_16,privacy_budget,pi_budget,account,individual_policy,16,,,,none,monolithic,1,privacy_budget_16,groth16,92,0.022214326000266738,0.28665955100041174,0.26220702699993126,0.0,0.5710809040006097,804,11,True,,True,ok,
20260728T123050Z_paper_groth16,2026-07-28T12:57:47.134216+00:00,measured,3,26,24,operating_limit_16,operating_limit,pi_limit,account,individual_policy,16,,,,none,monolithic,1,operating_limit_16,groth16,92,0.02147219899961783,0.2956306749997566,0.2650465599999734,0.0,0.5821494339993478,805,12,True,,True,ok,
20260728T123050Z_paper_groth16,2026-07-28T12:57:49.960911+00:00,measured,3,26,25,separate_token_bundle_32_depth_32,token_policy_bundle,pi_mem+pi_null+pi_valid+pi_budget,token,composition_baseline,32,32,token_bundle_b32_d32,baseline,unbound,separate,4,merkle_membership_depth_32;nullifier_correctness_poseidon;local_financial_validity_32;privacy_budget_32,groth16,17433,0.11472044100037238,1.6357527129998743,1.0740121119993091,0.0,2.824485265999556,3221,267,True,,True,ok,
20260728T123050Z_paper_groth16,2026-07-28T12:57:52.565757+00:00,measured,3,26,26,separate_token_bundle_32_depth_16,token_policy_bundle,pi_mem+pi_null+pi_valid+pi_budget,token,composition_baseline,32,16,token_bundle_b32_d16,baseline,unbound,separate,4,merkle_membership_depth_16;nullifier_correctness_poseidon;local_financial_validity_32;privacy_budget_32,groth16,9113,0.11012728300011076,1.4742328969996379,1.0182308359999297,0.0,2.6025910159996783,3216,267,True,,True,ok,
20260728T123050Z_paper_groth16,2026-07-28T12:57:53.134668+00:00,measured,3,26,27,local_validity_and_operating_limit_64,local_validity_and_operating_limit,pi_valid+pi_limit,account,composition,64,,valid_limit_b64,baseline,shared_witness,monolithic,1,local_validity_and_operating_limit_64,groth16,467,0.020223581999744056,0.2926566260002801,0.25518618800015247,0.0,0.5680663960001766,806,26,True,,True,ok,
20260728T123050Z_paper_groth16,2026-07-28T12:57:53.694283+00:00,measured,3,26,28,state_transition_and_conservation_64,state_transition_and_conservation,pi_trans,account,individual_policy,64,,,,none,monolithic,1,state_transition_and_conservation_64,groth16,329,0.019973167999978614,0.2863411950002046,0.25269340400018336,0.0,0.5590077670003666,805,3,True,,True,ok,
20260728T123050Z_paper_groth16,2026-07-28T12:57:56.565736+00:00,measured,3,26,29,linked_separate_token_bundle_32_depth_16,token_policy_bundle,pi_mem+pi_null+pi_valid+pi_budget,token,composition_baseline,32,16,token_bundle_b32_d16,commitment_linked,tx_tag,separate,4,linked_token_bundle_membership_32_depth_16;linked_token_bundle_nullifier_32_depth_16;linked_token_bundle_validity_32_depth_16;linked_token_bundle_budget_32_depth_16,groth16,15434,0.23220014100024855,1.5982303220002905,1.0360280100003365,2.761999894573819e-06,2.86646123500077,3220,1368,True,True,True,ok,
20260728T123050Z_paper_groth16,2026-07-28T12:57:57.727407+00:00,measured,3,26,30,separate_valid_limit_64,local_validity_and_operating_limit,pi_valid+pi_limit,account,composition_baseline,64,,valid_limit_b64,baseline,unbound,separate,2,local_financial_validity_64;operating_limit_64,groth16,532,0.039006244000120205,0.5960549929995977,0.5254723970001578,0.0,1.1605336339998757,1611,29,True,,True,ok,
20260728T123050Z_paper_groth16,2026-07-28T12:57:58.333582+00:00,measured,3,26,31,account_policy_core_32,account_policy_core,pi_valid+pi_trans+pi_limit,account,composition,32,,account_core_b32,baseline,shared_witness,monolithic,1,account_policy_core_32,groth16,346,0.02436008299991954,0.3104166160001114,0.2707530380002936,0.0,0.6055297370003245,808,16,True,,True,ok,
20260728T123050Z_paper_groth16,2026-07-28T12:57:58.923430+00:00,measured,3,26,32,local_financial_validity_64,local_financial_validity,pi_valid,account,individual_policy,64,,,,none,monolithic,1,local_financial_validity_64,groth16,200,0.022406523000427114,0.3007025090000752,0.2661182989995723,0.0,0.5892273310000746,806,3,True,,True,ok,
20260728T123050Z_paper_groth16,2026-07-28T12:58:00.260383+00:00,measured,3,26,33,linked_separate_valid_limit_32,local_validity_and_operating_limit,pi_valid+pi_limit,account,composition_baseline,32,,valid_limit_b32,commitment_linked,tx_tag,separate,2,linked_valid_limit_validity_32;linked_valid_limit_limit_32,groth16,2210,0.08277411600010964,0.6970303500002046,0.5556441300000188,2.722999852267094e-06,1.3354513190001853,1613,196,True,True,True,ok,
20260728T123050Z_paper_groth16,2026-07-28T12:58:01.011056+00:00,measured,3,26,34,token_policy_bundle_32_depth_8,token_policy_bundle,pi_mem+pi_null+pi_valid+pi_budget,token,composition,32,8,token_bundle_b32_d8,baseline,shared_witness,monolithic,1,token_policy_bundle_32_depth_8,groth16,5525,0.04775568199966074,0.4230718449998676,0.279168111999752,0.0,0.7499956389992803,805,261,True,,True,ok,
20260728T123050Z_paper_groth16,2026-07-28T12:58:01.644171+00:00,measured,3,26,35,linked_valid_limit_monolithic_32,local_validity_and_operating_limit,pi_valid+pi_limit,account,composition,32,,valid_limit_b32,commitment_linked,tx_tag,monolithic,1,linked_valid_limit_monolithic_32,groth16,1210,0.04299361299990778,0.33936550099997476,0.2499363249999078,2.269000106025487e-06,0.6322977079998964,806,98,True,True,True,ok,
20260728T123050Z_paper_groth16,2026-07-28T12:58:02.756596+00:00,measured,3,26,36,separate_valid_limit_32,local_validity_and_operating_limit,pi_valid+pi_limit,account,composition_baseline,32,,valid_limit_b32,baseline,unbound,separate,2,local_financial_validity_32;operating_limit_32,groth16,276,0.03976175299976603,0.5603385770000386,0.5112537400000292,0.0,1.1113540699998339,1609,19,True,,True,ok,
20260728T123050Z_paper_groth16,2026-07-28T12:58:03.624041+00:00,measured,3,26,37,linked_token_bundle_monolithic_32_depth_16,token_policy_bundle,pi_mem+pi_null+pi_valid+pi_budget,token,composition,32,16,token_bundle_b32_d16,commitment_linked,tx_tag,monolithic,1,linked_token_bundle_monolithic_32_depth_16,groth16,11114,0.05939888400007476,0.5585445520000576,0.2471682260002126,2.4289997782034334e-06,0.8651140910001232,805,342,True,True,True,ok,
20260728T123050Z_paper_groth16,2026-07-28T12:58:05.871989+00:00,measured,3,26,38,separate_account_budget_16,account_policy_with_privacy_budget,pi_valid+pi_trans+pi_limit+pi_budget,account,composition_baseline,16,,account_budget_b16,baseline,unbound,separate,4,local_financial_validity_16;state_transition_and_conservation_16;operating_limit_16;privacy_budget_16,groth16,329,0.08007582800019009,1.1176372320005612,1.0481621149997409,0.0,2.245875175000492,3222,29,True,,True,ok,
20260728T123050Z_paper_groth16,2026-07-28T12:58:06.412029+00:00,measured,3,26,39,local_financial_validity_32,local_financial_validity,pi_valid,account,individual_policy,32,,,,none,monolithic,1,local_financial_validity_32,groth16,104,0.020461565000005066,0.271013991000018,0.24791916899994249,0.0,0.5393947249999655,804,3,True,,True,ok,
20260728T123050Z_paper_groth16,2026-07-28T12:58:06.975550+00:00,measured,3,26,40,local_financial_validity_16,local_financial_validity,pi_valid,account,individual_policy,16,,,,none,monolithic,1,local_financial_validity_16,groth16,56,0.020925568999700772,0.28269824200015137,0.2592926269999225,0.0,0.5629164379997746,805,3,True,,True,ok,
20260728T123050Z_paper_groth16,2026-07-28T12:58:07.541877+00:00,measured,3,26,41,account_policy_core_16,account_policy_core,pi_valid+pi_trans+pi_limit,account,composition,16,,account_core_b16,baseline,shared_witness,monolithic,1,account_policy_core_16,groth16,186,0.02011176600035469,0.28562448399998175,0.2599939130000166,0.0,0.5657301630003531,803,12,True,,True,ok,
20260728T123050Z_paper_groth16,2026-07-28T12:58:08.518320+00:00,measured,3,26,42,merkle_membership_depth_32,merkle_membership,pi_mem,token,individual_policy,,32,,,none,monolithic,1,merkle_membership_depth_32,groth16,16640,0.04254802200011909,0.6684359870000662,0.264786008000101,0.0,0.9757700170002863,805,84,True,,True,ok,
20260728T123050Z_paper_groth16,2026-07-28T12:58:09.228966+00:00,measured,3,26,43,merkle_membership_depth_8,merkle_membership,pi_mem,token,individual_policy,,8,,,none,monolithic,1,merkle_membership_depth_8,groth16,4160,0.03907464399981109,0.41131766000034986,0.2596285760000683,0.0,0.7100208800002292,806,84,True,,True,ok,
20260728T123050Z_paper_groth16,2026-07-28T12:58:09.791753+00:00,measured,3,26,44,account_policy_with_privacy_budget_32,account_policy_with_privacy_budget,pi_valid+pi_trans+pi_limit+pi_budget,account,composition,32,,account_budget_b32,baseline,shared_witness,monolithic,1,account_policy_with_privacy_budget_32,groth16,485,0.02198614600001747,0.29959701899997526,0.240556960000049,0.0,0.5621401250000417,806,30,True,,True,ok,
20260728T123050Z_paper_groth16,2026-07-28T12:58:10.754472+00:00,measured,3,26,45,token_policy_bundle_32_depth_32,token_policy_bundle,pi_mem+pi_null+pi_valid+pi_budget,token,composition,32,32,token_bundle_b32_d32,baseline,shared_witness,monolithic,1,token_policy_bundle_32_depth_32,groth16,18005,0.0472075389998281,0.672772944999906,0.24203960599970742,0.0,0.9620200899994416,807,261,True,,True,ok,
20260728T123050Z_paper_groth16,2026-07-28T12:58:11.327091+00:00,measured,3,26,46,local_validity_and_operating_limit_16,local_validity_and_operating_limit,pi_valid+pi_limit,account,composition,16,,valid_limit_b16,baseline,shared_witness,monolithic,1,local_validity_and_operating_limit_16,groth16,131,0.021241836000172043,0.3033421910004108,0.24742546600009518,0.0,0.572009493000678,803,12,True,,True,ok,
20260728T123050Z_paper_groth16,2026-07-28T12:58:11.937442+00:00,measured,3,27,1,privacy_budget_64,privacy_budget,pi_budget,account,individual_policy,64,,,,none,monolithic,1,privacy_budget_64,groth16,332,0.02053268700001354,0.2983681099999558,0.2907798270002786,0.0,0.6096806240002479,808,26,True,,True,ok,
20260728T123050Z_paper_groth16,2026-07-28T12:58:12.573778+00:00,measured,3,27,2,account_policy_with_privacy_budget_64,account_policy_with_privacy_budget,pi_valid+pi_trans+pi_limit+pi_budget,account,composition,64,,account_budget_b64,baseline,shared_witness,monolithic,1,account_policy_with_privacy_budget_64,groth16,933,0.025456999999732943,0.34404533099996115,0.26615171499997814,0.0,0.6356540459996722,805,50,True,,True,ok,
20260728T123050Z_paper_groth16,2026-07-28T12:58:13.198141+00:00,measured,3,27,3,nullifier_correctness_poseidon,nullifier_correctness,pi_null,token,individual_policy,,,,,none,monolithic,1,nullifier_correctness_poseidon,groth16,517,0.033169746000112355,0.3327870160001112,0.2576461929998004,0.0,0.6236029550000239,804,164,True,,True,ok,
20260728T123050Z_paper_groth16,2026-07-28T12:58:13.773950+00:00,measured,3,27,4,account_policy_core_32,account_policy_core,pi_valid+pi_trans+pi_limit,account,composition,32,,account_core_b32,baseline,shared_witness,monolithic,1,account_policy_core_32,groth16,346,0.02225171899999623,0.29285650100018756,0.26002871800028515,0.0,0.575136938000469,807,16,True,,True,ok,
20260728T123050Z_paper_groth16,2026-07-28T12:58:15.441355+00:00,measured,3,27,5,separate_account_core_16,account_policy_core,pi_valid+pi_trans+pi_limit,account,composition_baseline,16,,account_core_b16,baseline,unbound,separate,3,local_financial_validity_16;state_transition_and_conservation_16;operating_limit_16,groth16,237,0.06199556899991876,0.8469268560002092,0.7568565570004466,0.0,1.6657789820005746,2414,18,True,,True,ok,
20260728T123050Z_paper_groth16,2026-07-28T12:58:16.558342+00:00,measured,3,27,6,separate_valid_limit_16,local_validity_and_operating_limit,pi_valid+pi_limit,account,composition_baseline,16,,valid_limit_b16,baseline,unbound,separate,2,local_financial_validity_16;operating_limit_16,groth16,148,0.03976012700013598,0.5505292650000229,0.5255494380003256,0.0,1.1158388300004844,1604,15,True,,True,ok,
20260728T123050Z_paper_groth16,2026-07-28T12:58:17.129648+00:00,measured,3,27,7,operating_limit_16,operating_limit,pi_limit,account,individual_policy,16,,,,none,monolithic,1,operating_limit_16,groth16,92,0.018555673000264505,0.28727239399995597,0.26485777900006724,0.0,0.5706858460002877,807,12,True,,True,ok,
20260728T123050Z_paper_groth16,2026-07-28T12:58:17.701945+00:00,measured,3,27,8,account_policy_core_16,account_policy_core,pi_valid+pi_trans+pi_limit,account,composition,16,,account_core_b16,baseline,shared_witness,monolithic,1,account_policy_core_16,groth16,186,0.02321151300020574,0.2878887499996381,0.2605970139998135,0.0,0.5716972769996573,807,12,True,,True,ok,
20260728T123050Z_paper_groth16,2026-07-28T12:58:19.397774+00:00,measured,3,27,9,separate_account_core_32,account_policy_core,pi_valid+pi_trans+pi_limit,account,composition_baseline,32,,account_core_b32,baseline,unbound,separate,3,local_financial_validity_32;state_transition_and_conservation_32;operating_limit_32,groth16,445,0.060051589000067906,0.8692327090002436,0.7648253700003806,0.0,1.6941096680006922,2408,22,True,,True,ok,
20260728T123050Z_paper_groth16,2026-07-28T12:58:20.266181+00:00,measured,3,27,10,token_policy_bundle_32_depth_16,token_policy_bundle,pi_mem+pi_null+pi_valid+pi_budget,token,composition,32,16,token_bundle_b32_d16,baseline,shared_witness,monolithic,1,token_policy_bundle_32_depth_16,groth16,9685,0.04388448300005621,0.5659831060002034,0.2578426949999084,0.0,0.867710284000168,802,260,True,,True,ok,
20260728T123050Z_paper_groth16,2026-07-28T12:58:20.813718+00:00,measured,3,27,11,state_transition_and_conservation_32,state_transition_and_conservation,pi_trans,account,individual_policy,32,,,,none,monolithic,1,state_transition_and_conservation_32,groth16,169,0.022338826999657613,0.2831455269997605,0.2412758099999337,0.0,0.5467601639993518,804,3,True,,True,ok,
20260728T123050Z_paper_groth16,2026-07-28T12:58:21.369300+00:00,measured,3,27,12,local_validity_and_operating_limit_16,local_validity_and_operating_limit,pi_valid+pi_limit,account,composition,16,,valid_limit_b16,baseline,shared_witness,monolithic,1,local_validity_and_operating_limit_16,groth16,131,0.020266711999738618,0.29014185400001224,0.24453504799976145,0.0,0.5549436139995123,807,12,True,,True,ok,
20260728T123050Z_paper_groth16,2026-07-28T12:58:23.592150+00:00,measured,3,27,13,separate_account_budget_16,account_policy_with_privacy_budget,pi_valid+pi_trans+pi_limit+pi_budget,account,composition_baseline,16,,account_budget_b16,baseline,unbound,separate,4,local_financial_validity_16;state_transition_and_conservation_16;operating_limit_16;privacy_budget_16,groth16,329,0.07680905600000187,1.1189700060008363,1.0249445030003699,0.0,2.220723565001208,3221,29,True,,True,ok,
20260728T123050Z_paper_groth16,2026-07-28T12:58:24.177099+00:00,measured,3,27,14,privacy_budget_32,privacy_budget,pi_budget,account,individual_policy,32,,,,none,monolithic,1,privacy_budget_32,groth16,172,0.019825432000288856,0.2969189609998466,0.2675536470001134,0.0,0.5842980400002489,806,16,True,,True,ok,
20260728T123050Z_paper_groth16,2026-07-28T12:58:24.735372+00:00,measured,3,27,15,state_transition_and_conservation_64,state_transition_and_conservation,pi_trans,account,individual_policy,64,,,,none,monolithic,1,state_transition_and_conservation_64,groth16,329,0.02107753300015247,0.28993771199975527,0.24659879399996498,0.0,0.5576140389998727,804,3,True,,True,ok,
20260728T123050Z_paper_groth16,2026-07-28T12:58:25.390929+00:00,measured,3,27,16,linked_account_budget_monolithic_32,account_policy_with_privacy_budget,pi_valid+pi_trans+pi_limit+pi_budget,account,composition,32,,account_budget_b32,commitment_linked,tx_tag,monolithic,1,linked_account_budget_monolithic_32,groth16,1914,0.058816004999698634,0.3378345559999616,0.25797916700003043,1.9510002857714426e-06,0.6546316789999764,806,111,True,True,True,ok,
20260728T123050Z_paper_groth16,2026-07-28T12:58:27.878280+00:00,measured,3,27,17,separate_token_bundle_32_depth_16,token_policy_bundle,pi_mem+pi_null+pi_valid+pi_budget,token,composition_baseline,32,16,token_bundle_b32_d16,baseline,unbound,separate,4,merkle_membership_depth_16;nullifier_correctness_poseidon;local_financial_validity_32;privacy_budget_32,groth16,9113,0.11274864899996828,1.387507617999745,0.9847100209999553,0.0,2.4849662879996686,3217,267,True,,True,ok,
20260728T123050Z_paper_groth16,2026-07-28T12:58:30.514974+00:00,measured,3,27,18,separate_token_bundle_32_depth_32,token_policy_bundle,pi_mem+pi_null+pi_valid+pi_budget,token,composition_baseline,32,32,token_bundle_b32_d32,baseline,unbound,separate,4,merkle_membership_depth_32;nullifier_correctness_poseidon;local_financial_validity_32;privacy_budget_32,groth16,17433,0.11593315200025245,1.5249608629992508,0.9935433339996962,0.0,2.6344373489991995,3222,267,True,,True,ok,
20260728T123050Z_paper_groth16,2026-07-28T12:58:31.084352+00:00,measured,3,27,19,operating_limit_32,operating_limit,pi_limit,account,individual_policy,32,,,,none,monolithic,1,operating_limit_32,groth16,172,0.022346484000081546,0.2778128220002145,0.2685697499996422,0.0,0.5687290559999383,806,16,True,,True,ok,
20260728T123050Z_paper_groth16,2026-07-28T12:58:31.636092+00:00,measured,3,27,20,privacy_budget_16,privacy_budget,pi_budget,account,individual_policy,16,,,,none,monolithic,1,privacy_budget_16,groth16,92,0.021176813999773003,0.2861004530000173,0.24384888000031424,0.0,0.5511261470001045,807,11,True,,True,ok,
20260728T123050Z_paper_groth16,2026-07-28T12:58:32.209444+00:00,measured,3,27,21,account_policy_with_privacy_budget_16,account_policy_with_privacy_budget,pi_valid+pi_trans+pi_limit+pi_budget,account,composition,16,,account_budget_b16,baseline,shared_witness,monolithic,1,account_policy_with_privacy_budget_16,groth16,261,0.022243748000164487,0.2989592779999839,0.2515329829998336,0.0,0.572736008999982,803,21,True,,True,ok,
20260728T123050Z_paper_groth16,2026-07-28T12:58:33.019495+00:00,measured,3,27,22,merkle_membership_depth_16,merkle_membership,pi_mem,token,individual_policy,,16,,,none,monolithic,1,merkle_membership_depth_16,groth16,8320,0.03861522600027456,0.5194649589998335,0.25135317300009774,0.0,0.8094333580002058,805,84,True,,True,ok,
20260728T123050Z_paper_groth16,2026-07-28T12:58:33.575020+00:00,measured,3,27,23,state_transition_and_conservation_16,state_transition_and_conservation,pi_trans,account,individual_policy,16,,,,none,monolithic,1,state_transition_and_conservation_16,groth16,89,0.020833203000165668,0.27547908799988363,0.25860699100030615,0.0,0.5549192820003555,806,3,True,,True,ok,
20260728T123050Z_paper_groth16,2026-07-28T12:58:36.388221+00:00,measured,3,27,24,linked_separate_token_bundle_32_depth_16,token_policy_bundle,pi_mem+pi_null+pi_valid+pi_budget,token,composition_baseline,32,16,token_bundle_b32_d16,commitment_linked,tx_tag,separate,4,linked_token_bundle_membership_32_depth_16;linked_token_bundle_nullifier_32_depth_16;linked_token_bundle_validity_32_depth_16;linked_token_bundle_budget_32_depth_16,groth16,15434,0.23478689399962605,1.5267652160005127,1.0470783320001829,2.5710000954859424e-06,2.808633013000417,3221,1368,True,True,True,ok,
20260728T123050Z_paper_groth16,2026-07-28T12:58:37.352848+00:00,measured,3,27,25,token_policy_bundle_32_depth_32,token_policy_bundle,pi_mem+pi_null+pi_valid+pi_budget,token,composition,32,32,token_bundle_b32_d32,baseline,shared_witness,monolithic,1,token_policy_bundle_32_depth_32,groth16,18005,0.04700122000031115,0.6618650689997594,0.25507661499977985,0.0,0.9639429039998504,805,261,True,,True,ok,
20260728T123050Z_paper_groth16,2026-07-28T12:58:39.731997+00:00,measured,3,27,26,separate_token_bundle_32_depth_8,token_policy_bundle,pi_mem+pi_null+pi_valid+pi_budget,token,composition_baseline,32,8,token_bundle_b32_d8,baseline,unbound,separate,4,merkle_membership_depth_8;nullifier_correctness_poseidon;local_financial_validity_32;privacy_budget_32,groth16,4953,0.10879092100003618,1.2551787919996968,1.0129550810002002,0.0,2.376924793999933,3216,267,True,,True,ok,
20260728T123050Z_paper_groth16,2026-07-28T12:58:40.296078+00:00,measured,3,27,27,local_financial_validity_64,local_financial_validity,pi_valid,account,individual_policy,64,,,,none,monolithic,1,local_financial_validity_64,groth16,200,0.02274414900011834,0.2928614360002939,0.24783270599982643,0.0,0.5634382910002387,800,3,True,,True,ok,
20260728T123050Z_paper_groth16,2026-07-28T12:58:42.566266+00:00,measured,3,27,28,separate_account_budget_32,account_policy_with_privacy_budget,pi_valid+pi_trans+pi_limit+pi_budget,account,composition_baseline,32,,account_budget_b32,baseline,unbound,separate,4,local_financial_validity_32;state_transition_and_conservation_32;operating_limit_32;privacy_budget_32,groth16,617,0.08322803400005796,1.148923002000629,1.0357943560006788,0.0,2.2679453920013657,3222,38,True,,True,ok,
20260728T123050Z_paper_groth16,2026-07-28T12:58:43.667247+00:00,measured,3,27,29,separate_valid_limit_32,local_validity_and_operating_limit,pi_valid+pi_limit,account,composition_baseline,32,,valid_limit_b32,baseline,unbound,separate,2,local_financial_validity_32;operating_limit_32,groth16,276,0.040676754000287474,0.5581437010000627,0.501041140000325,0.0,1.0998615950006752,1609,19,True,,True,ok,
20260728T123050Z_paper_groth16,2026-07-28T12:58:44.253642+00:00,measured,3,27,30,operating_limit_64,operating_limit,pi_limit,account,individual_policy,64,,,,none,monolithic,1,operating_limit_64,groth16,332,0.021876297000289924,0.29951688700020895,0.26300562599999466,0.0,0.5843988100004935,803,26,True,,True,ok,
20260728T123050Z_paper_groth16,2026-07-28T12:58:45.397752+00:00,measured,3,27,31,separate_valid_limit_64,local_validity_and_operating_limit,pi_valid+pi_limit,account,composition_baseline,64,,valid_limit_b64,baseline,unbound,separate,2,local_financial_validity_64;operating_limit_64,groth16,532,0.04272526500017193,0.57127975100002,0.5289545619998535,0.0,1.1429595780000454,1611,29,True,,True,ok,
20260728T123050Z_paper_groth16,2026-07-28T12:58:46.030951+00:00,measured,3,27,32,linked_valid_limit_monolithic_32,local_validity_and_operating_limit,pi_valid+pi_limit,account,composition,32,,valid_limit_b32,commitment_linked,tx_tag,monolithic,1,linked_valid_limit_monolithic_32,groth16,1210,0.0396077929999592,0.33935242300003665,0.2533931430002667,2.3879997570475098e-06,0.6323557470000196,804,98,True,True,True,ok,
20260728T123050Z_paper_groth16,2026-07-28T12:58:48.620511+00:00,measured,3,27,33,linked_separate_account_budget_32,account_policy_with_privacy_budget,pi_valid+pi_trans+pi_limit+pi_budget,account,composition_baseline,32,,account_budget_b32,commitment_linked,tx_tag,separate,4,linked_account_budget_validity_32;linked_account_budget_transition_32;linked_account_budget_limit_32;linked_account_budget_budget_32,groth16,6333,0.22796978699989268,1.3488913439996395,1.0092557050002142,2.997000137838768e-06,2.5861198329998842,3220,444,True,True,True,ok,
20260728T123050Z_paper_groth16,2026-07-28T12:58:49.196911+00:00,measured,3,27,34,local_validity_and_operating_limit_32,local_validity_and_operating_limit,pi_valid+pi_limit,account,composition,32,,valid_limit_b32,baseline,shared_witness,monolithic,1,local_validity_and_operating_limit_32,groth16,243,0.021159271999749762,0.29422308999983215,0.2603749700001572,0.0,0.5757573319997391,806,16,True,,True,ok,
20260728T123050Z_paper_groth16,2026-07-28T12:58:50.907613+00:00,measured,3,27,35,separate_account_core_64,account_policy_core,pi_valid+pi_trans+pi_limit,account,composition_baseline,64,,account_core_b64,baseline,unbound,separate,3,local_financial_validity_64;state_transition_and_conservation_64;operating_limit_64,groth16,861,0.06162117199983186,0.8984899209995092,0.7489060779998908,0.0,1.709017170999232,2415,32,True,,True,ok,
20260728T123050Z_paper_groth16,2026-07-28T12:58:51.657120+00:00,measured,3,27,36,token_policy_bundle_32_depth_8,token_policy_bundle,pi_mem+pi_null+pi_valid+pi_budget,token,composition,32,8,token_bundle_b32_d8,baseline,shared_witness,monolithic,1,token_policy_bundle_32_depth_8,groth16,5525,0.04551050000009127,0.4554788069999631,0.2478719490000003,0.0,0.7488612560000547,805,261,True,,True,ok,
20260728T123050Z_paper_groth16,2026-07-28T12:58:53.948670+00:00,measured,3,27,37,separate_account_budget_64,account_policy_with_privacy_budget,pi_valid+pi_trans+pi_limit+pi_budget,account,composition_baseline,64,,account_budget_b64,baseline,unbound,separate,4,local_financial_validity_64;state_transition_and_conservation_64;operating_limit_64;privacy_budget_64,groth16,1193,0.08045442800084857,1.1729025439999532,1.0360470039995562,0.0,2.289403976000358,3221,58,True,,True,ok,
20260728T123050Z_paper_groth16,2026-07-28T12:58:54.529640+00:00,measured,3,27,38,local_validity_and_operating_limit_64,local_validity_and_operating_limit,pi_valid+pi_limit,account,composition,64,,valid_limit_b64,baseline,shared_witness,monolithic,1,local_validity_and_operating_limit_64,groth16,467,0.025679761999981565,0.2940668800001731,0.25966393299995616,0.0,0.5794105750001108,804,26,True,,True,ok,
20260728T123050Z_paper_groth16,2026-07-28T12:58:55.777690+00:00,measured,3,27,39,linked_separate_valid_limit_32,local_validity_and_operating_limit,pi_valid+pi_limit,account,composition_baseline,32,,valid_limit_b32,commitment_linked,tx_tag,separate,2,linked_valid_limit_validity_32;linked_valid_limit_limit_32,groth16,2210,0.07830002099990452,0.6541354610003509,0.5138450969998303,2.60600018009427e-06,1.2462831850002658,1607,196,True,True,True,ok,
20260728T123050Z_paper_groth16,2026-07-28T12:58:56.488734+00:00,measured,3,27,40,merkle_membership_depth_8,merkle_membership,pi_mem,token,individual_policy,,8,,,none,monolithic,1,merkle_membership_depth_8,groth16,4160,0.03996318200006499,0.4277745130002586,0.2426819710003656,0.0,0.7104196660006892,803,84,True,,True,ok,
20260728T123050Z_paper_groth16,2026-07-28T12:58:57.066947+00:00,measured,3,27,41,account_policy_core_64,account_policy_core,pi_valid+pi_trans+pi_limit,account,composition,64,,account_core_b64,baseline,shared_witness,monolithic,1,account_policy_core_64,groth16,666,0.020648487000016758,0.3057700500003193,0.25117758299984416,0.0,0.5775961200001802,803,26,True,,True,ok,
20260728T123050Z_paper_groth16,2026-07-28T12:58:58.037181+00:00,measured,3,27,42,merkle_membership_depth_32,merkle_membership,pi_mem,token,individual_policy,,32,,,none,monolithic,1,merkle_membership_depth_32,groth16,16640,0.04225652300010552,0.6747305639996739,0.25255226500030403,0.0,0.9695393520000835,805,84,True,,True,ok,
20260728T123050Z_paper_groth16,2026-07-28T12:58:58.617082+00:00,measured,3,27,43,account_policy_with_privacy_budget_32,account_policy_with_privacy_budget,pi_valid+pi_trans+pi_limit+pi_budget,account,composition,32,,account_budget_b32,baseline,shared_witness,monolithic,1,account_policy_with_privacy_budget_32,groth16,485,0.019820594000066194,0.2958806710003046,0.26359051999997973,0.0,0.5792917850003505,806,30,True,,True,ok,
20260728T123050Z_paper_groth16,2026-07-28T12:58:59.179774+00:00,measured,3,27,44,local_financial_validity_32,local_financial_validity,pi_valid,account,individual_policy,32,,,,none,monolithic,1,local_financial_validity_32,groth16,104,0.020085153999843897,0.2919548780000696,0.2500269799998023,0.0,0.5620670119997158,804,3,True,,True,ok,
20260728T123050Z_paper_groth16,2026-07-28T12:59:00.059383+00:00,measured,3,27,45,linked_token_bundle_monolithic_32_depth_16,token_policy_bundle,pi_mem+pi_null+pi_valid+pi_budget,token,composition,32,16,token_bundle_b32_d16,commitment_linked,tx_tag,monolithic,1,linked_token_bundle_monolithic_32_depth_16,groth16,11114,0.059983871999975236,0.5462120960000902,0.27097425100009787,2.533000042603817e-06,0.877172752000206,803,342,True,True,True,ok,
20260728T123050Z_paper_groth16,2026-07-28T12:59:00.612787+00:00,measured,3,27,46,local_financial_validity_16,local_financial_validity,pi_valid,account,individual_policy,16,,,,none,monolithic,1,local_financial_validity_16,groth16,56,0.023183630999938032,0.2732897549999507,0.25635295300025973,0.0,0.5528263390001484,806,3,True,,True,ok,
20260728T123050Z_paper_groth16,2026-07-28T12:59:01.193322+00:00,measured,3,28,1,account_policy_with_privacy_budget_16,account_policy_with_privacy_budget,pi_valid+pi_trans+pi_limit+pi_budget,account,composition,16,,account_budget_b16,baseline,shared_witness,monolithic,1,account_policy_with_privacy_budget_16,groth16,261,0.01979186500011565,0.2978951610002696,0.26217971899995973,0.0,0.579866745000345,809,21,True,,True,ok,
20260728T123050Z_paper_groth16,2026-07-28T12:59:01.762922+00:00,measured,3,28,2,local_validity_and_operating_limit_32,local_validity_and_operating_limit,pi_valid+pi_limit,account,composition,32,,valid_limit_b32,baseline,shared_witness,monolithic,1,local_validity_and_operating_limit_32,groth16,243,0.021323622000181786,0.2860067380001965,0.2616632449999088,0.0,0.5689936050002871,805,16,True,,True,ok,
20260728T123050Z_paper_groth16,2026-07-28T12:59:03.427154+00:00,measured,3,28,3,separate_account_core_16,account_policy_core,pi_valid+pi_trans+pi_limit,account,composition_baseline,16,,account_core_b16,baseline,unbound,separate,3,local_financial_validity_16;state_transition_and_conservation_16;operating_limit_16,groth16,237,0.06002605300000141,0.8635822719998032,0.738745941999241,0.0,1.6623542669990456,2416,18,True,,True,ok,
20260728T123050Z_paper_groth16,2026-07-28T12:59:04.544701+00:00,measured,3,28,4,separate_valid_limit_32,local_validity_and_operating_limit,pi_valid+pi_limit,account,composition_baseline,32,,valid_limit_b32,baseline,unbound,separate,2,local_financial_validity_32;operating_limit_32,groth16,276,0.040586921000340226,0.5798041610005384,0.49604439999984606,0.0,1.1164354820007247,1609,19,True,,True,ok,
20260728T123050Z_paper_groth16,2026-07-28T12:59:05.698331+00:00,measured,3,28,5,separate_valid_limit_16,local_validity_and_operating_limit,pi_valid+pi_limit,account,composition_baseline,16,,valid_limit_b16,baseline,unbound,separate,2,local_financial_validity_16;operating_limit_16,groth16,148,0.04440435900005468,0.58522116200038,0.5228812459999972,0.0,1.1525067670004319,1614,15,True,,True,ok,
20260728T123050Z_paper_groth16,2026-07-28T12:59:06.571791+00:00,measured,3,28,6,linked_token_bundle_monolithic_32_depth_16,token_policy_bundle,pi_mem+pi_null+pi_valid+pi_budget,token,composition,32,16,token_bundle_b32_d16,commitment_linked,tx_tag,monolithic,1,linked_token_bundle_monolithic_32_depth_16,groth16,11114,0.06345664600030432,0.5356789540001046,0.27133729499973924,2.561000201239949e-06,0.8704754560003494,803,342,True,True,True,ok,
20260728T123050Z_paper_groth16,2026-07-28T12:59:07.120339+00:00,measured,3,28,7,state_transition_and_conservation_64,state_transition_and_conservation,pi_trans,account,individual_policy,64,,,,none,monolithic,1,state_transition_and_conservation_64,groth16,329,0.020374387000174465,0.28763978200004203,0.2399527490001674,0.0,0.5479669180003839,804,3,True,,True,ok,
20260728T123050Z_paper_groth16,2026-07-28T12:59:08.849498+00:00,measured,3,28,8,separate_account_core_64,account_policy_core,pi_valid+pi_trans+pi_limit,account,composition_baseline,64,,account_core_b64,baseline,unbound,separate,3,local_financial_validity_64;state_transition_and_conservation_64;operating_limit_64,groth16,861,0.059815076000177214,0.8745356300000822,0.7931718760005424,0.0,1.7275225820008018,2415,32,True,,True,ok,
20260728T123050Z_paper_groth16,2026-07-28T12:59:11.463473+00:00,measured,3,28,9,linked_separate_account_budget_32,account_policy_with_privacy_budget,pi_valid+pi_trans+pi_limit+pi_budget,account,composition_baseline,32,,account_budget_b32,commitment_linked,tx_tag,separate,4,linked_account_budget_validity_32;linked_account_budget_transition_32;linked_account_budget_limit_32;linked_account_budget_budget_32,groth16,6333,0.22600450699928842,1.3501788310009033,1.0347504480005227,3.2329999157809652e-06,2.6109370190006302,3216,444,True,True,True,ok,
20260728T123050Z_paper_groth16,2026-07-28T12:59:12.027545+00:00,measured,3,28,10,local_validity_and_operating_limit_16,local_validity_and_operating_limit,pi_valid+pi_limit,account,composition,16,,valid_limit_b16,baseline,shared_witness,monolithic,1,local_validity_and_operating_limit_16,groth16,131,0.019956438000008347,0.28500613100004557,0.258490136999626,0.0,0.5634527059996799,805,12,True,,True,ok,
20260728T123050Z_paper_groth16,2026-07-28T12:59:13.141836+00:00,measured,3,28,11,separate_valid_limit_64,local_validity_and_operating_limit,pi_valid+pi_limit,account,composition_baseline,64,,valid_limit_b64,baseline,unbound,separate,2,local_financial_validity_64;operating_limit_64,groth16,532,0.03980872000011004,0.5782021569998506,0.4947949899997184,0.0,1.112805866999679,1608,29,True,,True,ok,
20260728T123050Z_paper_groth16,2026-07-28T12:59:13.970995+00:00,measured,3,28,12,merkle_membership_depth_16,merkle_membership,pi_mem,token,individual_policy,,16,,,none,monolithic,1,merkle_membership_depth_16,groth16,8320,0.039365671000268776,0.5289183639997646,0.2598663769999803,0.0,0.8281504120000136,808,84,True,,True,ok,
20260728T123050Z_paper_groth16,2026-07-28T12:59:16.203239+00:00,measured,3,28,13,separate_account_budget_16,account_policy_with_privacy_budget,pi_valid+pi_trans+pi_limit+pi_budget,account,composition_baseline,16,,account_budget_b16,baseline,unbound,separate,4,local_financial_validity_16;state_transition_and_conservation_16;operating_limit_16;privacy_budget_16,groth16,329,0.07528149400013717,1.1459990759999528,1.0087719740004104,0.0,2.2300525440005003,3216,29,True,,True,ok,
20260728T123050Z_paper_groth16,2026-07-28T12:59:16.794560+00:00,measured,3,28,14,operating_limit_32,operating_limit,pi_limit,account,individual_policy,32,,,,none,monolithic,1,operating_limit_32,groth16,172,0.020256296999832557,0.3006205020001289,0.2697991469999579,0.0,0.5906759459999193,801,16,True,,True,ok,
20260728T123050Z_paper_groth16,2026-07-28T12:59:17.357688+00:00,measured,3,28,15,operating_limit_16,operating_limit,pi_limit,account,individual_policy,16,,,,none,monolithic,1,operating_limit_16,groth16,92,0.02147113699993497,0.282878256999993,0.2581348359999538,0.0,0.5624842299998818,804,12,True,,True,ok,
20260728T123050Z_paper_groth16,2026-07-28T12:59:19.045995+00:00,measured,3,28,16,separate_account_core_32,account_policy_core,pi_valid+pi_trans+pi_limit,account,composition_baseline,32,,account_core_b32,baseline,unbound,separate,3,local_financial_validity_32;state_transition_and_conservation_32;operating_limit_32,groth16,445,0.05908727799942426,0.8711930169997686,0.7563172870004564,0.0,1.6865975819996493,2414,22,True,,True,ok,
20260728T123050Z_paper_groth16,2026-07-28T12:59:19.606805+00:00,measured,3,28,17,local_financial_validity_32,local_financial_validity,pi_valid,account,individual_policy,32,,,,none,monolithic,1,local_financial_validity_32,groth16,104,0.022370120999767096,0.27981585199995607,0.25799667799992676,0.0,0.5601826509996499,806,3,True,,True,ok,
20260728T123050Z_paper_groth16,2026-07-28T12:59:20.846623+00:00,measured,3,28,18,linked_separate_valid_limit_32,local_validity_and_operating_limit,pi_valid+pi_limit,account,composition_baseline,32,,valid_limit_b32,commitment_linked,tx_tag,separate,2,linked_valid_limit_validity_32;linked_valid_limit_limit_32,groth16,2210,0.07672639400016124,0.6500175389996912,0.5115910029999213,2.552000296418555e-06,1.2383374880000702,1606,196,True,True,True,ok,
20260728T123050Z_paper_groth16,2026-07-28T12:59:21.413025+00:00,measured,3,28,19,local_financial_validity_64,local_financial_validity,pi_valid,account,individual_policy,64,,,,none,monolithic,1,local_financial_validity_64,groth16,200,0.02206831900002726,0.29078909500003647,0.25294353100025546,0.0,0.5658009450003192,807,3,True,,True,ok,
20260728T123050Z_paper_groth16,2026-07-28T12:59:23.884576+00:00,measured,3,28,20,separate_token_bundle_32_depth_8,token_policy_bundle,pi_mem+pi_null+pi_valid+pi_budget,token,composition_baseline,32,8,token_bundle_b32_d8,baseline,unbound,separate,4,merkle_membership_depth_8;nullifier_correctness_poseidon;local_financial_validity_32;privacy_budget_32,groth16,4953,0.11132910400010587,1.3222372349996476,1.0356031179999263,0.0,2.46916945699968,3225,267,True,,True,ok,
20260728T123050Z_paper_groth16,2026-07-28T12:59:26.439167+00:00,measured,3,28,21,separate_token_bundle_32_depth_16,token_policy_bundle,pi_mem+pi_null+pi_valid+pi_budget,token,composition_baseline,32,16,token_bundle_b32_d16,baseline,unbound,separate,4,merkle_membership_depth_16;nullifier_correctness_poseidon;local_financial_validity_32;privacy_budget_32,groth16,9113,0.11167014800003017,1.4207868810003674,1.0199316400003227,0.0,2.5523886690007203,3223,267,True,,True,ok,
20260728T123050Z_paper_groth16,2026-07-28T12:59:28.705649+00:00,measured,3,28,22,separate_account_budget_64,account_policy_with_privacy_budget,pi_valid+pi_trans+pi_limit+pi_budget,account,composition_baseline,64,,account_budget_b64,baseline,unbound,separate,4,local_financial_validity_64;state_transition_and_conservation_64;operating_limit_64;privacy_budget_64,groth16,1193,0.08300200200028485,1.1684233430000859,1.012912654000047,0.0,2.2643379990004178,3222,58,True,,True,ok,
20260728T123050Z_paper_groth16,2026-07-28T12:59:31.386247+00:00,measured,3,28,23,separate_token_bundle_32_depth_32,token_policy_bundle,pi_mem+pi_null+pi_valid+pi_budget,token,composition_baseline,32,32,token_bundle_b32_d32,baseline,unbound,separate,4,merkle_membership_depth_32;nullifier_correctness_poseidon;local_financial_validity_32;privacy_budget_32,groth16,17433,0.11400628799947299,1.5350432649997856,1.0290040780005256,0.0,2.678053630999784,3218,267,True,,True,ok,
20260728T123050Z_paper_groth16,2026-07-28T12:59:31.962082+00:00,measured,3,28,24,privacy_budget_64,privacy_budget,pi_budget,account,individual_policy,64,,,,none,monolithic,1,privacy_budget_64,groth16,332,0.021302786999967793,0.295978032000221,0.25790032099985183,0.0,0.5751811400000406,804,26,True,,True,ok,
20260728T123050Z_paper_groth16,2026-07-28T12:59:32.555759+00:00,measured,3,28,25,state_transition_and_conservation_32,state_transition_and_conservation,pi_trans,account,individual_policy,32,,,,none,monolithic,1,state_transition_and_conservation_32,groth16,169,0.023176373999831412,0.2940508339997905,0.2758347640001375,0.0,0.5930619719997594,805,3,True,,True,ok,
20260728T123050Z_paper_groth16,2026-07-28T12:59:33.507043+00:00,measured,3,28,26,merkle_membership_depth_32,merkle_membership,pi_mem,token,individual_policy,,32,,,none,monolithic,1,merkle_membership_depth_32,groth16,16640,0.039372183999603294,0.6664498099999037,0.24477997299982235,0.0,0.9506019669993293,806,84,True,,True,ok,
20260728T123050Z_paper_groth16,2026-07-28T12:59:34.074071+00:00,measured,3,28,27,operating_limit_64,operating_limit,pi_limit,account,individual_policy,64,,,,none,monolithic,1,operating_limit_64,groth16,332,0.02045009499988737,0.29198413100039033,0.2539646069999435,0.0,0.5663988330002212,804,26,True,,True,ok,
20260728T123050Z_paper_groth16,2026-07-28T12:59:34.884598+00:00,measured,3,28,28,token_policy_bundle_32_depth_16,token_policy_bundle,pi_mem+pi_null+pi_valid+pi_budget,token,composition,32,16,token_bundle_b32_d16,baseline,shared_witness,monolithic,1,token_policy_bundle_32_depth_16,groth16,9685,0.04507391600009214,0.5122845040000357,0.252541378999922,0.0,0.8098997990000498,805,260,True,,True,ok,
20260728T123050Z_paper_groth16,2026-07-28T12:59:35.592577+00:00,measured,3,28,29,token_policy_bundle_32_depth_8,token_policy_bundle,pi_mem+pi_null+pi_valid+pi_budget,token,composition,32,8,token_bundle_b32_d8,baseline,shared_witness,monolithic,1,token_policy_bundle_32_depth_8,groth16,5525,0.04239288000007946,0.4106664880000608,0.2543109559996992,0.0,0.7073703239998395,805,261,True,,True,ok,
20260728T123050Z_paper_groth16,2026-07-28T12:59:37.784720+00:00,measured,3,28,30,separate_account_budget_32,account_policy_with_privacy_budget,pi_valid+pi_trans+pi_limit+pi_budget,account,composition_baseline,32,,account_budget_b32,baseline,unbound,separate,4,local_financial_validity_32;state_transition_and_conservation_32;operating_limit_32;privacy_budget_32,groth16,617,0.07780590599986681,1.132478589999664,0.9798150540000279,0.0,2.190099549999559,3220,38,True,,True,ok,
20260728T123050Z_paper_groth16,2026-07-28T12:59:38.351752+00:00,measured,3,28,31,account_policy_with_privacy_budget_32,account_policy_with_privacy_budget,pi_valid+pi_trans+pi_limit+pi_budget,account,composition,32,,account_budget_b32,baseline,shared_witness,monolithic,1,account_policy_with_privacy_budget_32,groth16,485,0.0210722279998663,0.30246848499973567,0.24280974699968283,0.0,0.5663504599992848,804,30,True,,True,ok,
20260728T123050Z_paper_groth16,2026-07-28T12:59:38.949830+00:00,measured,3,28,32,nullifier_correctness_poseidon,nullifier_correctness,pi_null,token,individual_policy,,,,,none,monolithic,1,nullifier_correctness_poseidon,groth16,517,0.034425955999722646,0.30850724099991567,0.25454362499976924,0.0,0.5974768219994075,803,164,True,,True,ok,
20260728T123050Z_paper_groth16,2026-07-28T12:59:39.512440+00:00,measured,3,28,33,privacy_budget_16,privacy_budget,pi_budget,account,individual_policy,16,,,,none,monolithic,1,privacy_budget_16,groth16,92,0.01989685099988492,0.28767734299981385,0.2544285479998507,0.0,0.5620027419995495,802,11,True,,True,ok,
20260728T123050Z_paper_groth16,2026-07-28T12:59:40.124560+00:00,measured,3,28,34,account_policy_core_64,account_policy_core,pi_valid+pi_trans+pi_limit,account,composition,64,,account_core_b64,baseline,shared_witness,monolithic,1,account_policy_core_64,groth16,666,0.022396116999971127,0.3111900690000766,0.2779430569999022,0.0,0.6115292429999499,802,26,True,,True,ok,
20260728T123050Z_paper_groth16,2026-07-28T12:59:40.689031+00:00,measured,3,28,35,privacy_budget_32,privacy_budget,pi_budget,account,individual_policy,32,,,,none,monolithic,1,privacy_budget_32,groth16,172,0.02027614899998298,0.2982087440000214,0.24538378700026442,0.0,0.5638686800002688,803,16,True,,True,ok,
20260728T123050Z_paper_groth16,2026-07-28T12:59:41.241744+00:00,measured,3,28,36,account_policy_core_16,account_policy_core,pi_valid+pi_trans+pi_limit,account,composition,16,,account_core_b16,baseline,shared_witness,monolithic,1,account_policy_core_16,groth16,186,0.020639286000005086,0.28297806499995204,0.2484553809999852,0.0,0.5520727319999423,807,12,True,,True,ok,
20260728T123050Z_paper_groth16,2026-07-28T12:59:42.229922+00:00,measured,3,28,37,token_policy_bundle_32_depth_32,token_policy_bundle,pi_mem+pi_null+pi_valid+pi_budget,token,composition,32,32,token_bundle_b32_d32,baseline,shared_witness,monolithic,1,token_policy_bundle_32_depth_32,groth16,18005,0.04677086599986069,0.6804180829999495,0.26032157300005565,0.0,0.9875105219998659,805,261,True,,True,ok,
20260728T123050Z_paper_groth16,2026-07-28T12:59:42.781726+00:00,measured,3,28,38,local_financial_validity_16,local_financial_validity,pi_valid,account,individual_policy,16,,,,none,monolithic,1,local_financial_validity_16,groth16,56,0.02056687599997531,0.27978079700005765,0.2508571309999752,0.0,0.5512048040000082,806,3,True,,True,ok,
20260728T123050Z_paper_groth16,2026-07-28T12:59:45.582858+00:00,measured,3,28,39,linked_separate_token_bundle_32_depth_16,token_policy_bundle,pi_mem+pi_null+pi_valid+pi_budget,token,composition_baseline,32,16,token_bundle_b32_d16,commitment_linked,tx_tag,separate,4,linked_token_bundle_membership_32_depth_16;linked_token_bundle_nullifier_32_depth_16;linked_token_bundle_validity_32_depth_16;linked_token_bundle_budget_32_depth_16,groth16,15434,0.2276914169997326,1.5201281630002086,1.0402052260001255,3.8040002436900977e-06,2.7880286100003104,3221,1368,True,True,True,ok,
20260728T123050Z_paper_groth16,2026-07-28T12:59:46.198719+00:00,measured,3,28,40,linked_valid_limit_monolithic_32,local_validity_and_operating_limit,pi_valid+pi_limit,account,composition,32,,valid_limit_b32,commitment_linked,tx_tag,monolithic,1,linked_valid_limit_monolithic_32,groth16,1210,0.03974092200041923,0.3291035159995772,0.24616479399992386,2.331999894522596e-06,0.6150115639998148,808,98,True,True,True,ok,
20260728T123050Z_paper_groth16,2026-07-28T12:59:46.881556+00:00,measured,3,28,41,linked_account_budget_monolithic_32,account_policy_with_privacy_budget,pi_valid+pi_trans+pi_limit+pi_budget,account,composition,32,,account_budget_b32,commitment_linked,tx_tag,monolithic,1,linked_account_budget_monolithic_32,groth16,1914,0.05892707099974359,0.34827920499992615,0.27469434900012857,2.3070001589076128e-06,0.6819029319999572,805,111,True,True,True,ok,
20260728T123050Z_paper_groth16,2026-07-28T12:59:47.601570+00:00,measured,3,28,42,merkle_membership_depth_8,merkle_membership,pi_mem,token,individual_policy,,8,,,none,monolithic,1,merkle_membership_depth_8,groth16,4160,0.04158035899990864,0.4220005439997294,0.2558222359998581,0.0,0.7194031389994962,805,84,True,,True,ok,
20260728T123050Z_paper_groth16,2026-07-28T12:59:48.193482+00:00,measured,3,28,43,account_policy_with_privacy_budget_64,account_policy_with_privacy_budget,pi_valid+pi_trans+pi_limit+pi_budget,account,composition,64,,account_budget_b64,baseline,shared_witness,monolithic,1,account_policy_with_privacy_budget_64,groth16,933,0.02258265399996162,0.30267519000017273,0.2657036049999988,0.0,0.5909614490001331,807,50,True,,True,ok,
20260728T123050Z_paper_groth16,2026-07-28T12:59:48.762922+00:00,measured,3,28,44,local_validity_and_operating_limit_64,local_validity_and_operating_limit,pi_valid+pi_limit,account,composition,64,,valid_limit_b64,baseline,shared_witness,monolithic,1,local_validity_and_operating_limit_64,groth16,467,0.021584235999853263,0.29226021399972524,0.25461732799976744,0.0,0.5684617779993459,803,26,True,,True,ok,
20260728T123050Z_paper_groth16,2026-07-28T12:59:49.316814+00:00,measured,3,28,45,state_transition_and_conservation_16,state_transition_and_conservation,pi_trans,account,individual_policy,16,,,,none,monolithic,1,state_transition_and_conservation_16,groth16,89,0.021077059999697667,0.28077566999991177,0.25143445599996994,0.0,0.5532871859995794,807,3,True,,True,ok,
20260728T123050Z_paper_groth16,2026-07-28T12:59:49.894237+00:00,measured,3,28,46,account_policy_core_32,account_policy_core,pi_valid+pi_trans+pi_limit,account,composition,32,,account_core_b32,baseline,shared_witness,monolithic,1,account_policy_core_32,groth16,346,0.021740729000157444,0.3012853999998697,0.2537532100000135,0.0,0.5767793390000406,807,16,True,,True,ok,
20260728T123050Z_paper_groth16,2026-07-28T12:59:50.474359+00:00,measured,3,29,1,state_transition_and_conservation_64,state_transition_and_conservation,pi_trans,account,individual_policy,64,,,,none,monolithic,1,state_transition_and_conservation_64,groth16,329,0.022261375000198314,0.28883404799989876,0.2684138599997823,0.0,0.5795092829998794,805,3,True,,True,ok,
20260728T123050Z_paper_groth16,2026-07-28T12:59:51.039526+00:00,measured,3,29,2,operating_limit_16,operating_limit,pi_limit,account,individual_policy,16,,,,none,monolithic,1,operating_limit_16,groth16,92,0.020307057999616518,0.2894422939998549,0.254814247000013,0.0,0.5645635989994844,805,12,True,,True,ok,
20260728T123050Z_paper_groth16,2026-07-28T12:59:53.294940+00:00,measured,3,29,3,separate_account_budget_64,account_policy_with_privacy_budget,pi_valid+pi_trans+pi_limit+pi_budget,account,composition_baseline,64,,account_budget_b64,baseline,unbound,separate,4,local_financial_validity_64;state_transition_and_conservation_64;operating_limit_64;privacy_budget_64,groth16,1193,0.08171184199909476,1.1749483660000806,0.9964758030005214,0.0,2.2531360109996967,3219,58,True,,True,ok,
20260728T123050Z_paper_groth16,2026-07-28T12:59:53.893155+00:00,measured,3,29,4,local_validity_and_operating_limit_32,local_validity_and_operating_limit,pi_valid+pi_limit,account,composition,32,,valid_limit_b32,baseline,shared_witness,monolithic,1,local_validity_and_operating_limit_32,groth16,243,0.01948509199974069,0.29084546700005376,0.28711565300000075,0.0,0.5974462119997952,805,16,True,,True,ok,
20260728T123050Z_paper_groth16,2026-07-28T12:59:56.666300+00:00,measured,3,29,5,linked_separate_token_bundle_32_depth_16,token_policy_bundle,pi_mem+pi_null+pi_valid+pi_budget,token,composition_baseline,32,16,token_bundle_b32_d16,commitment_linked,tx_tag,separate,4,linked_token_bundle_membership_32_depth_16;linked_token_bundle_nullifier_32_depth_16;linked_token_bundle_validity_32_depth_16;linked_token_bundle_budget_32_depth_16,groth16,15434,0.23641247800014753,1.5137714860002234,1.018471483999292,2.7279997993900906e-06,2.7686581759994624,3217,1368,True,True,True,ok,
20260728T123050Z_paper_groth16,2026-07-28T12:59:57.356441+00:00,measured,3,29,6,merkle_membership_depth_8,merkle_membership,pi_mem,token,individual_policy,,8,,,none,monolithic,1,merkle_membership_depth_8,groth16,4160,0.04086880500017287,0.39081229000021267,0.257832523000161,0.0,0.6895136180005466,804,84,True,,True,ok,
20260728T123050Z_paper_groth16,2026-07-28T12:59:57.919828+00:00,measured,3,29,7,account_policy_core_64,account_policy_core,pi_valid+pi_trans+pi_limit,account,composition,64,,account_core_b64,baseline,shared_witness,monolithic,1,account_policy_core_64,groth16,666,0.020152799999777926,0.29297720700014906,0.249553797000317,0.0,0.562683804000244,804,26,True,,True,ok,
20260728T123050Z_paper_groth16,2026-07-28T12:59:58.468367+00:00,measured,3,29,8,state_transition_and_conservation_32,state_transition_and_conservation,pi_trans,account,individual_policy,32,,,,none,monolithic,1,state_transition_and_conservation_32,groth16,169,0.019809859999895707,0.2908012850002706,0.23732327299967437,0.0,0.5479344179998407,804,3,True,,True,ok,
20260728T123050Z_paper_groth16,2026-07-28T12:59:59.043965+00:00,measured,3,29,9,privacy_budget_64,privacy_budget,pi_budget,account,individual_policy,64,,,,none,monolithic,1,privacy_budget_64,groth16,332,0.0210121939999226,0.2920309979999729,0.26195514599976377,0.0,0.5749983379996593,803,26,True,,True,ok,
20260728T123050Z_paper_groth16,2026-07-28T12:59:59.890922+00:00,measured,3,29,10,token_policy_bundle_32_depth_16,token_policy_bundle,pi_mem+pi_null+pi_valid+pi_budget,token,composition,32,16,token_bundle_b32_d16,baseline,shared_witness,monolithic,1,token_policy_bundle_32_depth_16,groth16,9685,0.04492541000035999,0.5389307939999526,0.26245724000000337,0.0,0.8463134440003159,805,260,True,,True,ok,
20260728T123050Z_paper_groth16,2026-07-28T13:00:00.442901+00:00,measured,3,29,11,account_policy_core_16,account_policy_core,pi_valid+pi_trans+pi_limit,account,composition,16,,account_core_b16,baseline,shared_witness,monolithic,1,account_policy_core_16,groth16,186,0.018537266999828717,0.2856886330000634,0.24714134200030458,0.0,0.5513672420001967,808,12,True,,True,ok,
20260728T123050Z_paper_groth16,2026-07-28T13:00:03.097718+00:00,measured,3,29,12,separate_token_bundle_32_depth_32,token_policy_bundle,pi_mem+pi_null+pi_valid+pi_budget,token,composition_baseline,32,32,token_bundle_b32_d32,baseline,unbound,separate,4,merkle_membership_depth_32;nullifier_correctness_poseidon;local_financial_validity_32;privacy_budget_32,groth16,17433,0.1079271969997535,1.5167416539998158,1.0280132520001644,0.0,2.6526821029997336,3220,267,True,,True,ok,
20260728T123050Z_paper_groth16,2026-07-28T13:00:05.327557+00:00,measured,3,29,13,separate_account_budget_16,account_policy_with_privacy_budget,pi_valid+pi_trans+pi_limit+pi_budget,account,composition_baseline,16,,account_budget_b16,baseline,unbound,separate,4,local_financial_validity_16;state_transition_and_conservation_16;operating_limit_16;privacy_budget_16,groth16,329,0.0822814849993847,1.138127054999586,1.00689478699951,0.0,2.2273033269984808,3220,29,True,,True,ok,
20260728T123050Z_paper_groth16,2026-07-28T13:00:06.245282+00:00,measured,3,29,14,merkle_membership_depth_32,merkle_membership,pi_mem,token,individual_policy,,32,,,none,monolithic,1,merkle_membership_depth_32,groth16,16640,0.04184983599998304,0.6340123859999949,0.24113161499963098,0.0,0.9169938369996089,807,84,True,,True,ok,
20260728T123050Z_paper_groth16,2026-07-28T13:00:06.992168+00:00,measured,3,29,15,merkle_membership_depth_16,merkle_membership,pi_mem,token,individual_policy,,16,,,none,monolithic,1,merkle_membership_depth_16,groth16,8320,0.04273203299999295,0.4615568680001161,0.241979850000007,0.0,0.746268751000116,806,84,True,,True,ok,
20260728T123050Z_paper_groth16,2026-07-28T13:00:09.374611+00:00,measured,3,29,16,separate_token_bundle_32_depth_8,token_policy_bundle,pi_mem+pi_null+pi_valid+pi_budget,token,composition_baseline,32,8,token_bundle_b32_d8,baseline,unbound,separate,4,merkle_membership_depth_8;nullifier_correctness_poseidon;local_financial_validity_32;privacy_budget_32,groth16,4953,0.11070011800075008,1.2506293759997789,1.0190114770002765,0.0,2.3803409710008054,3219,267,True,,True,ok,
20260728T123050Z_paper_groth16,2026-07-28T13:00:11.081332+00:00,measured,3,29,17,separate_account_core_64,account_policy_core,pi_valid+pi_trans+pi_limit,account,composition_baseline,64,,account_core_b64,baseline,unbound,separate,3,local_financial_validity_64;state_transition_and_conservation_64;operating_limit_64,groth16,861,0.0598106700003882,0.8868241850004779,0.7580947870001182,0.0,1.7047296420009843,2413,32,True,,True,ok,
20260728T123050Z_paper_groth16,2026-07-28T13:00:11.680168+00:00,measured,3,29,18,privacy_budget_32,privacy_budget,pi_budget,account,individual_policy,32,,,,none,monolithic,1,privacy_budget_32,groth16,172,0.02289416700023139,0.3192613659998642,0.25561516700008724,0.0,0.5977707000001828,805,16,True,,True,ok,
20260728T123050Z_paper_groth16,2026-07-28T13:00:12.266665+00:00,measured,3,29,19,privacy_budget_16,privacy_budget,pi_budget,account,individual_policy,16,,,,none,monolithic,1,privacy_budget_16,groth16,92,0.022435715000028722,0.2980158410000513,0.26541098200004853,0.0,0.5858625380001286,808,11,True,,True,ok,
20260728T123050Z_paper_groth16,2026-07-28T13:00:13.941193+00:00,measured,3,29,20,separate_account_core_16,account_policy_core,pi_valid+pi_trans+pi_limit,account,composition_baseline,16,,account_core_b16,baseline,unbound,separate,3,local_financial_validity_16;state_transition_and_conservation_16;operating_limit_16,groth16,237,0.059076632000142126,0.8534326869998949,0.7604030379998221,0.0,1.6729123569998592,2415,18,True,,True,ok,
20260728T123050Z_paper_groth16,2026-07-28T13:00:14.507914+00:00,measured,3,29,21,operating_limit_32,operating_limit,pi_limit,account,individual_policy,32,,,,none,monolithic,1,operating_limit_32,groth16,172,0.023680409000007785,0.2846711110000797,0.2577387699998326,0.0,0.5660902899999201,804,16,True,,True,ok,
20260728T123050Z_paper_groth16,2026-07-28T13:00:15.087784+00:00,measured,3,29,22,account_policy_with_privacy_budget_32,account_policy_with_privacy_budget,pi_valid+pi_trans+pi_limit+pi_budget,account,composition,32,,account_budget_b32,baseline,shared_witness,monolithic,1,account_policy_with_privacy_budget_32,groth16,485,0.024729581999963557,0.29928842800018174,0.25525997100021414,0.0,0.5792779810003594,803,30,True,,True,ok,
20260728T123050Z_paper_groth16,2026-07-28T13:00:15.690329+00:00,measured,3,29,23,nullifier_correctness_poseidon,nullifier_correctness,pi_null,token,individual_policy,,,,,none,monolithic,1,nullifier_correctness_poseidon,groth16,517,0.03258211999991545,0.3074600919999284,0.2615625970001929,0.0,0.6016048090000368,807,164,True,,True,ok,
20260728T123050Z_paper_groth16,2026-07-28T13:00:16.261264+00:00,measured,3,29,24,local_financial_validity_16,local_financial_validity,pi_valid,account,individual_policy,16,,,,none,monolithic,1,local_financial_validity_16,groth16,56,0.020890945000246575,0.28741847699984646,0.2617044150001675,0.0,0.5700138370002605,801,3,True,,True,ok,
20260728T123050Z_paper_groth16,2026-07-28T13:00:16.912164+00:00,measured,3,29,25,linked_account_budget_monolithic_32,account_policy_with_privacy_budget,pi_valid+pi_trans+pi_limit+pi_budget,account,composition,32,,account_budget_b32,commitment_linked,tx_tag,monolithic,1,linked_account_budget_monolithic_32,groth16,1914,0.05840980100037996,0.3402052269998421,0.25137376900011077,1.9809999685094226e-06,0.6499907780003014,804,111,True,True,True,ok,
20260728T123050Z_paper_groth16,2026-07-28T13:00:18.018514+00:00,measured,3,29,26,separate_valid_limit_32,local_validity_and_operating_limit,pi_valid+pi_limit,account,composition_baseline,32,,valid_limit_b32,baseline,unbound,separate,2,local_financial_validity_32;operating_limit_32,groth16,276,0.03771883700028411,0.5807953999997153,0.486779237999599,0.0,1.1052934749995984,1610,19,True,,True,ok,
20260728T123050Z_paper_groth16,2026-07-28T13:00:18.578312+00:00,measured,3,29,27,local_financial_validity_32,local_financial_validity,pi_valid,account,individual_policy,32,,,,none,monolithic,1,local_financial_validity_32,groth16,104,0.021539144000144006,0.2816274850001719,0.2560172240000611,0.0,0.559183853000377,808,3,True,,True,ok,
20260728T123050Z_paper_groth16,2026-07-28T13:00:19.154212+00:00,measured,3,29,28,operating_limit_64,operating_limit,pi_limit,account,individual_policy,64,,,,none,monolithic,1,operating_limit_64,groth16,332,0.021546520999891072,0.29128638499969384,0.2624723389999417,0.0,0.5753052449995266,805,26,True,,True,ok,
20260728T123050Z_paper_groth16,2026-07-28T13:00:19.696780+00:00,measured,3,29,29,state_transition_and_conservation_16,state_transition_and_conservation,pi_trans,account,individual_policy,16,,,,none,monolithic,1,state_transition_and_conservation_16,groth16,89,0.020516991000022244,0.2747040209997067,0.2467476980000356,0.0,0.5419687099997645,805,3,True,,True,ok,
20260728T123050Z_paper_groth16,2026-07-28T13:00:20.812982+00:00,measured,3,29,30,separate_valid_limit_16,local_validity_and_operating_limit,pi_valid+pi_limit,account,composition_baseline,16,,valid_limit_b16,baseline,unbound,separate,2,local_financial_validity_16;operating_limit_16,groth16,148,0.040064428000277985,0.5625291070000458,0.5124426979996315,0.0,1.1150362329999552,1610,15,True,,True,ok,
20260728T123050Z_paper_groth16,2026-07-28T13:00:22.514618+00:00,measured,3,29,31,separate_account_core_32,account_policy_core,pi_valid+pi_trans+pi_limit,account,composition_baseline,32,,account_core_b32,baseline,unbound,separate,3,local_financial_validity_32;state_transition_and_conservation_32;operating_limit_32,groth16,445,0.061021361000712204,0.8651550430004136,0.7737481190001745,0.0,1.6999245230013003,2412,22,True,,True,ok,
20260728T123050Z_paper_groth16,2026-07-28T13:00:23.090782+00:00,measured,3,29,32,local_validity_and_operating_limit_16,local_validity_and_operating_limit,pi_valid+pi_limit,account,composition,16,,valid_limit_b16,baseline,shared_witness,monolithic,1,local_validity_and_operating_limit_16,groth16,131,0.021102390999658382,0.2909172029999354,0.2635153649998756,0.0,0.5755349589994694,803,12,True,,True,ok,
20260728T123050Z_paper_groth16,2026-07-28T13:00:25.371299+00:00,measured,3,29,33,separate_account_budget_32,account_policy_with_privacy_budget,pi_valid+pi_trans+pi_limit+pi_budget,account,composition_baseline,32,,account_budget_b32,baseline,unbound,separate,4,local_financial_validity_32;state_transition_and_conservation_32;operating_limit_32;privacy_budget_32,groth16,617,0.07640354100021796,1.1841595400001097,1.0178666279998652,0.0,2.278429709000193,3219,38,True,,True,ok,
20260728T123050Z_paper_groth16,2026-07-28T13:00:25.978711+00:00,measured,3,29,34,local_validity_and_operating_limit_64,local_validity_and_operating_limit,pi_valid+pi_limit,account,composition,64,,valid_limit_b64,baseline,shared_witness,monolithic,1,local_validity_and_operating_limit_64,groth16,467,0.020812174000184314,0.31910670400020535,0.26683016000015414,0.0,0.6067490380005438,803,26,True,,True,ok,
20260728T123050Z_paper_groth16,2026-07-28T13:00:26.710975+00:00,measured,3,29,35,token_policy_bundle_32_depth_8,token_policy_bundle,pi_mem+pi_null+pi_valid+pi_budget,token,composition,32,8,token_bundle_b32_d8,baseline,shared_witness,monolithic,1,token_policy_bundle_32_depth_8,groth16,5525,0.04297818199984249,0.4382255589998749,0.25041910500021913,0.0,0.7316228459999365,804,261,True,,True,ok,
20260728T123050Z_paper_groth16,2026-07-28T13:00:29.278485+00:00,measured,3,29,36,linked_separate_account_budget_32,account_policy_with_privacy_budget,pi_valid+pi_trans+pi_limit+pi_budget,account,composition_baseline,32,,account_budget_b32,commitment_linked,tx_tag,separate,4,linked_account_budget_validity_32;linked_account_budget_transition_32;linked_account_budget_limit_32;linked_account_budget_budget_32,groth16,6333,0.2304102600000988,1.3130083569994895,1.0210213200002727,2.7419996513344813e-06,2.5644426789995123,3218,444,True,True,True,ok,
20260728T123050Z_paper_groth16,2026-07-28T13:00:29.860485+00:00,measured,3,29,37,account_policy_with_privacy_budget_64,account_policy_with_privacy_budget,pi_valid+pi_trans+pi_limit+pi_budget,account,composition,64,,account_budget_b64,baseline,shared_witness,monolithic,1,account_policy_with_privacy_budget_64,groth16,933,0.0213756690000082,0.31897295599992503,0.241048168999896,0.0,0.5813967939998292,806,50,True,,True,ok,
20260728T123050Z_paper_groth16,2026-07-28T13:00:30.440754+00:00,measured,3,29,38,account_policy_core_32,account_policy_core,pi_valid+pi_trans+pi_limit,account,composition,32,,account_core_b32,baseline,shared_witness,monolithic,1,account_policy_core_32,groth16,346,0.022774183999899833,0.29567956200025947,0.261219106000226,0.0,0.5796728520003853,807,16,True,,True,ok,
20260728T123050Z_paper_groth16,2026-07-28T13:00:31.603012+00:00,measured,3,29,39,separate_valid_limit_64,local_validity_and_operating_limit,pi_valid+pi_limit,account,composition_baseline,64,,valid_limit_b64,baseline,unbound,separate,2,local_financial_validity_64;operating_limit_64,groth16,532,0.04266769799960457,0.6104982000001655,0.5079530070001965,0.0,1.1611189049999666,1609,29,True,,True,ok,
20260728T123050Z_paper_groth16,2026-07-28T13:00:34.102622+00:00,measured,3,29,40,separate_token_bundle_32_depth_16,token_policy_bundle,pi_mem+pi_null+pi_valid+pi_budget,token,composition_baseline,32,16,token_bundle_b32_d16,baseline,unbound,separate,4,merkle_membership_depth_16;nullifier_correctness_poseidon;local_financial_validity_32;privacy_budget_32,groth16,9113,0.10902054899952418,1.3976275519999035,0.9908487720003905,0.0,2.497496872999818,3217,267,True,,True,ok,
20260728T123050Z_paper_groth16,2026-07-28T13:00:34.675805+00:00,measured,3,29,41,account_policy_with_privacy_budget_16,account_policy_with_privacy_budget,pi_valid+pi_trans+pi_limit+pi_budget,account,composition,16,,account_budget_b16,baseline,shared_witness,monolithic,1,account_policy_with_privacy_budget_16,groth16,261,0.022034764000181895,0.2985389059999761,0.2519516239999575,0.0,0.5725252940001155,803,21,True,,True,ok,
20260728T123050Z_paper_groth16,2026-07-28T13:00:35.235530+00:00,measured,3,29,42,local_financial_validity_64,local_financial_validity,pi_valid,account,individual_policy,64,,,,none,monolithic,1,local_financial_validity_64,groth16,200,0.020048202999987552,0.2967502000001332,0.24232087200016394,0.0,0.5591192750002847,803,3,True,,True,ok,
20260728T123050Z_paper_groth16,2026-07-28T13:00:36.122914+00:00,measured,3,29,43,linked_token_bundle_monolithic_32_depth_16,token_policy_bundle,pi_mem+pi_null+pi_valid+pi_budget,token,composition,32,16,token_bundle_b32_d16,commitment_linked,tx_tag,monolithic,1,linked_token_bundle_monolithic_32_depth_16,groth16,11114,0.06427341400012665,0.5536026400000083,0.26473132600040117,2.9570001061074436e-06,0.8826103370006422,807,342,True,True,True,ok,
20260728T123050Z_paper_groth16,2026-07-28T13:00:37.347110+00:00,measured,3,29,44,linked_separate_valid_limit_32,local_validity_and_operating_limit,pi_valid+pi_limit,account,composition_baseline,32,,valid_limit_b32,commitment_linked,tx_tag,separate,2,linked_valid_limit_validity_32;linked_valid_limit_limit_32,groth16,2210,0.07755691499960449,0.6459030869996241,0.4992795670000305,2.727000264712842e-06,1.2227422959995238,1606,196,True,True,True,ok,
20260728T123050Z_paper_groth16,2026-07-28T13:00:37.955218+00:00,measured,3,29,45,linked_valid_limit_monolithic_32,local_validity_and_operating_limit,pi_valid+pi_limit,account,composition,32,,valid_limit_b32,commitment_linked,tx_tag,monolithic,1,linked_valid_limit_monolithic_32,groth16,1210,0.03834773900007349,0.3217569690000346,0.2470658730003379,2.319000032002805e-06,0.607172900000478,806,98,True,True,True,ok,
20260728T123050Z_paper_groth16,2026-07-28T13:00:38.924067+00:00,measured,3,29,46,token_policy_bundle_32_depth_32,token_policy_bundle,pi_mem+pi_null+pi_valid+pi_budget,token,composition,32,32,token_bundle_b32_d32,baseline,shared_witness,monolithic,1,token_policy_bundle_32_depth_32,groth16,18005,0.04802030199971341,0.6520019560002766,0.26818193600001905,0.0,0.968204194000009,805,261,True,,True,ok,
20260728T123050Z_paper_groth16,2026-07-28T13:00:39.698362+00:00,measured,3,30,1,token_policy_bundle_32_depth_16,token_policy_bundle,pi_mem+pi_null+pi_valid+pi_budget,token,composition,32,16,token_bundle_b32_d16,baseline,shared_witness,monolithic,1,token_policy_bundle_32_depth_16,groth16,9685,0.04459594999980254,0.4794859449998512,0.2492348910000146,0.0,0.7733167859996684,805,260,True,,True,ok,
20260728T123050Z_paper_groth16,2026-07-28T13:00:41.989945+00:00,measured,3,30,2,separate_account_budget_32,account_policy_with_privacy_budget,pi_valid+pi_trans+pi_limit+pi_budget,account,composition_baseline,32,,account_budget_b32,baseline,unbound,separate,4,local_financial_validity_32;state_transition_and_conservation_32;operating_limit_32;privacy_budget_32,groth16,617,0.08207063000099879,1.1802657329994872,1.0271099790002154,0.0,2.2894463420007014,3224,38,True,,True,ok,
20260728T123050Z_paper_groth16,2026-07-28T13:00:42.569934+00:00,measured,3,30,3,account_policy_core_32,account_policy_core,pi_valid+pi_trans+pi_limit,account,composition,32,,account_core_b32,baseline,shared_witness,monolithic,1,account_policy_core_32,groth16,346,0.020533658000204014,0.29426673899979505,0.2642594359999748,0.0,0.5790598329999739,804,16,True,,True,ok,
20260728T123050Z_paper_groth16,2026-07-28T13:00:45.152955+00:00,measured,3,30,4,linked_separate_account_budget_32,account_policy_with_privacy_budget,pi_valid+pi_trans+pi_limit+pi_budget,account,composition_baseline,32,,account_budget_b32,commitment_linked,tx_tag,separate,4,linked_account_budget_validity_32;linked_account_budget_transition_32;linked_account_budget_limit_32;linked_account_budget_budget_32,groth16,6333,0.22778713799971229,1.329099297000539,1.0231684000000314,2.345999746466987e-06,2.5800571810000292,3217,444,True,True,True,ok,
20260728T123050Z_paper_groth16,2026-07-28T13:00:45.695509+00:00,measured,3,30,5,local_financial_validity_32,local_financial_validity,pi_valid,account,individual_policy,32,,,,none,monolithic,1,local_financial_validity_32,groth16,104,0.020231941000020015,0.27685730600023817,0.24479126400001405,0.0,0.5418805110002722,802,3,True,,True,ok,
20260728T123050Z_paper_groth16,2026-07-28T13:00:46.434096+00:00,measured,3,30,6,token_policy_bundle_32_depth_8,token_policy_bundle,pi_mem+pi_null+pi_valid+pi_budget,token,composition,32,8,token_bundle_b32_d8,baseline,shared_witness,monolithic,1,token_policy_bundle_32_depth_8,groth16,5525,0.04705216999991535,0.4570175429998926,0.23374560599995675,0.0,0.7378153189997647,806,261,True,,True,ok,
20260728T123050Z_paper_groth16,2026-07-28T13:00:48.654639+00:00,measured,3,30,7,separate_account_budget_64,account_policy_with_privacy_budget,pi_valid+pi_trans+pi_limit+pi_budget,account,composition_baseline,64,,account_budget_b64,baseline,unbound,separate,4,local_financial_validity_64;state_transition_and_conservation_64;operating_limit_64;privacy_budget_64,groth16,1193,0.07749914799933322,1.1498466210000515,0.991051471999981,0.0,2.2183972409993657,3218,58,True,,True,ok,
20260728T123050Z_paper_groth16,2026-07-28T13:00:51.119911+00:00,measured,3,30,8,separate_token_bundle_32_depth_8,token_policy_bundle,pi_mem+pi_null+pi_valid+pi_budget,token,composition_baseline,32,8,token_bundle_b32_d8,baseline,unbound,separate,4,merkle_membership_depth_8;nullifier_correctness_poseidon;local_financial_validity_32;privacy_budget_32,groth16,4953,0.11097705100019084,1.3097583609996946,1.0423933689999103,0.0,2.4631287809997957,3223,267,True,,True,ok,
20260728T123050Z_paper_groth16,2026-07-28T13:00:52.256691+00:00,measured,3,30,9,separate_valid_limit_32,local_validity_and_operating_limit,pi_valid+pi_limit,account,composition_baseline,32,,valid_limit_b32,baseline,unbound,separate,2,local_financial_validity_32;operating_limit_32,groth16,276,0.04171133899990309,0.5817759450001176,0.5120865769999909,0.0,1.1355738610000117,1611,19,True,,True,ok,
20260728T123050Z_paper_groth16,2026-07-28T13:00:52.818542+00:00,measured,3,30,10,state_transition_and_conservation_64,state_transition_and_conservation,pi_trans,account,individual_policy,64,,,,none,monolithic,1,state_transition_and_conservation_64,groth16,329,0.02197573300009026,0.28905166200001986,0.2502071019998766,0.0,0.5612344969999867,805,3,True,,True,ok,
20260728T123050Z_paper_groth16,2026-07-28T13:00:53.404431+00:00,measured,3,30,11,local_validity_and_operating_limit_64,local_validity_and_operating_limit,pi_valid+pi_limit,account,composition,64,,valid_limit_b64,baseline,shared_witness,monolithic,1,local_validity_and_operating_limit_64,groth16,467,0.02102318200013542,0.2936133569996855,0.27064295899981516,0.0,0.5852794979996361,805,26,True,,True,ok,
20260728T123050Z_paper_groth16,2026-07-28T13:00:54.280519+00:00,measured,3,30,12,linked_token_bundle_monolithic_32_depth_16,token_policy_bundle,pi_mem+pi_null+pi_valid+pi_budget,token,composition,32,16,token_bundle_b32_d16,commitment_linked,tx_tag,monolithic,1,linked_token_bundle_monolithic_32_depth_16,groth16,11114,0.06494898200026,0.5533481500001471,0.2550956009999936,2.1339997147151735e-06,0.8733948670001155,804,342,True,True,True,ok,
20260728T123050Z_paper_groth16,2026-07-28T13:00:54.849155+00:00,measured,3,30,13,local_validity_and_operating_limit_16,local_validity_and_operating_limit,pi_valid+pi_limit,account,composition,16,,valid_limit_b16,baseline,shared_witness,monolithic,1,local_validity_and_operating_limit_16,groth16,131,0.02067413199984003,0.29153513099981865,0.2558598460000212,0.0,0.5680691089996799,806,12,True,,True,ok,
20260728T123050Z_paper_groth16,2026-07-28T13:00:56.109764+00:00,measured,3,30,14,linked_separate_valid_limit_32,local_validity_and_operating_limit,pi_valid+pi_limit,account,composition_baseline,32,,valid_limit_b32,commitment_linked,tx_tag,separate,2,linked_valid_limit_validity_32;linked_valid_limit_limit_32,groth16,2210,0.08003198400001565,0.671955600000274,0.5068082579996371,2.7149999368702993e-06,1.2587985569998636,1607,196,True,True,True,ok,
20260728T123050Z_paper_groth16,2026-07-28T13:00:56.668512+00:00,measured,3,30,15,operating_limit_16,operating_limit,pi_limit,account,individual_policy,16,,,,none,monolithic,1,operating_limit_16,groth16,92,0.021290312000019185,0.28642398399961166,0.2504310969998187,0.0,0.5581453929994495,800,12,True,,True,ok,
20260728T123050Z_paper_groth16,2026-07-28T13:00:57.245183+00:00,measured,3,30,16,privacy_budget_32,privacy_budget,pi_budget,account,individual_policy,32,,,,none,monolithic,1,privacy_budget_32,groth16,172,0.020954380999683053,0.2944936929998221,0.26053081000009115,0.0,0.5759788839995963,802,16,True,,True,ok,
20260728T123050Z_paper_groth16,2026-07-28T13:00:57.815120+00:00,measured,3,30,17,local_financial_validity_64,local_financial_validity,pi_valid,account,individual_policy,64,,,,none,monolithic,1,local_financial_validity_64,groth16,200,0.02261280699985946,0.2891667850003614,0.2575278230001459,0.0,0.5693074150003667,804,3,True,,True,ok,
20260728T123050Z_paper_groth16,2026-07-28T13:00:58.422948+00:00,measured,3,30,18,account_policy_with_privacy_budget_64,account_policy_with_privacy_budget,pi_valid+pi_trans+pi_limit+pi_budget,account,composition,64,,account_budget_b64,baseline,shared_witness,monolithic,1,account_policy_with_privacy_budget_64,groth16,933,0.023268534999715484,0.33227592899993397,0.2516571109999859,0.0,0.6072015749996353,808,50,True,,True,ok,
20260728T123050Z_paper_groth16,2026-07-28T13:00:59.065286+00:00,measured,3,30,19,linked_valid_limit_monolithic_32,local_validity_and_operating_limit,pi_valid+pi_limit,account,composition,32,,valid_limit_b32,commitment_linked,tx_tag,monolithic,1,linked_valid_limit_monolithic_32,groth16,1210,0.03903916499984916,0.33650410900008865,0.2659306079999624,2.43399972532643e-06,0.6414763159996255,807,98,True,True,True,ok,
20260728T123050Z_paper_groth16,2026-07-28T13:00:59.780536+00:00,measured,3,30,20,merkle_membership_depth_8,merkle_membership,pi_mem,token,individual_policy,,8,,,none,monolithic,1,merkle_membership_depth_8,groth16,4160,0.04023180600006526,0.41560011299998223,0.2588117870000133,0.0,0.7146437060000608,804,84,True,,True,ok,
20260728T123050Z_paper_groth16,2026-07-28T13:01:00.361298+00:00,measured,3,30,21,account_policy_with_privacy_budget_32,account_policy_with_privacy_budget,pi_valid+pi_trans+pi_limit+pi_budget,account,composition,32,,account_budget_b32,baseline,shared_witness,monolithic,1,account_policy_with_privacy_budget_32,groth16,485,0.021580298000117182,0.30187458899990816,0.256676157000129,0.0,0.5801310440001544,805,30,True,,True,ok,
20260728T123050Z_paper_groth16,2026-07-28T13:01:00.939457+00:00,measured,3,30,22,privacy_budget_16,privacy_budget,pi_budget,account,individual_policy,16,,,,none,monolithic,1,privacy_budget_16,groth16,92,0.02107024699989779,0.2923288090000824,0.26414733700039505,0.0,0.5775463930003752,805,11,True,,True,ok,
20260728T123050Z_paper_groth16,2026-07-28T13:01:03.473099+00:00,measured,3,30,23,separate_token_bundle_32_depth_16,token_policy_bundle,pi_mem+pi_null+pi_valid+pi_budget,token,composition_baseline,32,16,token_bundle_b32_d16,baseline,unbound,separate,4,merkle_membership_depth_16;nullifier_correctness_poseidon;local_financial_validity_32;privacy_budget_32,groth16,9113,0.11935287200003586,1.39426469,1.0093050549999134,0.0,2.5229226169999492,3220,267,True,,True,ok,
20260728T123050Z_paper_groth16,2026-07-28T13:01:04.026159+00:00,measured,3,30,24,local_financial_validity_16,local_financial_validity,pi_valid,account,individual_policy,16,,,,none,monolithic,1,local_financial_validity_16,groth16,56,0.021627441000418912,0.2864048599999478,0.24435774900030083,0.0,0.5523900500006675,806,3,True,,True,ok,
20260728T123050Z_paper_groth16,2026-07-28T13:01:04.618327+00:00,measured,3,30,25,nullifier_correctness_poseidon,nullifier_correctness,pi_null,token,individual_policy,,,,,none,monolithic,1,nullifier_correctness_poseidon,groth16,517,0.03230969600008393,0.30891687899975295,0.25034791799998857,0.0,0.5915744929998255,808,164,True,,True,ok,
20260728T123050Z_paper_groth16,2026-07-28T13:01:05.420557+00:00,measured,3,30,26,merkle_membership_depth_16,merkle_membership,pi_mem,token,individual_policy,,16,,,none,monolithic,1,merkle_membership_depth_16,groth16,8320,0.04161294599998655,0.49420248699971125,0.2657791849997011,0.0,0.8015946179993989,805,84,True,,True,ok,
20260728T123050Z_paper_groth16,2026-07-28T13:01:07.672214+00:00,measured,3,30,27,separate_account_budget_16,account_policy_with_privacy_budget,pi_valid+pi_trans+pi_limit+pi_budget,account,composition_baseline,16,,account_budget_b16,baseline,unbound,separate,4,local_financial_validity_16;state_transition_and_conservation_16;operating_limit_16;privacy_budget_16,groth16,329,0.07959029599942369,1.1401201230005427,1.0298058690004837,0.0,2.24951628800045,3215,29,True,,True,ok,
20260728T123050Z_paper_groth16,2026-07-28T13:01:09.359111+00:00,measured,3,30,28,separate_account_core_64,account_policy_core,pi_valid+pi_trans+pi_limit,account,composition_baseline,64,,account_core_b64,baseline,unbound,separate,3,local_financial_validity_64;state_transition_and_conservation_64;operating_limit_64,groth16,861,0.06394820100013021,0.8596494700000221,0.7616155409996281,0.0,1.6852132119997805,2416,32,True,,True,ok,
20260728T123050Z_paper_groth16,2026-07-28T13:01:10.058163+00:00,measured,3,30,29,linked_account_budget_monolithic_32,account_policy_with_privacy_budget,pi_valid+pi_trans+pi_limit+pi_budget,account,composition,32,,account_budget_b32,commitment_linked,tx_tag,monolithic,1,linked_account_budget_monolithic_32,groth16,1914,0.0967394660001446,0.34036837500025285,0.2610206009999274,2.129999757016776e-06,0.6981305720000819,804,111,True,True,True,ok,
20260728T123050Z_paper_groth16,2026-07-28T13:01:11.167034+00:00,measured,3,30,30,separate_valid_limit_16,local_validity_and_operating_limit,pi_valid+pi_limit,account,composition_baseline,16,,valid_limit_b16,baseline,unbound,separate,2,local_financial_validity_16;operating_limit_16,groth16,148,0.042460848999780865,0.556747593000182,0.5084458310002447,0.0,1.1076542730002075,1609,15,True,,True,ok,
20260728T123050Z_paper_groth16,2026-07-28T13:01:11.755869+00:00,measured,3,30,31,operating_limit_64,operating_limit,pi_limit,account,individual_policy,64,,,,none,monolithic,1,operating_limit_64,groth16,332,0.02055475600036516,0.3121887910001533,0.25547851999999693,0.0,0.5882220670005154,805,26,True,,True,ok,
20260728T123050Z_paper_groth16,2026-07-28T13:01:12.328026+00:00,measured,3,30,32,operating_limit_32,operating_limit,pi_limit,account,individual_policy,32,,,,none,monolithic,1,operating_limit_32,groth16,172,0.022286330000042653,0.3085668540002189,0.24070116000029884,0.0,0.5715543440005604,805,16,True,,True,ok,
20260728T123050Z_paper_groth16,2026-07-28T13:01:13.272462+00:00,measured,3,30,33,merkle_membership_depth_32,merkle_membership,pi_mem,token,individual_policy,,32,,,none,monolithic,1,merkle_membership_depth_32,groth16,16640,0.04123579899987817,0.6640181410002697,0.23852214699991237,0.0,0.9437760870000602,807,84,True,,True,ok,
20260728T123050Z_paper_groth16,2026-07-28T13:01:13.884018+00:00,measured,3,30,34,privacy_budget_64,privacy_budget,pi_budget,account,individual_policy,64,,,,none,monolithic,1,privacy_budget_64,groth16,332,0.0188615160000154,0.29816699500042887,0.2939074249998157,0.0,0.61093593600026,805,26,True,,True,ok,
20260728T123050Z_paper_groth16,2026-07-28T13:01:15.049553+00:00,measured,3,30,35,separate_valid_limit_64,local_validity_and_operating_limit,pi_valid+pi_limit,account,composition_baseline,64,,valid_limit_b64,baseline,unbound,separate,2,local_financial_validity_64;operating_limit_64,groth16,532,0.042501890000039566,0.6035511399995812,0.5183780269994713,0.0,1.164431056999092,1608,29,True,,True,ok,
20260728T123050Z_paper_groth16,2026-07-28T13:01:16.724532+00:00,measured,3,30,36,separate_account_core_32,account_policy_core,pi_valid+pi_trans+pi_limit,account,composition_baseline,32,,account_core_b32,baseline,unbound,separate,3,local_financial_validity_32;state_transition_and_conservation_32;operating_limit_32,groth16,445,0.05995717000041623,0.8486928699994678,0.76471487300023,0.0,1.673364913000114,2410,22,True,,True,ok,
20260728T123050Z_paper_groth16,2026-07-28T13:01:19.552918+00:00,measured,3,30,37,linked_separate_token_bundle_32_depth_16,token_policy_bundle,pi_mem+pi_null+pi_valid+pi_budget,token,composition_baseline,32,16,token_bundle_b32_d16,commitment_linked,tx_tag,separate,4,linked_token_bundle_membership_32_depth_16;linked_token_bundle_nullifier_32_depth_16;linked_token_bundle_validity_32_depth_16;linked_token_bundle_budget_32_depth_16,groth16,15434,0.23358155700043426,1.5864257349999207,1.003555736999715,2.660000063769985e-06,2.8235656890001337,3221,1368,True,True,True,ok,
20260728T123050Z_paper_groth16,2026-07-28T13:01:21.289686+00:00,measured,3,30,38,separate_account_core_16,account_policy_core,pi_valid+pi_trans+pi_limit,account,composition_baseline,16,,account_core_b16,baseline,unbound,separate,3,local_financial_validity_16;state_transition_and_conservation_16;operating_limit_16,groth16,237,0.06110556899966468,0.8838834460007092,0.7814651679996132,0.0,1.726454182999987,2408,18,True,,True,ok,
20260728T123050Z_paper_groth16,2026-07-28T13:01:21.851638+00:00,measured,3,30,39,local_validity_and_operating_limit_32,local_validity_and_operating_limit,pi_valid+pi_limit,account,composition,32,,valid_limit_b32,baseline,shared_witness,monolithic,1,local_validity_and_operating_limit_32,groth16,243,0.019340014000135852,0.2922927869999512,0.24968308999996225,0.0,0.5613158910000493,806,16,True,,True,ok,
20260728T123050Z_paper_groth16,2026-07-28T13:01:22.396444+00:00,measured,3,30,40,state_transition_and_conservation_32,state_transition_and_conservation,pi_trans,account,individual_policy,32,,,,none,monolithic,1,state_transition_and_conservation_32,groth16,169,0.020892919000289112,0.2767332749999696,0.24659750799992253,0.0,0.5442237020001812,805,3,True,,True,ok,
20260728T123050Z_paper_groth16,2026-07-28T13:01:25.119279+00:00,measured,3,30,41,separate_token_bundle_32_depth_32,token_policy_bundle,pi_mem+pi_null+pi_valid+pi_budget,token,composition_baseline,32,32,token_bundle_b32_d32,baseline,unbound,separate,4,merkle_membership_depth_32;nullifier_correctness_poseidon;local_financial_validity_32;privacy_budget_32,groth16,17433,0.11523697400025412,1.5590168710000398,1.046362229999886,0.0,2.72061607500018,3219,267,True,,True,ok,
20260728T123050Z_paper_groth16,2026-07-28T13:01:25.684069+00:00,measured,3,30,42,account_policy_core_16,account_policy_core,pi_valid+pi_trans+pi_limit,account,composition,16,,account_core_b16,baseline,shared_witness,monolithic,1,account_policy_core_16,groth16,186,0.02042203700011669,0.2905191360000572,0.2531914699998197,0.0,0.5641326429999935,806,12,True,,True,ok,
20260728T123050Z_paper_groth16,2026-07-28T13:01:26.295150+00:00,measured,3,30,43,account_policy_core_64,account_policy_core,pi_valid+pi_trans+pi_limit,account,composition,64,,account_core_b64,baseline,shared_witness,monolithic,1,account_policy_core_64,groth16,666,0.02188464400023804,0.32586018200026956,0.26272463599980256,0.0,0.6104694620003102,803,26,True,,True,ok,
20260728T123050Z_paper_groth16,2026-07-28T13:01:27.333184+00:00,measured,3,30,44,token_policy_bundle_32_depth_32,token_policy_bundle,pi_mem+pi_null+pi_valid+pi_budget,token,composition,32,32,token_bundle_b32_d32,baseline,shared_witness,monolithic,1,token_policy_bundle_32_depth_32,groth16,18005,0.04878979699969932,0.7332525960000567,0.25529483900027117,0.0,1.0373372320000271,804,261,True,,True,ok,
20260728T123050Z_paper_groth16,2026-07-28T13:01:27.905073+00:00,measured,3,30,45,state_transition_and_conservation_16,state_transition_and_conservation,pi_trans,account,individual_policy,16,,,,none,monolithic,1,state_transition_and_conservation_16,groth16,89,0.02024686400000064,0.2926427570000669,0.2579509589995723,0.0,0.5708405799996399,806,3,True,,True,ok,
20260728T123050Z_paper_groth16,2026-07-28T13:01:28.492043+00:00,measured,3,30,46,account_policy_with_privacy_budget_16,account_policy_with_privacy_budget,pi_valid+pi_trans+pi_limit+pi_budget,account,composition,16,,account_budget_b16,baseline,shared_witness,monolithic,1,account_policy_with_privacy_budget_16,groth16,261,0.02107564200014167,0.30232025200029966,0.26294687299969155,0.0,0.5863427670001329,804,21,True,,True,ok,
